station_id,node_id,name,max_power_kw,num_connectors,price_per_kwh,total_sessions,total_energy_kwh,total_wait_min,total_charge_min,peak_queue,utilization_rate
EC_AP-2_000,AP-2_EC000,AP-2 existing cluster 0,15.0,3,0.4,22,739.8918033715306,285.8889248192776,3047.3069026941394,3,0.35269755818219206
EC_AP-2_001,AP-2_EC001,AP-2 existing cluster 1,22.0,2,0.4,21,861.777388968754,606.8517179099103,2438.121192973528,4,0.42328492933568196
EC_AP-2_002,AP-2_EC002,AP-2 existing cluster 2,60.0,2,0.4,50,1822.8463937280771,627.7352523744852,1863.2138872942278,4,0.32347463321080344
EC_AP-2_003,AP-2_EC003,AP-2 existing cluster 3,60.0,2,0.4,52,1912.8291057322606,606.46569956444,2001.1508806818695,7,0.3474220278961579
EC_AP-2_004,AP-2_EC004,AP-2 existing cluster 4,22.0,2,0.4,31,873.6162809236636,926.3476297076178,2471.051147627348,8,0.4290019353519702
EC_AP-2_005,AP-2_EC005,AP-2 existing cluster 5,22.0,2,0.4,19,835.5652696806086,611.8761766132509,2371.328481227704,3,0.41168897243536523
EC_AP-2_006,AP-2_EC006,AP-2 existing cluster 6,22.0,2,0.4,15,609.797799082208,68.62229627895942,1733.050303149576,2,0.30087678874124585
EC_AP-2_007,AP-2_EC007,AP-2 existing cluster 7,22.0,2,0.4,27,1275.2620681585045,9133.018655185082,3637.552608965915,11,0.6315195501676936
EC_AP-2_008,AP-2_EC008,AP-2 existing cluster 8,50.0,3,0.4,50,2168.4602293891676,229.38663179623518,2720.298675410638,2,0.31484938372808313
EC_AP-2_009,AP-2_EC009,AP-2 existing cluster 9,50.0,3,0.4,68,2495.328739089556,1017.7130835717512,3144.1640438622653,10,0.36390787544702147
STA_0003,STA_0003,Proposed AP-2 (STA_0003),150.0,4,0.4,245,8790.697295320979,2146.751294444162,4120.735871766716,12,0.3577027666464163
EC_A-2_000,A-2_EC000,A-2 existing cluster 0,350.0,37,0.4,4,157.22605534131216,0.0,56.331437926147906,0,0.0005286358664240607
EC_A-2_001,A-2_EC001,A-2 existing cluster 1,150.0,46,0.4,56,1742.7541087308794,0.0,744.3975855549135,0,0.005618943127678996
EC_A-2_002,A-2_EC002,A-2 existing cluster 2,50.0,27,0.4,1,41.986294386067925,0.0,50.383553263281506,0,0.0006479366417603074
EC_A-2_003,A-2_EC003,A-2 existing cluster 3,150.0,34,0.4,4,167.64486633214938,0.0,72.32354600869185,0,0.0007385983048273269
EC_A-2_004,A-2_EC004,A-2 existing cluster 4,50.0,67,0.4,3,112.93074883495993,0.0,135.51689860195194,0,0.0007023056519587062
EC_A-2_005,A-2_EC005,A-2 existing cluster 5,150.0,22,0.4,10,389.92087920108156,0.0,160.4741303015498,0,0.0025327356423855713
EC_A-2_006,A-2_EC006,A-2 existing cluster 6,150.0,24,0.4,3,136.04598921790284,0.0,62.43944514131334,0,0.0009033484540120565
EC_A-2_007,A-2_EC007,A-2 existing cluster 7,50.0,22,0.4,23,911.5995972682608,0.0,1097.1767327730315,0,0.01731655196927133
EC_A-2_008,A-2_EC008,A-2 existing cluster 8,150.0,35,0.4,3,94.9083501585402,0.0,40.675007210802946,0,0.0004035218969325689
EC_A-2_009,A-2_EC009,A-2 existing cluster 9,150.0,64,0.4,2,75.50656486082958,0.0,30.202625944331835,0,0.00016385973277089754
EC_A-2_010,A-2_EC010,A-2 existing cluster 10,172.0,37,0.4,1,37.47862138686396,0.0,13.07393769309208,0,0.00012269085672946773
EC_A-2_011,A-2_EC011,A-2 existing cluster 11,150.0,17,0.4,80,2790.5065303296205,0.0,1253.2321263334775,0,0.025597061403870046
EC_A-2_012,A-2_EC012,A-2 existing cluster 12,150.0,17,0.4,15,503.19671817228163,0.0,239.75794788172067,0,0.00489701690934887
EC_A-2_013,A-2_EC013,A-2 existing cluster 13,300.0,21,0.4,6,275.97538290516286,0.0,102.11619922295341,0,0.0016884292199562403
EC_A-2_014,A-2_EC014,A-2 existing cluster 14,150.0,40,0.4,24,864.6107232585321,0.0,360.604231340987,0,0.0031302450637238455
EC_A-2_015,A-2_EC015,A-2 existing cluster 15,200.0,32,0.4,7,292.41192573783053,0.0,106.02280517347002,0,0.001150421063080187
EC_A-2_016,A-2_EC016,A-2 existing cluster 16,320.0,49,0.4,119,4075.546523936844,0.0,1856.6269546789201,0,0.01315637014369983
EC_A-2_017,A-2_EC017,A-2 existing cluster 17,120.0,34,0.4,15,531.113675584368,0.0,268.36898980278943,0,0.0027406963827899247
EC_A-2_018,A-2_EC018,A-2 existing cluster 18,360.0,34,0.4,1,38.527943235694785,0.0,17.12353032697546,0,0.000174872654483001
EC_A-2_019,A-2_EC019,A-2 existing cluster 19,50.0,31,0.4,11,410.03762605345065,0.0,493.8219254576892,0,0.005531159559337916
EC_A-2_020,A-2_EC020,A-2 existing cluster 20,150.0,45,0.4,6,216.17955805043124,0.0,93.40779463010831,0,0.0007207391560965148
EC_A-2_021,A-2_EC021,A-2 existing cluster 21,300.0,36,0.4,319,11400.373664200428,0.0,4149.512036411323,0,0.0400222997339055
EC_A-2_022,A-2_EC022,A-2 existing cluster 22,350.0,71,0.4,894,25647.93473019865,0.0,10682.770920641384,0,0.052243598007831495
EC_A-2_023,A-2_EC023,A-2 existing cluster 23,300.0,34,0.4,392,14646.784411434244,0.0,5353.753899550581,0,0.0546747743009659
EC_A-2_024,A-2_EC024,A-2 existing cluster 24,300.0,22,0.4,34,1349.3440378094745,0.0,442.1221591347083,0,0.006977938117656381
EC_A-2_025,A-2_EC025,A-2 existing cluster 25,300.0,43,0.4,23,877.2048202395458,0.0,329.66771737939604,0,0.0026620455214744513
EC_A-2_026,A-2_EC026,A-2 existing cluster 26,150.0,37,0.4,630,12443.200425089544,0.0,6065.196494951456,0,0.05691813527544534
EC_A-2_027,A-2_EC027,A-2 existing cluster 27,250.0,37,0.4,708,14088.958749878791,0.0,5507.048760226129,0,0.05168026238950947
EC_A-2_028,A-2_EC028,A-2 existing cluster 28,350.0,28,0.4,188,6239.52409514518,0.0,2469.4169336866958,0,0.0306227298324243
EC_A-2_029,A-2_EC029,A-2 existing cluster 29,300.0,25,0.4,312,5816.590677437736,0.0,2451.893983325668,0,0.03405408310174539
EC_A-2_030,A-2_EC030,A-2 existing cluster 30,150.0,40,0.4,0,0.0,0.0,0.0,0,0.0
EC_A-2_031,A-2_EC031,A-2 existing cluster 31,350.0,32,0.4,6,178.12387317047353,0.0,81.46360554673583,0,0.0008839366921303801
EC_A-2_032,A-2_EC032,A-2 existing cluster 32,240.0,33,0.4,118,3790.3189119906033,0.0,1470.7723247487118,0,0.015475298029763381
EC_A-2_033,A-2_EC033,A-2 existing cluster 33,150.0,27,0.4,17,511.310417692833,0.0,238.85048559927586,0,0.0030716369032828686
EC_A-2_034,A-2_EC034,A-2 existing cluster 34,60.0,31,0.4,12,424.7832552251731,0.0,424.7832552251731,0,0.004757876962647548
EC_A-2_035,A-2_EC035,A-2 existing cluster 35,350.0,31,0.4,0,0.0,0.0,0.0,0,0.0
EC_A-2_036,A-2_EC036,A-2 existing cluster 36,60.0,31,0.4,10,325.00221532029815,0.0,325.00221532029815,0,0.003640257788085777
EC_A-2_037,A-2_EC037,A-2 existing cluster 37,80.0,32,0.4,11,330.20433118066853,0.0,247.65324838550134,0,0.0026872097264051794
EC_A-2_038,A-2_EC038,A-2 existing cluster 38,50.0,51,0.4,137,4019.22145393916,0.0,4823.065744726992,0,0.03283677658447026
EC_A-2_039,A-2_EC039,A-2 existing cluster 39,320.0,29,0.4,3,100.1247999257111,0.0,33.51453671836404,0,0.0004012755833137457
EC_A-2_040,A-2_EC040,A-2 existing cluster 40,300.0,49,0.4,0,0.0,0.0,0.0,0,0.0
EC_AP-7_000,AP-7_EC000,AP-7 existing cluster 0,150.0,27,0.4,0,0.0,0.0,0.0,0,0.0
EC_AP-7_001,AP-7_EC001,AP-7 existing cluster 1,250.0,43,0.4,0,0.0,0.0,0.0,0,0.0
EC_AP-7_002,AP-7_EC002,AP-7 existing cluster 2,60.0,32,0.4,0,0.0,0.0,0.0,0,0.0
EC_AP-7_003,AP-7_EC003,AP-7 existing cluster 3,250.0,28,0.4,0,0.0,0.0,0.0,0,0.0
EC_AP-7_004,AP-7_EC004,AP-7 existing cluster 4,320.0,28,0.4,0,0.0,0.0,0.0,0,0.0
EC_AP-7_005,AP-7_EC005,AP-7 existing cluster 5,100.0,35,0.4,0,0.0,0.0,0.0,0,0.0
EC_AP-7_006,AP-7_EC006,AP-7 existing cluster 6,150.0,25,0.4,0,0.0,0.0,0.0,0,0.0
EC_AP-7_007,AP-7_EC007,AP-7 existing cluster 7,320.0,23,0.4,0,0.0,0.0,0.0,0,0.0
EC_AP-7_008,AP-7_EC008,AP-7 existing cluster 8,100.0,35,0.4,0,0.0,0.0,0.0,0,0.0
EC_AP-7_009,AP-7_EC009,AP-7 existing cluster 9,180.0,38,0.4,0,0.0,0.0,0.0,0,0.0
EC_AP-7_010,AP-7_EC010,AP-7 existing cluster 10,50.0,28,0.4,0,0.0,0.0,0.0,0,0.0
EC_AP-7_011,AP-7_EC011,AP-7 existing cluster 11,250.0,37,0.4,0,0.0,0.0,0.0,0,0.0
EC_AP-7_012,AP-7_EC012,AP-7 existing cluster 12,150.0,47,0.4,0,0.0,0.0,0.0,0,0.0
EC_AP-7_013,AP-7_EC013,AP-7 existing cluster 13,50.0,33,0.4,0,0.0,0.0,0.0,0,0.0
EC_AP-7_014,AP-7_EC014,AP-7 existing cluster 14,60.0,56,0.4,0,0.0,0.0,0.0,0,0.0
EC_AP-7_015,AP-7_EC015,AP-7 existing cluster 15,200.0,40,0.4,0,0.0,0.0,0.0,0,0.0
EC_AP-7_016,AP-7_EC016,AP-7 existing cluster 16,200.0,35,0.4,0,0.0,0.0,0.0,0,0.0
EC_AP-7_017,AP-7_EC017,AP-7 existing cluster 17,150.0,57,0.4,0,0.0,0.0,0.0,0,0.0
EC_AP-7_018,AP-7_EC018,AP-7 existing cluster 18,240.0,51,0.4,0,0.0,0.0,0.0,0,0.0
EC_AP-7_019,AP-7_EC019,AP-7 existing cluster 19,150.0,20,0.4,0,0.0,0.0,0.0,0,0.0
EC_AP-7_020,AP-7_EC020,AP-7 existing cluster 20,150.0,85,0.4,0,0.0,0.0,0.0,0,0.0
EC_AP-7_021,AP-7_EC021,AP-7 existing cluster 21,50.0,26,0.4,0,0.0,0.0,0.0,0,0.0
EC_AP-7_022,AP-7_EC022,AP-7 existing cluster 22,55.0,32,0.4,0,0.0,0.0,0.0,0,0.0
EC_AP-7_023,AP-7_EC023,AP-7 existing cluster 23,150.0,30,0.4,220,7074.309918648457,0.0,3029.079654064226,0,0.035058792292410025
EC_AP-7_024,AP-7_EC024,AP-7 existing cluster 24,150.0,47,0.4,209,5079.1613146929585,0.0,2240.6744841793175,0,0.01655344624836966
EC_AP-7_025,AP-7_EC025,AP-7 existing cluster 25,250.0,42,0.4,389,10768.788432172998,0.0,4148.47425137433,0,0.03429624877128249
EC_AP-7_026,AP-7_EC026,AP-7 existing cluster 26,150.0,32,0.4,314,10938.0552780674,0.0,4905.6196414257965,0,0.05322937978977644
EC_AP-7_027,AP-7_EC027,AP-7 existing cluster 27,250.0,37,0.4,26,991.5027585843777,0.0,463.6240501019133,0,0.004350826296001439
EC_AP-7_028,AP-7_EC028,AP-7 existing cluster 28,350.0,23,0.4,64,2066.8537656250255,0.0,993.8166988374363,0,0.015003271419647288
EC_AP-7_029,AP-7_EC029,AP-7 existing cluster 29,60.0,24,0.4,17,605.4706372027583,0.0,626.7672292959872,0,0.009067812923842409
EC_AP-7_030,AP-7_EC030,AP-7 existing cluster 30,50.0,27,0.4,7,334.6027022403329,0.0,423.82061129473897,0,0.005450367943605182
EC_AP-7_031,AP-7_EC031,AP-7 existing cluster 31,350.0,30,0.4,14,526.2558281783471,0.0,263.5826092371045,0,0.003050724643947969
EC_AP-7_032,AP-7_EC032,AP-7 existing cluster 32,100.0,32,0.4,84,3150.4356729845404,0.0,1890.2614037907235,0,0.02051064891265976
EC_AP-7_033,AP-7_EC033,AP-7 existing cluster 33,350.0,30,0.4,8,359.96691871823487,0.0,128.51287502241547,0,0.0014874175349816605
EC_AP-7_034,AP-7_EC034,AP-7 existing cluster 34,250.0,42,0.4,0,0.0,0.0,0.0,0,0.0
EC_AP-7_035,AP-7_EC035,AP-7 existing cluster 35,150.0,26,0.4,92,3556.913165245831,0.0,1615.1989442865734,0,0.02157049872177582
EC_AP-7_036,AP-7_EC036,AP-7 existing cluster 36,60.0,30,0.4,3,128.5806701319657,0.0,131.24368383059584,0,0.001519024118409674
EC_A-7_000,A-7_EC000,A-7 existing cluster 0,30.0,27,0.4,0,0.0,0.0,0.0,0,0.0
EC_A-7_001,A-7_EC001,A-7 existing cluster 1,250.0,29,0.4,0,0.0,0.0,0.0,0,0.0
EC_A-7_002,A-7_EC002,A-7 existing cluster 2,175.0,28,0.4,0,0.0,0.0,0.0,0,0.0
EC_A-7_003,A-7_EC003,A-7 existing cluster 3,250.0,30,0.4,0,0.0,0.0,0.0,0,0.0
EC_A-7_004,A-7_EC004,A-7 existing cluster 4,320.0,29,0.4,0,0.0,0.0,0.0,0,0.0
EC_A-7_005,A-7_EC005,A-7 existing cluster 5,150.0,32,0.4,0,0.0,0.0,0.0,0,0.0
EC_A-7_006,A-7_EC006,A-7 existing cluster 6,350.0,38,0.4,0,0.0,0.0,0.0,0,0.0
EC_A-7_007,A-7_EC007,A-7 existing cluster 7,50.0,37,0.4,254,6153.125592180869,0.0,7385.965228330361,0,0.06931273675234949
EC_A-7_008,A-7_EC008,A-7 existing cluster 8,120.0,22,0.4,213,7219.198765177766,0.0,3609.6539315762766,0,0.05697054816250437
EC_A-7_009,A-7_EC009,A-7 existing cluster 9,250.0,49,0.4,457,12252.097704796395,0.0,4832.888001465191,0,0.034246655339180775
EC_A-7_010,A-7_EC010,A-7 existing cluster 10,120.0,31,0.4,7,214.54834706492147,0.0,107.27417353246074,0,0.0012015476426126875
EC_A-7_011,A-7_EC011,A-7 existing cluster 11,150.0,35,0.4,14,526.873618055887,0.0,226.69693070952545,0,0.002248977487197673
EC_A-7_012,A-7_EC012,A-7 existing cluster 12,150.0,36,0.4,25,745.7280853041651,0.0,345.4324220961592,0,0.003331717034106474
EC_A-7_013,A-7_EC013,A-7 existing cluster 13,150.0,29,0.4,0,0.0,0.0,0.0,0,0.0
EC_A-7_014,A-7_EC014,A-7 existing cluster 14,150.0,25,0.4,2,67.99206069419809,0.0,28.091089654820248,0,0.00039015402298361456
EC_A-7_015,A-7_EC015,A-7 existing cluster 15,120.0,29,0.4,68,1606.0860928632515,0.0,803.0430464316257,0,0.009614979004210078
EC_A-7_016,A-7_EC016,A-7 existing cluster 16,150.0,36,0.4,273,10088.348697068379,0.0,4540.972382945637,0,0.04379795894044789
EC_A-7_017,A-7_EC017,A-7 existing cluster 17,150.0,33,0.4,335,12723.448470237508,0.0,5434.640808741445,0,0.057182668442144834
EC_A-7_018,A-7_EC018,A-7 existing cluster 18,360.0,57,0.4,222,6731.336778970743,0.0,2410.269903852012,0,0.0146824433714182
EC_A-7_019,A-7_EC019,A-7 existing cluster 19,50.0,44,0.4,0,0.0,0.0,0.0,0,0.0
EC_A-7_020,A-7_EC020,A-7 existing cluster 20,1000.0,30,0.4,0,0.0,0.0,0.0,0,0.0
EC_A-7_021,A-7_EC021,A-7 existing cluster 21,250.0,33,0.4,0,0.0,0.0,0.0,0,0.0
EC_A-7_022,A-7_EC022,A-7 existing cluster 22,350.0,21,0.4,0,0.0,0.0,0.0,0,0.0
EC_A-7_023,A-7_EC023,A-7 existing cluster 23,350.0,56,0.4,17,701.6857391395693,0.0,231.77913893125768,0,0.00143712263722258
EC_A-7_024,A-7_EC024,A-7 existing cluster 24,120.0,68,0.4,53,2129.0844696689596,0.0,1064.5422348344798,0,0.005435775300421159
EC_A-7_025,A-7_EC025,A-7 existing cluster 25,250.0,40,0.4,16,395.69687439120014,0.0,162.83476118856592,0,0.001413496190872968
EC_A-7_026,A-7_EC026,A-7 existing cluster 26,230.0,36,0.4,0,0.0,0.0,0.0,0,0.0
EC_A-7_027,A-7_EC027,A-7 existing cluster 27,150.0,23,0.4,0,0.0,0.0,0.0,0,0.0
EC_A-7_028,A-7_EC028,A-7 existing cluster 28,60.0,32,0.4,0,0.0,0.0,0.0,0,0.0
EC_A-7_029,A-7_EC029,A-7 existing cluster 29,150.0,26,0.4,0,0.0,0.0,0.0,0,0.0
EC_A-7_030,A-7_EC030,A-7 existing cluster 30,60.0,23,0.4,0,0.0,0.0,0.0,0,0.0
EC_A-7_031,A-7_EC031,A-7 existing cluster 31,250.0,34,0.4,0,0.0,0.0,0.0,0,0.0
EC_A-7_032,A-7_EC032,A-7 existing cluster 32,150.0,32,0.4,0,0.0,0.0,0.0,0,0.0
EC_A-7_033,A-7_EC033,A-7 existing cluster 33,60.0,27,0.4,0,0.0,0.0,0.0,0,0.0
EC_A-7_034,A-7_EC034,A-7 existing cluster 34,250.0,37,0.4,0,0.0,0.0,0.0,0,0.0
EC_A-7_035,A-7_EC035,A-7 existing cluster 35,98.0,27,0.4,0,0.0,0.0,0.0,0,0.0
EC_A-7_036,A-7_EC036,A-7 existing cluster 36,150.0,25,0.4,0,0.0,0.0,0.0,0,0.0
EC_A-7_037,A-7_EC037,A-7 existing cluster 37,100.0,39,0.4,0,0.0,0.0,0.0,0,0.0
EC_A-7_038,A-7_EC038,A-7 existing cluster 38,100.0,28,0.4,0,0.0,0.0,0.0,0,0.0
EC_A-7_039,A-7_EC039,A-7 existing cluster 39,100.0,29,0.4,0,0.0,0.0,0.0,0,0.0
EC_A-7_040,A-7_EC040,A-7 existing cluster 40,100.0,32,0.4,0,0.0,0.0,0.0,0,0.0
EC_A-7S_000,A-7S_EC000,A-7S existing cluster 0,30.0,27,0.4,677,22578.84421782225,253384.70919765465,45157.69961807876,302,0.580731733771589
EC_A-7S_001,A-7S_EC001,A-7S existing cluster 1,250.0,29,0.4,0,0.0,0.0,0.0,0,0.0
EC_A-7S_002,A-7S_EC002,A-7S existing cluster 2,175.0,28,0.4,0,0.0,0.0,0.0,0,0.0
EC_A-7S_003,A-7S_EC003,A-7S existing cluster 3,250.0,30,0.4,0,0.0,0.0,0.0,0,0.0
EC_A-7S_004,A-7S_EC004,A-7S existing cluster 4,320.0,29,0.4,0,0.0,0.0,0.0,0,0.0
EC_A-7S_005,A-7S_EC005,A-7S existing cluster 5,150.0,32,0.4,1,25.223098592848963,0.0,10.80989939693527,0,0.00011729491533132889
EC_A-7S_006,A-7S_EC006,A-7S existing cluster 6,350.0,38,0.4,1,25.17272923045829,0.0,10.788312527339267,0,9.857741709922575e-05
EC_A-7S_007,A-7S_EC007,A-7S existing cluster 7,50.0,37,0.4,0,0.0,0.0,0.0,0,0.0
EC_A-7S_008,A-7S_EC008,A-7S existing cluster 8,120.0,22,0.4,0,0.0,0.0,0.0,0,0.0
EC_A-7S_009,A-7S_EC009,A-7S existing cluster 9,250.0,49,0.4,0,0.0,0.0,0.0,0,0.0
EC_A-7S_010,A-7S_EC010,A-7S existing cluster 10,120.0,31,0.4,0,0.0,0.0,0.0,0,0.0
EC_A-7S_011,A-7S_EC011,A-7S existing cluster 11,150.0,35,0.4,0,0.0,0.0,0.0,0,0.0
EC_A-7S_012,A-7S_EC012,A-7S existing cluster 12,150.0,36,0.4,0,0.0,0.0,0.0,0,0.0
EC_A-7S_013,A-7S_EC013,A-7S existing cluster 13,150.0,29,0.4,0,0.0,0.0,0.0,0,0.0
EC_A-7S_014,A-7S_EC014,A-7S existing cluster 14,150.0,25,0.4,0,0.0,0.0,0.0,0,0.0
EC_A-7S_015,A-7S_EC015,A-7S existing cluster 15,120.0,29,0.4,0,0.0,0.0,0.0,0,0.0
EC_A-7S_016,A-7S_EC016,A-7S existing cluster 16,150.0,36,0.4,107,2581.944466966713,0.0,1128.3183071351775,0,0.010882699721597005
EC_A-7S_017,A-7S_EC017,A-7S existing cluster 17,150.0,33,0.4,38,1053.4483868103218,0.0,477.7952302592785,0,0.005027306715691062
EC_A-7S_018,A-7S_EC018,A-7S existing cluster 18,360.0,57,0.4,90,2484.619779796452,0.0,1134.3584649686595,0,0.006910078368473803
EC_A-7S_019,A-7S_EC019,A-7S existing cluster 19,50.0,44,0.4,255,8932.2319634472,0.0,10718.711190542657,0,0.08458578906678234
EC_A-7S_020,A-7S_EC020,A-7S existing cluster 20,1000.0,30,0.4,30,1062.8351023993516,0.0,366.55528426341175,0,0.004242538012308007
EC_A-7S_021,A-7S_EC021,A-7S existing cluster 21,250.0,33,0.4,13,443.9435995761852,0.0,186.5492542678481,0,0.001962849897599412
EC_A-7S_022,A-7S_EC022,A-7S existing cluster 22,350.0,21,0.4,2,67.45737229434685,0.0,33.72868614717343,0,0.0005576833026979734
EC_A-7S_023,A-7S_EC023,A-7S existing cluster 23,350.0,56,0.4,0,0.0,0.0,0.0,0,0.0
EC_A-7S_024,A-7S_EC024,A-7S existing cluster 24,120.0,68,0.4,0,0.0,0.0,0.0,0,0.0
EC_A-7S_025,A-7S_EC025,A-7S existing cluster 25,250.0,40,0.4,0,0.0,0.0,0.0,0,0.0
EC_A-7S_026,A-7S_EC026,A-7S existing cluster 26,230.0,36,0.4,217,6328.825946529013,0.0,2531.0160136976524,0,0.02441180568767026
EC_A-7S_027,A-7S_EC027,A-7S existing cluster 27,150.0,23,0.4,100,2566.191555859181,0.0,1218.3666596545186,0,0.018393216480291644
EC_A-7S_028,A-7S_EC028,A-7S existing cluster 28,60.0,32,0.4,9,282.7909622251155,0.0,282.7909622251155,0,0.0030684783227551593
EC_A-7S_029,A-7S_EC029,A-7S existing cluster 29,150.0,26,0.4,20,745.0013284125141,0.0,328.2370642344845,0,0.004383507802276769
EC_A-7S_030,A-7S_EC030,A-7S existing cluster 30,60.0,23,0.4,24,852.5587140646998,0.0,856.7277299914888,0,0.012933691575958466
EC_A-7S_031,A-7S_EC031,A-7S existing cluster 31,250.0,34,0.4,141,4249.07519246074,0.0,1644.8959176147173,0,0.016798365171718926
EC_A-7S_032,A-7S_EC032,A-7S existing cluster 32,150.0,32,0.4,1,42.14387816781742,0.0,22.015487471005486,0,0.0002388833275933755
EC_A-7S_033,A-7S_EC033,A-7S existing cluster 33,60.0,27,0.4,3,103.5000458619738,0.0,103.5000458619738,0,0.0013310191083072763
EC_A-7S_034,A-7S_EC034,A-7S existing cluster 34,250.0,37,0.4,73,2461.5332945394653,0.0,989.7776338590688,0,0.00928845377119997
EC_A-7S_035,A-7S_EC035,A-7S existing cluster 35,98.0,27,0.4,6,221.6155469915012,0.0,136.18348048804432,0,0.0017513307675931626
EC_A-7S_036,A-7S_EC036,A-7S existing cluster 36,150.0,25,0.4,1,47.091120088785566,0.0,18.836448035514227,0,0.0002616173338265865
EC_A-7S_037,A-7S_EC037,A-7S existing cluster 37,100.0,39,0.4,0,0.0,0.0,0.0,0,0.0
EC_A-7S_038,A-7S_EC038,A-7S existing cluster 38,100.0,28,0.4,0,0.0,0.0,0.0,0,0.0
EC_A-7S_039,A-7S_EC039,A-7S existing cluster 39,100.0,29,0.4,0,0.0,0.0,0.0,0,0.0
EC_A-7S_040,A-7S_EC040,A-7S existing cluster 40,100.0,32,0.4,1,52.22459455636033,0.0,33.006245105909215,0,0.00035814068040266076
EC_A-3_000,A-3_EC000,A-3 existing cluster 0,22.0,37,0.4,322,7069.365042909917,193.31798654315526,19298.84713861951,8,0.18110779972428218
EC_A-3_001,A-3_EC001,A-3 existing cluster 1,100.0,37,0.4,1,52.27003269489559,0.0,32.99009270663835,0,0.0003095917108355701
EC_A-3_002,A-3_EC002,A-3 existing cluster 2,150.0,19,0.4,0,0.0,0.0,0.0,0,0.0
EC_A-3_003,A-3_EC003,A-3 existing cluster 3,120.0,36,0.4,3,99.64447851268588,0.0,51.137147049554,0,0.0004932209399069637
EC_A-3_004,A-3_EC004,A-3 existing cluster 4,100.0,44,0.4,1,43.7649912524962,0.0,27.39125281601385,0,0.00021615571982334163
EC_A-3_005,A-3_EC005,A-3 existing cluster 5,150.0,29,0.4,0,0.0,0.0,0.0,0,0.0
EC_A-3_006,A-3_EC006,A-3 existing cluster 6,60.0,41,0.4,0,0.0,0.0,0.0,0,0.0
EC_A-3_007,A-3_EC007,A-3 existing cluster 7,60.0,68,0.4,3,71.10065078178107,0.0,71.10065078178107,0,0.00036305479361612065
EC_A-3_008,A-3_EC008,A-3 existing cluster 8,60.0,27,0.4,0,0.0,0.0,0.0,0,0.0
EC_A-3_009,A-3_EC009,A-3 existing cluster 9,150.0,31,0.4,90,3144.256866168959,0.0,1502.8294770819407,0,0.016832767440433924
EC_A-3_010,A-3_EC010,A-3 existing cluster 10,350.0,35,0.4,347,11804.571844547909,0.0,4125.046512735071,0,0.040923080483482845
EC_A-3_011,A-3_EC011,A-3 existing cluster 11,350.0,54,0.4,619,14730.072745960604,0.0,6017.190508298452,0,0.03869078258936762
EC_A-3_012,A-3_EC012,A-3 existing cluster 12,300.0,41,0.4,663,18738.72428977119,0.0,6415.231501594063,0,0.054329535074475466
EC_A-3_013,A-3_EC013,A-3 existing cluster 13,320.0,27,0.4,39,1605.8153409515696,0.0,611.6836019190586,0,0.007866301465008468
EC_A-3_014,A-3_EC014,A-3 existing cluster 14,320.0,41,0.4,0,0.0,0.0,0.0,0,0.0
EC_A-3_015,A-3_EC015,A-3 existing cluster 15,120.0,37,0.4,0,0.0,0.0,0.0,0,0.0
EC_A-3_016,A-3_EC016,A-3 existing cluster 16,150.0,40,0.4,216,4596.7965403294365,0.0,1963.0870526283861,0,0.01704068622073252
EC_A-3_017,A-3_EC017,A-3 existing cluster 17,120.0,24,0.4,1558,18288.853140361323,0.0,11177.056109086796,0,0.1617050941708159
EC_AP-4_000,AP-4_EC000,AP-4 existing cluster 0,50.0,4,0.4,128,3308.5123520019224,621.5157767559497,3983.011322259173,4,0.3457475106127754
EC_AP-4_001,AP-4_EC001,AP-4 existing cluster 1,150.0,2,0.4,0,0.0,0.0,0.0,0,0.0
EC_AP-4_002,AP-4_EC002,AP-4 existing cluster 2,50.0,3,0.4,0,0.0,0.0,0.0,0,0.0
EC_AP-4_003,AP-4_EC003,AP-4 existing cluster 3,50.0,3,0.4,0,0.0,0.0,0.0,0,0.0
EC_AP-4_004,AP-4_EC004,AP-4 existing cluster 4,100.0,12,0.4,0,0.0,0.0,0.0,0,0.0
EC_AP-4_005,AP-4_EC005,AP-4 existing cluster 5,22.17,2,0.4,0,0.0,0.0,0.0,0,0.0
EC_AP-4_006,AP-4_EC006,AP-4 existing cluster 6,100.0,4,0.4,0,0.0,0.0,0.0,0,0.0
EC_AP-4_007,AP-4_EC007,AP-4 existing cluster 7,100.0,4,0.4,0,0.0,0.0,0.0,0,0.0
EC_AP-4_008,AP-4_EC008,AP-4 existing cluster 8,22.17,2,0.4,0,0.0,0.0,0.0,0,0.0
EC_A-4_000,A-4_EC000,A-4 existing cluster 0,100.0,49,0.4,0,0.0,0.0,0.0,0,0.0
EC_A-4_001,A-4_EC001,A-4 existing cluster 1,240.0,38,0.4,0,0.0,0.0,0.0,0,0.0
EC_A-4_002,A-4_EC002,A-4 existing cluster 2,180.0,48,0.4,2,96.23993713605921,0.0,37.18595258445653,0,0.0002689956060796913
EC_A-4_003,A-4_EC003,A-4 existing cluster 3,100.0,63,0.4,0,0.0,0.0,0.0,0,0.0
EC_A-4_004,A-4_EC004,A-4 existing cluster 4,150.0,41,0.4,0,0.0,0.0,0.0,0,0.0
EC_A-4_005,A-4_EC005,A-4 existing cluster 5,180.0,52,0.4,0,0.0,0.0,0.0,0,0.0
EC_A-4_006,A-4_EC006,A-4 existing cluster 6,150.0,33,0.4,0,0.0,0.0,0.0,0,0.0
EC_A-4_007,A-4_EC007,A-4 existing cluster 7,150.0,29,0.4,0,0.0,0.0,0.0,0,0.0
EC_A-4_008,A-4_EC008,A-4 existing cluster 8,150.0,50,0.4,0,0.0,0.0,0.0,0,0.0
EC_A-4_009,A-4_EC009,A-4 existing cluster 9,100.0,28,0.4,0,0.0,0.0,0.0,0,0.0
EC_A-4_010,A-4_EC010,A-4 existing cluster 10,250.0,42,0.4,5,206.80941867438816,0.0,106.22838586271392,0,0.0008782108619602672
EC_A-4_011,A-4_EC011,A-4 existing cluster 11,210.0,35,0.4,6,139.2716479501038,0.0,63.70541895827821,0,0.0006319982039511727
EC_A-4_012,A-4_EC012,A-4 existing cluster 12,100.0,29,0.4,0,0.0,0.0,0.0,0,0.0
EC_A-4_013,A-4_EC013,A-4 existing cluster 13,350.0,25,0.4,1,32.99515401571626,0.0,7.918836963771902,0,0.0001099838467190542
EC_A-4_014,A-4_EC014,A-4 existing cluster 14,350.0,25,0.4,9,270.19533960943386,0.0,132.54490935151676,0,0.001840901518771066
EC_A-4_015,A-4_EC015,A-4 existing cluster 15,350.0,36,0.4,1,31.49922808778053,0.0,19.7705045946038,0,0.00019068773721647183
EC_A-4_016,A-4_EC016,A-4 existing cluster 16,350.0,49,0.4,0,0.0,0.0,0.0,0,0.0
EC_A-4_017,A-4_EC017,A-4 existing cluster 17,150.0,28,0.4,11,339.0922704628204,0.0,154.01245486331084,0,0.0019098766724120887
EC_A-4_018,A-4_EC018,A-4 existing cluster 18,350.0,36,0.4,0,0.0,0.0,0.0,0,0.0
EC_A-4_019,A-4_EC019,A-4 existing cluster 19,150.0,25,0.4,1,23.561954070251026,0.0,15.0081401840861,0,0.00020844639144564027
EC_A-4_020,A-4_EC020,A-4 existing cluster 20,150.0,26,0.4,0,0.0,0.0,0.0,0,0.0
EC_A-4_021,A-4_EC021,A-4 existing cluster 21,250.0,43,0.4,0,0.0,0.0,0.0,0,0.0
EC_A-4_022,A-4_EC022,A-4 existing cluster 22,150.0,20,0.4,1,37.817932248545276,0.0,15.12717289941811,0,0.0002626245295037866
EC_A-4_023,A-4_EC023,A-4 existing cluster 23,50.0,22,0.4,1,39.244175095742975,0.0,47.09301011489157,0,0.0007432608919648291
EC_A-4_024,A-4_EC024,A-4 existing cluster 24,100.0,23,0.4,63,2454.53908626391,0.0,1472.7234517583463,0,0.02223314389731803
EC_A-4_025,A-4_EC025,A-4 existing cluster 25,60.0,24,0.4,239,6030.092087462948,0.0,6054.206763539012,0,0.08758979692620099
EC_A-4_026,A-4_EC026,A-4 existing cluster 26,360.0,36,0.4,0,0.0,0.0,0.0,0,0.0
EC_A-4_027,A-4_EC027,A-4 existing cluster 27,150.0,47,0.4,0,0.0,0.0,0.0,0,0.0
EC_A-4_028,A-4_EC028,A-4 existing cluster 28,150.0,30,0.4,0,0.0,0.0,0.0,0,0.0
EC_A-4_029,A-4_EC029,A-4 existing cluster 29,150.0,39,0.4,0,0.0,0.0,0.0,0,0.0
EC_A-1_000,A-1_EC000,A-1 existing cluster 0,350.0,43,0.4,8,259.85641089625216,0.0,111.36703324125092,0,0.0008992815991703078
EC_A-1_001,A-1_EC001,A-1 existing cluster 1,350.0,33,0.4,41,1158.5618868124163,0.0,413.3513462268963,0,0.004349235545316669
EC_A-1_002,A-1_EC002,A-1 existing cluster 2,50.0,55,0.4,5,157.69612578162696,0.0,189.23535093795235,0,0.00119466761955778
EC_A-1_003,A-1_EC003,A-1 existing cluster 3,150.0,38,0.4,5,179.691287345079,0.0,72.59565181193369,0,0.0006633374617318503
EC_A-1_004,A-1_EC004,A-1 existing cluster 4,150.0,20,0.4,13,399.2170046903951,0.0,176.27381755767803,0,0.003060309332598577
EC_A-1_005,A-1_EC005,A-1 existing cluster 5,250.0,52,0.4,4,129.43587083177383,0.0,50.049397503485906,0,0.00033419736580853304
EC_A-1_006,A-1_EC006,A-1 existing cluster 6,150.0,73,0.4,21,804.1497773225728,0.0,325.1409291892345,0,0.0015465226844997835
EC_A-1_007,A-1_EC007,A-1 existing cluster 7,150.0,78,0.4,0,0.0,0.0,0.0,0,0.0
EC_A-1_008,A-1_EC008,A-1 existing cluster 8,150.0,45,0.4,17,659.9622576735371,0.0,263.98490306941494,0,0.002036920548375115
EC_A-1_009,A-1_EC009,A-1 existing cluster 9,150.0,46,0.4,0,0.0,0.0,0.0,0,0.0
EC_A-1_010,A-1_EC010,A-1 existing cluster 10,400.0,36,0.4,364,13415.031150866193,0.0,5406.543071650963,0,0.05214644166330018
EC_A-1_011,A-1_EC011,A-1 existing cluster 11,350.0,36,0.4,447,10189.058750814193,0.0,4082.330445982004,0,0.03937432914720297
EC_A-1_012,A-1_EC012,A-1 existing cluster 12,350.0,41,0.4,358,7083.869352191679,0.0,2921.6123466078056,0,0.024742651986854724
EC_A-1_013,A-1_EC013,A-1 existing cluster 13,560.0,49,0.4,0,0.0,0.0,0.0,0,0.0
EC_A-1_014,A-1_EC014,A-1 existing cluster 14,250.0,41,0.4,75,2293.0122986753754,0.0,939.4840029737517,0,0.007956334713531094
EC_A-1_015,A-1_EC015,A-1 existing cluster 15,400.0,40,0.4,18,502.69137729652755,0.0,191.48229730347822,0,0.0016621727196482485
EC_A-1_016,A-1_EC016,A-1 existing cluster 16,150.0,39,0.4,418,9375.600251445218,0.0,4140.428699151634,0,0.03686279112492551
EC_A-1_017,A-1_EC017,A-1 existing cluster 17,320.0,26,0.4,6,194.4577243705772,0.0,78.14440062878833,0,0.0010435950938673655
EC_A-1_018,A-1_EC018,A-1 existing cluster 18,150.0,30,0.4,2,76.50090512223878,0.0,32.31300007576163,0,0.00037399305643242626
EC_A-1_019,A-1_EC019,A-1 existing cluster 19,50.0,27,0.4,5,178.21095029394158,0.0,213.85314035272987,0,0.0027501689860176164
EC_AP-1_000,AP-1_EC000,AP-1 existing cluster 0,180.0,26,0.4,783,25533.621766742297,3.7645870401615866,10152.514777617143,2,0.13558379777800672
EC_AP-1_001,AP-1_EC001,AP-1 existing cluster 1,44.0,4,0.4,65,1849.4432286754634,51.906603009323135,2523.6976819001966,2,0.2190709793316143
EC_AP-1_002,AP-1_EC002,AP-1 existing cluster 2,44.0,4,0.4,26,1254.7151066979557,11.995427193134901,1710.9751454972118,1,0.14852214804663297
EC_AP-1_003,AP-1_EC003,AP-1 existing cluster 3,350.0,4,0.4,10,418.32196247296463,0.0,172.75895820574846,0,0.014996437344248999
EC_AP-1_004,AP-1_EC004,AP-1 existing cluster 4,350.0,5,0.4,137,6113.871223415907,16.318138779067,2109.633941808573,2,0.1465023570700398
EC_AP-1_005,AP-1_EC005,AP-1 existing cluster 5,50.0,5,0.4,24,824.8661444113329,0.0,1002.2769587706617,0,0.06960256658129596
EC_AP-1_006,AP-1_EC006,AP-1 existing cluster 6,11.09,6,0.4,0,0.0,0.0,0.0,0,0.0
EC_AP-1_007,AP-1_EC007,AP-1 existing cluster 7,22.0,12,0.4,0,0.0,0.0,0.0,0,0.0
EC_AP-1_008,AP-1_EC008,AP-1 existing cluster 8,100.0,24,0.4,0,0.0,0.0,0.0,0,0.0
EC_AP-1_009,AP-1_EC009,AP-1 existing cluster 9,50.0,6,0.4,1,37.4534516970606,0.0,44.944142036472726,0,0.002600934145629209
EC_AP-1_010,AP-1_EC010,AP-1 existing cluster 10,120.0,16,0.4,1,32.37964384109057,0.0,16.189821920545285,0,0.0003513416215396112
EC_AP-1_011,AP-1_EC011,AP-1 existing cluster 11,60.0,3,0.4,102,2406.380314833382,41.62784317779824,2406.380314833382,1,0.2785162401427525
EC_AP-1_012,AP-1_EC012,AP-1 existing cluster 12,11.09,6,0.4,21,627.1007835358587,0.0,3392.790533106539,0,0.19634204473996175
EC_AP-1_013,AP-1_EC013,AP-1 existing cluster 13,50.0,6,0.4,28,799.4297006120473,0.0,959.3156407344568,0,0.05551595143139217
EC_AP-1_014,AP-1_EC014,AP-1 existing cluster 14,7.4,4,0.4,23,520.6984557595231,20.212031259985224,4221.87937102316,1,0.36648258429020486
EC_AP-1_015,AP-1_EC015,AP-1 existing cluster 15,50.0,6,0.4,124,3075.315717511295,22.347949324393426,3690.378861013553,1,0.21356359149383988
EC_A-6_000,A-6_EC000,A-6 existing cluster 0,180.0,25,0.4,160,5123.067810843621,0.0,1981.2281146774617,0,0.02751705714829808
EC_A-6_001,A-6_EC001,A-6 existing cluster 1,100.0,20,0.4,1,29.272440585112243,0.0,17.563464351067346,0,0.0003049212560949192
EC_A-6_002,A-6_EC002,A-6 existing cluster 2,180.0,45,0.4,17,521.736853594854,0.0,241.79225704675846,0,0.001865680995731161
EC_A-6_003,A-6_EC003,A-6 existing cluster 3,50.0,20,0.4,20,608.8412077707051,0.0,730.6094493248461,0,0.012684191828556356
EC_A-6_004,A-6_EC004,A-6 existing cluster 4,100.0,23,0.4,5,151.2305366502024,0.0,90.73832199012143,0,0.0013698418174837173
EC_A-6_005,A-6_EC005,A-6 existing cluster 5,50.0,28,0.4,2,62.532701701561564,0.0,75.03924204187388,0,0.0009305461562732376
EC_A-6_006,A-6_EC006,A-6 existing cluster 6,240.0,30,0.4,6,172.62691042427844,0.0,74.6358261578939,0,0.0008638405805311794
EC_A-6_007,A-6_EC007,A-6 existing cluster 7,60.0,18,0.4,1,39.53550902978222,0.0,39.53550902978222,0,0.0007626448501115397
EC_A-6_008,A-6_EC008,A-6 existing cluster 8,60.0,26,0.4,12,366.7552886150308,0.0,369.4183023136609,0,0.004933470917650386
EC_A-6_009,A-6_EC009,A-6 existing cluster 9,50.0,19,0.4,400,5728.731184055429,1.3168945122906734,6874.477420866511,1,0.12563006982577687
EC_A-6_010,A-6_EC010,A-6 existing cluster 10,220.0,27,0.4,468,13663.392663275652,0.0,5295.816201589823,0,0.06810463222209134
EC_A-6_011,A-6_EC011,A-6 existing cluster 11,400.0,33,0.4,210,2711.866806290546,0.0,960.3530463497079,0,0.010104724814285648
EC_A-6_012,A-6_EC012,A-6 existing cluster 12,350.0,49,0.4,0,0.0,0.0,0.0,0,0.0
EC_A-6_013,A-6_EC013,A-6 existing cluster 13,350.0,40,0.4,0,0.0,0.0,0.0,0,0.0
EC_A-6_014,A-6_EC014,A-6 existing cluster 14,350.0,29,0.4,0,0.0,0.0,0.0,0,0.0
EC_A-6_015,A-6_EC015,A-6 existing cluster 15,180.0,33,0.4,0,0.0,0.0,0.0,0,0.0
EC_AP-68_000,AP-68_EC000,AP-68 existing cluster 0,50.0,8,0.4,6,249.58686799130064,0.0,307.8157946160235,0,0.013360060530209352
EC_AP-68_001,AP-68_EC001,AP-68 existing cluster 1,350.0,9,0.4,4,187.94803649177172,0.0,59.43655581894083,0,0.002293076999187532
EC_AP-68_002,AP-68_EC002,AP-68 existing cluster 2,180.0,10,0.4,71,2786.489757315336,0.0,1213.3924459551695,0,0.042131682151221164
EC_AP-68_003,AP-68_EC003,AP-68 existing cluster 3,180.0,6,0.4,124,4184.697474431338,0.5143975309595135,1818.041451457228,1,0.10521073214451551
EC_AP-68_004,AP-68_EC004,AP-68 existing cluster 4,120.0,6,0.4,128,3275.589736319635,0.0,1657.091972093153,0,0.0958965261627982
EC_AP-68_005,AP-68_EC005,AP-68 existing cluster 5,180.0,7,0.4,125,3386.715193861545,0.7594663222068903,1375.9728721610052,1,0.068252622627034
EC_AP-68_006,AP-68_EC006,AP-68 existing cluster 6,120.0,13,0.4,3,113.4700956733501,0.0,56.73504783667505,0,0.0015153591836718763
EC_AP-68_007,AP-68_EC007,AP-68 existing cluster 7,120.0,10,0.4,2,64.19362887088619,0.0,32.09681443544309,0,0.001114472723452885
EC_AP-68_008,AP-68_EC008,AP-68 existing cluster 8,150.0,4,0.4,1,38.04566367421557,0.0,16.90918385520692,0,0.0014678110985422673
EC_AP-68_009,AP-68_EC009,AP-68 existing cluster 9,22.0,6,0.4,26,605.1939601156776,0.0,1650.5289821336653,0,0.09551672350310562
EC_AP-68_010,AP-68_EC010,AP-68 existing cluster 10,140.0,9,0.4,382,10459.132939170995,389.5737747330809,4724.597353276647,9,0.18227613245666074
EC_AP-68_011,AP-68_EC011,AP-68 existing cluster 11,100.0,8,0.4,0,0.0,0.0,0.0,0,0.0
EC_AP-68_012,AP-68_EC012,AP-68 existing cluster 12,350.0,8,0.4,481,12973.33878230165,53.702197973565376,4899.314517812483,4,0.2126438592800557
EC_AP-68_013,AP-68_EC013,AP-68 existing cluster 13,350.0,8,0.4,322,7821.062444290522,1.4066141219338988,3340.39553179344,1,0.14498244495631252
EC_AP-68_014,AP-68_EC014,AP-68 existing cluster 14,350.0,8,0.4,120,4034.7613883675695,0.0,1658.0475735223847,0,0.07196387037857573
EC_AP-68_015,AP-68_EC015,AP-68 existing cluster 15,180.0,4,0.4,311,7611.945182957141,162.7984831905212,3057.604821266782,5,0.26541708517940815
EC_A-68_000,A-68_EC000,A-68 existing cluster 0,50.0,10,0.4,1,34.14134229050067,0.0,40.9696107486008,0,0.001422555928770861
EC_A-68_001,A-68_EC001,A-68 existing cluster 1,50.0,6,0.4,1,33.65261949064853,0.0,42.07890413941646,0,0.002435121767327341
EC_A-68_002,A-68_EC002,A-68 existing cluster 2,50.0,11,0.4,7,182.0862755885288,0.0,218.50353070623453,0,0.006897207408656393
EC_A-68_003,A-68_EC003,A-68 existing cluster 3,300.0,12,0.4,0,0.0,0.0,0.0,0,0.0
EC_A-68_004,A-68_EC004,A-68 existing cluster 4,300.0,7,0.4,204,3878.2875444795973,1.186002546495729,1508.9952541434054,1,0.07485095506663718
EC_A-68_005,A-68_EC005,A-68 existing cluster 5,400.0,12,0.4,4,138.9868126955505,0.0,55.36588105978986,0,0.0016020220214059565
EC_A-68_006,A-68_EC006,A-68 existing cluster 6,300.0,3,0.4,1,29.108507682358333,0.0,17.468974927394896,0,0.002021872098078113
EC_A-68_007,A-68_EC007,A-68 existing cluster 7,150.0,6,0.4,2,74.96678619575601,0.0,29.98671447830241,0,0.001735342273049908
EC_A-68_008,A-68_EC008,A-68 existing cluster 8,50.0,7,0.4,1,32.888791631355595,0.0,39.46654995762672,0,0.0019576661685330714
EC_A-68_009,A-68_EC009,A-68 existing cluster 9,50.0,5,0.4,98,3763.459043255576,1725.3766481613866,4599.644343894182,10,0.31941974610376267
EC_A-68_010,A-68_EC010,A-68 existing cluster 10,150.0,6,0.4,0,0.0,0.0,0.0,0,0.0
EC_A-68_011,A-68_EC011,A-68 existing cluster 11,320.0,3,0.4,0,0.0,0.0,0.0,0,0.0
EC_A-68_012,A-68_EC012,A-68 existing cluster 12,320.0,3,0.4,3,122.42236721825802,0.0,50.03914709232612,0,0.005791567950500708
EC_A-68_013,A-68_EC013,A-68 existing cluster 13,350.0,5,0.4,6,203.90179500582144,0.0,65.61972273334543,0,0.004556925189815654
EC_A-68_014,A-68_EC014,A-68 existing cluster 14,350.0,15,0.4,0,0.0,0.0,0.0,0,0.0
EC_A-68_015,A-68_EC015,A-68 existing cluster 15,50.0,7,0.4,57,1567.0813462149638,0.0,1918.683291003398,0,0.09517278229183522
EC_A-8_000,A-8_EC000,A-8 existing cluster 0,350.0,62,0.4,67,1068.5241254374398,0.0,406.48757015228335,0,0.0022764760873223754
EC_A-8_001,A-8_EC001,A-8 existing cluster 1,50.0,23,0.4,1,38.568396322143315,0.0,46.28207558657198,0,0.0006987028319228861
EC_A-8_002,A-8_EC002,A-8 existing cluster 2,120.0,34,0.4,0,0.0,0.0,0.0,0,0.0
EC_A-8_003,A-8_EC003,A-8 existing cluster 3,400.0,21,0.4,0,0.0,0.0,0.0,0,0.0
EC_A-8_004,A-8_EC004,A-8 existing cluster 4,150.0,19,0.4,0,0.0,0.0,0.0,0,0.0
EC_A-8_005,A-8_EC005,A-8 existing cluster 5,100.0,32,0.4,0,0.0,0.0,0.0,0,0.0
EC_A-8_006,A-8_EC006,A-8 existing cluster 6,150.0,43,0.4,0,0.0,0.0,0.0,0,0.0
EC_A-8_007,A-8_EC007,A-8 existing cluster 7,60.0,13,0.4,0,0.0,0.0,0.0,0,0.0
EC_A-8_008,A-8_EC008,A-8 existing cluster 8,50.0,15,0.4,0,0.0,0.0,0.0,0,0.0
EC_A-8_009,A-8_EC009,A-8 existing cluster 9,100.0,18,0.4,0,0.0,0.0,0.0,0,0.0
EC_A-8_010,A-8_EC010,A-8 existing cluster 10,210.0,15,0.4,0,0.0,0.0,0.0,0,0.0
EC_A-8_011,A-8_EC011,A-8 existing cluster 11,150.0,15,0.4,0,0.0,0.0,0.0,0,0.0
EC_A-8_012,A-8_EC012,A-8 existing cluster 12,50.0,11,0.4,0,0.0,0.0,0.0,0,0.0
EC_A-8_013,A-8_EC013,A-8 existing cluster 13,70.0,15,0.4,0,0.0,0.0,0.0,0,0.0
EC_A-8_014,A-8_EC014,A-8 existing cluster 14,400.0,21,0.4,0,0.0,0.0,0.0,0,0.0
EC_A-8_015,A-8_EC015,A-8 existing cluster 15,350.0,22,0.4,0,0.0,0.0,0.0,0,0.0
EC_A-66_000,A-66_EC000,A-66 existing cluster 0,150.0,16,0.4,0,0.0,0.0,0.0,0,0.0
EC_A-66_001,A-66_EC001,A-66 existing cluster 1,50.0,8,0.4,0,0.0,0.0,0.0,0,0.0
EC_A-66_002,A-66_EC002,A-66 existing cluster 2,60.0,25,0.4,0,0.0,0.0,0.0,0,0.0
EC_A-66_003,A-66_EC003,A-66 existing cluster 3,150.0,20,0.4,0,0.0,0.0,0.0,0,0.0
EC_A-66_004,A-66_EC004,A-66 existing cluster 4,150.0,11,0.4,0,0.0,0.0,0.0,0,0.0
EC_A-66_005,A-66_EC005,A-66 existing cluster 5,120.0,27,0.4,0,0.0,0.0,0.0,0,0.0
EC_A-66_006,A-66_EC006,A-66 existing cluster 6,320.0,23,0.4,0,0.0,0.0,0.0,0,0.0
EC_A-66_007,A-66_EC007,A-66 existing cluster 7,100.0,12,0.4,0,0.0,0.0,0.0,0,0.0
EC_A-66_008,A-66_EC008,A-66 existing cluster 8,320.0,17,0.4,0,0.0,0.0,0.0,0,0.0
EC_A-66_009,A-66_EC009,A-66 existing cluster 9,350.0,13,0.4,0,0.0,0.0,0.0,0,0.0
EC_A-66_010,A-66_EC010,A-66 existing cluster 10,50.0,17,0.4,272,8442.624447423685,0.0,10273.512132814838,0,0.20983480663429
EC_A-66_011,A-66_EC011,A-66 existing cluster 11,60.0,13,0.4,101,3066.917395806797,0.0,3265.0416967597257,0,0.08720731027670207
EC_A-66_012,A-66_EC012,A-66 existing cluster 12,150.0,21,0.4,468,12207.88647179657,0.0,5493.412366165919,0,0.09083023092205553
EC_A-66_013,A-66_EC013,A-66 existing cluster 13,150.0,19,0.4,1371,35797.67536534799,29817.486080485553,16525.74378392009,108,0.3020055516067268
EC_A-66_014,A-66_EC014,A-66 existing cluster 14,180.0,17,0.4,1254,28409.26414695405,3053.3084190673053,12143.719779216053,22,0.2480334922225501
EC_A-66_015,A-66_EC015,A-66 existing cluster 15,350.0,10,0.4,921,22962.294212959936,39.1567621166306,8785.085220473637,2,0.3050376812664457
EC_AP-46_000,AP-46_EC000,AP-46 existing cluster 0,50.0,3,0.4,80,2724.8278739427315,481.4568892609355,3289.1489058903885,3,0.3806885307743505
EC_AP-46_001,AP-46_EC001,AP-46 existing cluster 1,50.0,3,0.4,86,2843.7973055175557,544.185370454471,3421.692472719817,3,0.39602922137960844
EC_A-23_000,A-23_EC000,A-23 existing cluster 0,320.0,15,0.4,187,6000.568251402085,0.0,2240.587177033141,0,0.05186544391280419
EC_A-23_001,A-23_EC001,A-23 existing cluster 1,250.0,14,0.4,29,946.8815879568751,0.0,379.28550496247965,0,0.009406882563553563
EC_A-23_002,A-23_EC002,A-23 existing cluster 2,30.0,4,0.4,87,2040.2640367854567,261.49542877445003,4104.088860333699,3,0.35625771357063357
EC_A-23_003,A-23_EC003,A-23 existing cluster 3,300.0,4,0.4,33,1156.4124469952526,0.0,452.659172995196,0,0.03929333098916632
EC_A-23_004,A-23_EC004,A-23 existing cluster 4,50.0,5,0.4,61,1802.5637586173862,29.341655029369235,2174.150985218175,1,0.1509827073068177
EC_A-23_005,A-23_EC005,A-23 existing cluster 5,60.0,5,0.4,70,2304.3395918620704,12.16175697997005,2314.8838315073244,1,0.16075582163245308
EC_A-23_006,A-23_EC006,A-23 existing cluster 6,50.0,9,0.4,0,0.0,0.0,0.0,0,0.0
EC_A-23_007,A-23_EC007,A-23 existing cluster 7,50.0,6,0.4,6,202.0501498028731,0.0,242.4601797634477,0,0.014031260402977298
EC_A-23_008,A-23_EC008,A-23 existing cluster 8,50.0,10,0.4,4,138.28110917412866,0.0,165.9373310089544,0,0.005761712882255361
EC_A-23_009,A-23_EC009,A-23 existing cluster 9,50.0,6,0.4,109,3923.1656770509708,852.2066680732778,4752.859899406613,7,0.275049762697142
EC_A-23_010,A-23_EC010,A-23 existing cluster 10,100.0,5,0.4,47,1646.0075940089127,0.0,987.6045564053479,0,0.06858364975037139
EC_A-23_011,A-23_EC011,A-23 existing cluster 11,100.0,8,0.4,2,63.212359076266935,0.0,37.92741544576016,0,0.0016461551842777847
EC_A-23_012,A-23_EC012,A-23 existing cluster 12,50.0,5,0.4,1,31.600068208960504,0.0,37.9200818507526,0,0.002633339017413375
EC_A-23_013,A-23_EC013,A-23 existing cluster 13,22.0,6,0.4,2,69.13165941101072,0.0,188.5408893027565,0,0.01091093109390952
EC_A-23_014,A-23_EC014,A-23 existing cluster 14,100.0,4,0.4,0,0.0,0.0,0.0,0,0.0
EC_A-23_015,A-23_EC015,A-23 existing cluster 15,120.0,12,0.4,0,0.0,0.0,0.0,0,0.0
STA_0004,STA_0004,Proposed A-23 (STA_0004),150.0,4,0.4,201,4587.027300083781,49.21335385829991,2044.0485839610199,2,0.17743477291328297
EC_AP-9_000,AP-9_EC000,AP-9 existing cluster 0,60.0,13,0.4,14,537.6610558131689,0.0,537.6610558131689,0,0.014360605123214982
EC_AP-9_001,AP-9_EC001,AP-9 existing cluster 1,150.0,7,0.4,150,5750.315123520967,19.191509662879184,2493.977068236276,2,0.1237091799720375
EC_AP-9_002,AP-9_EC002,AP-9 existing cluster 2,125.0,13,0.4,68,1980.7817581605075,0.0,965.6030874607352,0,0.02579068075482733
EC_AP-9_003,AP-9_EC003,AP-9 existing cluster 3,21.0,4,0.4,21,589.8054934013926,0.0,1685.1585525754076,0,0.14628112435550414
EC_AP-9_004,AP-9_EC004,AP-9 existing cluster 4,60.0,15,0.4,107,2829.6685678857193,0.0,2829.6685678857193,0,0.06550158721957684
EC_AP-9_005,AP-9_EC005,AP-9 existing cluster 5,50.0,6,0.4,3,99.14016961866835,0.0,118.96820354240202,0,0.0068847340012964135
EC_AP-9_006,AP-9_EC006,AP-9 existing cluster 6,22.0,32,0.4,210,5973.056610926069,265.0570437186349,16290.154393434732,9,0.1767594877759845
EC_AP-9_007,AP-9_EC007,AP-9 existing cluster 7,50.0,10,0.4,11,348.5640387924301,0.0,418.276846550916,0,0.014523501616351249
EC_AP-9_008,AP-9_EC008,AP-9 existing cluster 8,22.17,5,0.4,5,147.88938924372883,0.0,400.2419194688195,0,0.027794577740890242
EC_AP-9_009,AP-9_EC009,AP-9 existing cluster 9,120.0,23,0.4,1,37.0767058211613,0.0,18.53835291058065,0,0.0002798664388674615
EC_AP-9_010,AP-9_EC010,AP-9 existing cluster 10,50.0,21,0.4,44,1314.9457051218328,0.0,1577.9348461461989,0,0.02609019256194112
EC_AP-9_011,AP-9_EC011,AP-9 existing cluster 11,50.0,13,0.4,78,2398.687624531214,0.0,2878.4251494374585,0,0.07688101360676973
EC_AP-9_012,AP-9_EC012,AP-9 existing cluster 12,150.0,33,0.4,3,117.03399673892406,0.0,46.81359869556962,0,0.0004925673263422729
EC_AP-9_013,AP-9_EC013,AP-9 existing cluster 13,150.0,8,0.4,1,35.782556485960704,0.0,15.903358438204759,0,0.0006902499322137482
EC_AP-9_014,AP-9_EC014,AP-9 existing cluster 14,22.0,10,0.4,118,3442.316645990422,1203.3524853997149,9388.136307246608,5,0.32597695511272945
EC_AP-9_015,AP-9_EC015,AP-9 existing cluster 15,22.0,5,0.4,49,1401.291861821398,512.7943472177395,3821.7050776947217,3,0.2653961859510223
STA_0008,STA_0008,Proposed AP-9 (STA_0008),150.0,4,0.4,17,518.9740406546503,0.0,239.13252065520146,0,0.020758031306875126
EC_N-322_000,N-322_EC000,N-322 existing cluster 0,150.0,7,0.4,2,67.90209904067666,0.0,30.370024012824555,0,0.0015064496038107418
EC_N-322_001,N-322_EC001,N-322 existing cluster 1,150.0,5,0.4,9,294.6887577442233,0.0,139.16770733172535,0,0.009664424120258705
EC_N-322_002,N-322_EC002,N-322 existing cluster 2,150.0,12,0.4,0,0.0,0.0,0.0,0,0.0
EC_N-322_003,N-322_EC003,N-322 existing cluster 3,100.0,4,0.4,17,715.0542550676014,0.0,436.7829761947107,0,0.03791518890579086
EC_N-322_004,N-322_EC004,N-322 existing cluster 4,50.0,10,0.4,12,370.1605029519918,0.0,445.9345390262611,0,0.015483838160634067
EC_N-322_005,N-322_EC005,N-322 existing cluster 5,22.0,6,0.4,11,386.18798915070187,0.0,1053.239970411005,0,0.060951387176562795
EC_N-322_006,N-322_EC006,N-322 existing cluster 6,50.0,8,0.4,25,711.6823675253842,0.0,858.9606546116552,0,0.0372812784119642
EC_N-322_007,N-322_EC007,N-322 existing cluster 7,150.0,4,0.4,0,0.0,0.0,0.0,0,0.0
EC_N-322_008,N-322_EC008,N-322 existing cluster 8,50.0,5,0.4,0,0.0,0.0,0.0,0,0.0
EC_N-322_009,N-322_EC009,N-322 existing cluster 9,150.0,11,0.4,0,0.0,0.0,0.0,0,0.0
EC_N-322_010,N-322_EC010,N-322 existing cluster 10,22.0,4,0.4,0,0.0,0.0,0.0,0,0.0
EC_N-322_011,N-322_EC011,N-322 existing cluster 11,50.0,16,0.4,0,0.0,0.0,0.0,0,0.0
EC_N-322_012,N-322_EC012,N-322 existing cluster 12,100.0,5,0.4,1,29.15605887988626,0.0,17.493635327931756,0,0.0012148357866619275
EC_N-322_013,N-322_EC013,N-322 existing cluster 13,120.0,39,0.4,14,500.72583170385155,0.0,258.72772085319855,0,0.0023034875432086767
EC_N-322_014,N-322_EC014,N-322 existing cluster 14,150.0,5,0.4,41,934.5892990410783,0.0,414.99854667037715,0,0.02881934351877619
EC_N-322_015,N-322_EC015,N-322 existing cluster 15,50.0,5,0.4,0,0.0,0.0,0.0,0,0.0
STA_0001,STA_0001,Proposed N-322 (STA_0001),150.0,4,0.4,5,211.11485628613988,0.0,98.17779805739121,0,0.008522378303592988
EC_N-433_000,N-433_EC000,N-433 existing cluster 0,22.0,2,0.4,0,0.0,0.0,0.0,0,0.0
EC_N-433_001,N-433_EC001,N-433 existing cluster 1,22.0,2,0.4,0,0.0,0.0,0.0,0,0.0
EC_N-433_002,N-433_EC002,N-433 existing cluster 2,22.0,2,0.4,0,0.0,0.0,0.0,0,0.0
EC_N-433_003,N-433_EC003,N-433 existing cluster 3,22.0,2,0.4,0,0.0,0.0,0.0,0,0.0
EC_N-433_004,N-433_EC004,N-433 existing cluster 4,22.0,2,0.4,0,0.0,0.0,0.0,0,0.0
EC_N-433_005,N-433_EC005,N-433 existing cluster 5,22.0,2,0.4,0,0.0,0.0,0.0,0,0.0
EC_N-433_006,N-433_EC006,N-433 existing cluster 6,22.17,6,0.4,0,0.0,0.0,0.0,0,0.0
STA_0002,STA_0002,Proposed N-433 (STA_0002),150.0,4,0.4,0,0.0,0.0,0.0,0,0.0
EC_N-435_000,N-435_EC000,N-435 existing cluster 0,50.0,3,0.4,0,0.0,0.0,0.0,0,0.0
EC_N-435_001,N-435_EC001,N-435 existing cluster 1,22.0,2,0.4,1,17.750087645670526,0.0,48.4093299427378,0,0.00840439755950309
EC_N-435_002,N-435_EC002,N-435 existing cluster 2,22.0,2,0.4,0,0.0,0.0,0.0,0,0.0
EC_N-435_003,N-435_EC003,N-435 existing cluster 3,22.0,2,0.4,0,0.0,0.0,0.0,0,0.0
EC_N-435_004,N-435_EC004,N-435 existing cluster 4,22.0,2,0.4,1,18.32268865724709,0.0,49.97096906521934,0,0.008675515462711692
EC_N-435_005,N-435_EC005,N-435 existing cluster 5,21.0,2,0.4,0,0.0,0.0,0.0,0,0.0
EC_N-435_006,N-435_EC006,N-435 existing cluster 6,100.0,3,0.4,0,0.0,0.0,0.0,0,0.0
STA_0005,STA_0005,Proposed N-435 (STA_0005),150.0,2,0.4,0,0.0,0.0,0.0,0,0.0
EC_N-502_000,N-502_EC000,N-502 existing cluster 0,22.0,2,0.4,19,318.64500063622023,0.0,869.0318199169643,0,0.1508735798466952
EC_N-502_001,N-502_EC001,N-502 existing cluster 1,100.0,4,0.4,13,419.1510329368248,0.0,251.4906197620948,0,0.02183078296545962
EC_N-502_002,N-502_EC002,N-502 existing cluster 2,100.0,3,0.4,30,174.66883377780164,0.0,104.80130026668093,0,0.012129780123458441
EC_N-502_003,N-502_EC003,N-502 existing cluster 3,100.0,4,0.4,0,0.0,0.0,0.0,0,0.0
STA_0007,STA_0007,Proposed N-502 (STA_0007),150.0,2,0.4,13,368.49371903598103,0.0,156.832340912337,0,0.027227836963947396
EC_N-621_000,N-621_EC000,N-621 existing cluster 0,3.7,2,0.4,2,46.111218529743695,0.0,747.7494896715193,0,0.12981761973463876
STA_0006,STA_0006,Proposed N-621 (STA_0006),150.0,2,0.4,0,0.0,0.0,0.0,0,0.0
EC_A-67_000,A-67_EC000,A-67 existing cluster 0,60.0,11,0.4,163,4858.796927667419,1783.487835517926,4858.796927667419,19,0.15337111514101703
EC_A-67_001,A-67_EC001,A-67 existing cluster 1,60.0,3,0.4,35,1451.0567491312415,352.2442358754971,1451.0567491312415,6,0.1679463830013011
EC_A-67_002,A-67_EC002,A-67 existing cluster 2,50.0,4,0.4,98,2816.597029829102,229.25782713704479,3379.9164357949217,4,0.29339552394053137
EC_A-67_003,A-67_EC003,A-67 existing cluster 3,50.0,6,0.4,78,2097.086440482828,29.396042208678068,2516.503728579393,1,0.14563100281130745
EC_A-67_004,A-67_EC004,A-67 existing cluster 4,150.0,2,0.4,14,499.7031828164073,0.0,211.67779632175112,0,0.03674961741697068
EC_A-67_005,A-67_EC005,A-67 existing cluster 5,22.0,4,0.4,30,989.2022222275747,97.65097827425916,2697.8242424388404,1,0.23418613215614933
EC_A-67_006,A-67_EC006,A-67 existing cluster 6,50.0,3,0.4,11,395.63101795998267,0.0,474.75722155197917,0,0.05494875249444203
EC_A-67_007,A-67_EC007,A-67 existing cluster 7,22.17,6,0.4,36,1163.6873799884397,0.0,3149.356914718378,0,0.18225445108323945
EC_A-67_008,A-67_EC008,A-67 existing cluster 8,60.0,3,0.4,28,1043.00813386888,77.78348225623597,1043.00813386888,2,0.12071853401260184
EC_A-67_009,A-67_EC009,A-67 existing cluster 9,50.0,3,0.4,77,1850.4025114907647,337.95278842518303,2220.4830137889167,5,0.25700034881816164
EC_A-67_010,A-67_EC010,A-67 existing cluster 10,100.0,8,0.4,35,947.7582819262046,0.0,568.6572427201568,0,0.024681303937506803
EC_A-67_011,A-67_EC011,A-67 existing cluster 11,22.0,6,0.4,31,1099.3440957212565,0.0,2998.2111701488816,0,0.17350759086509732
EC_A-67_012,A-67_EC012,A-67 existing cluster 12,80.0,3,0.4,45,1478.8384055692372,0.0,1109.1288041769285,0,0.1283713893723297
EC_A-67_013,A-67_EC013,A-67 existing cluster 13,150.0,7,0.4,3,118.95647308811253,0.0,47.58258923524501,0,0.0023602474819069946
EC_A-67_014,A-67_EC014,A-67 existing cluster 14,150.0,4,0.4,12,459.78885528194087,0.0,189.85447340863936,0,0.01648042303894439
EC_A-67_015,A-67_EC015,A-67 existing cluster 15,50.0,3,0.4,12,395.9653668500759,0.0,475.15844022009117,0,0.05499518984028833
EC_A-62_000,A-62_EC000,A-62 existing cluster 0,360.0,21,0.4,0,0.0,0.0,0.0,0,0.0
EC_A-62_001,A-62_EC001,A-62 existing cluster 1,100.0,23,0.4,0,0.0,0.0,0.0,0,0.0
EC_A-62_002,A-62_EC002,A-62 existing cluster 2,60.0,17,0.4,0,0.0,0.0,0.0,0,0.0
EC_A-62_003,A-62_EC003,A-62 existing cluster 3,360.0,13,0.4,0,0.0,0.0,0.0,0,0.0
EC_A-62_004,A-62_EC004,A-62 existing cluster 4,50.0,13,0.4,0,0.0,0.0,0.0,0,0.0
EC_A-62_005,A-62_EC005,A-62 existing cluster 5,50.0,13,0.4,0,0.0,0.0,0.0,0,0.0
EC_A-62_006,A-62_EC006,A-62 existing cluster 6,150.0,15,0.4,0,0.0,0.0,0.0,0,0.0
EC_A-62_007,A-62_EC007,A-62 existing cluster 7,50.0,16,0.4,0,0.0,0.0,0.0,0,0.0
EC_A-62_008,A-62_EC008,A-62 existing cluster 8,200.0,18,0.4,0,0.0,0.0,0.0,0,0.0
EC_A-62_009,A-62_EC009,A-62 existing cluster 9,250.0,34,0.4,0,0.0,0.0,0.0,0,0.0
EC_A-62_010,A-62_EC010,A-62 existing cluster 10,200.0,14,0.4,0,0.0,0.0,0.0,0,0.0
EC_A-62_011,A-62_EC011,A-62 existing cluster 11,150.0,12,0.4,0,0.0,0.0,0.0,0,0.0
EC_A-62_012,A-62_EC012,A-62 existing cluster 12,150.0,13,0.4,0,0.0,0.0,0.0,0,0.0
EC_A-62_013,A-62_EC013,A-62 existing cluster 13,120.0,17,0.4,0,0.0,0.0,0.0,0,0.0
EC_A-62_014,A-62_EC014,A-62 existing cluster 14,400.0,21,0.4,0,0.0,0.0,0.0,0,0.0
EC_A-62_015,A-62_EC015,A-62 existing cluster 15,400.0,31,0.4,0,0.0,0.0,0.0,0,0.0
EC_N-630_000,N-630_EC000,N-630 existing cluster 0,120.0,24,0.4,0,0.0,0.0,0.0,0,0.0
EC_N-630_001,N-630_EC001,N-630 existing cluster 1,50.0,24,0.4,0,0.0,0.0,0.0,0,0.0
EC_N-630_002,N-630_EC002,N-630 existing cluster 2,100.0,47,0.4,0,0.0,0.0,0.0,0,0.0
EC_N-630_003,N-630_EC003,N-630 existing cluster 3,50.0,25,0.4,0,0.0,0.0,0.0,0,0.0
EC_N-630_004,N-630_EC004,N-630 existing cluster 4,60.0,32,0.4,0,0.0,0.0,0.0,0,0.0
EC_N-630_005,N-630_EC005,N-630 existing cluster 5,200.0,23,0.4,0,0.0,0.0,0.0,0,0.0
EC_N-630_006,N-630_EC006,N-630 existing cluster 6,120.0,14,0.4,0,0.0,0.0,0.0,0,0.0
EC_N-630_007,N-630_EC007,N-630 existing cluster 7,50.0,45,0.4,0,0.0,0.0,0.0,0,0.0
EC_N-630_008,N-630_EC008,N-630 existing cluster 8,360.0,38,0.4,1,22.131103283394005,0.0,14.149629711971887,0,0.0001292912071634858
EC_N-630_009,N-630_EC009,N-630 existing cluster 9,190.0,30,0.4,0,0.0,0.0,0.0,0,0.0
EC_N-630_010,N-630_EC010,N-630 existing cluster 10,240.0,48,0.4,1,33.10934753365429,0.0,20.736576262128057,0,0.00015000416856284765
EC_N-630_011,N-630_EC011,N-630 existing cluster 11,350.0,34,0.4,0,0.0,0.0,0.0,0,0.0
EC_N-630_012,N-630_EC012,N-630 existing cluster 12,150.0,38,0.4,0,0.0,0.0,0.0,0,0.0
EC_N-630_013,N-630_EC013,N-630 existing cluster 13,150.0,54,0.4,0,0.0,0.0,0.0,0,0.0
EC_N-630_014,N-630_EC014,N-630 existing cluster 14,50.0,26,0.4,0,0.0,0.0,0.0,0,0.0
EC_N-630_015,N-630_EC015,N-630 existing cluster 15,22.0,17,0.4,0,0.0,0.0,0.0,0,0.0
EC_N-630_016,N-630_EC016,N-630 existing cluster 16,250.0,63,0.4,0,0.0,0.0,0.0,0,0.0
EC_N-630_017,N-630_EC017,N-630 existing cluster 17,150.0,22,0.4,0,0.0,0.0,0.0,0,0.0
EC_N-630_018,N-630_EC018,N-630 existing cluster 18,60.0,17,0.4,0,0.0,0.0,0.0,0,0.0
EC_A-45_000,A-45_EC000,A-45 existing cluster 0,45.0,4,0.4,87,2728.4526999127065,691.9221040586822,3639.872417087912,7,0.31596114731665903
EC_A-45_001,A-45_EC001,A-45 existing cluster 1,22.0,2,0.4,19,598.352534287804,396.0458332977851,1631.8769271595477,4,0.2833119665207548
EC_A-45_002,A-45_EC002,A-45 existing cluster 2,22.0,2,0.4,18,537.7497420027671,330.90617277119804,1466.5902054620922,4,0.25461635511494657
EC_A-45_003,A-45_EC003,A-45 existing cluster 3,22.0,2,0.4,18,612.5507940490523,335.7466080998631,1670.5930746792337,5,0.2900335199095892
EC_A-45_004,A-45_EC004,A-45 existing cluster 4,50.0,3,0.4,66,2235.1943636444216,617.4925997818618,2682.2332363733058,4,0.31044366161728076
EC_A-45_005,A-45_EC005,A-45 existing cluster 5,50.0,3,0.4,63,1882.8146145900166,628.735099817551,2259.5231171471587,4,0.2615188792994397
EC_A-45_006,A-45_EC006,A-45 existing cluster 6,22.0,2,0.4,22,770.4064634152396,832.9939185913929,2101.108536587018,7,0.36477578760191287
EC_A-45_007,A-45_EC007,A-45 existing cluster 7,7.36,2,0.4,9,288.70279429396334,294.56410032132396,2353.555388266005,4,0.4086033660184037
EC_A-45_008,A-45_EC008,A-45 existing cluster 8,150.0,2,0.4,118,3673.714079675742,329.45034637422066,1606.211390147105,4,0.2788561441227613
EC_A-45_009,A-45_EC009,A-45 existing cluster 9,350.0,4,0.4,131,4912.0987674591315,83.57148535365707,1889.1410041606948,4,0.1639879343889492
EC_A-45_010,A-45_EC010,A-45 existing cluster 10,7.4,2,0.4,6,219.1694864567597,81.32130179840567,1777.0498901899434,1,0.30851560593575406
EC_A-45_011,A-45_EC011,A-45 existing cluster 11,50.0,3,0.4,55,1743.4732374807909,146.278075833368,2096.1949057048964,2,0.2426151511232519
EC_A-45_012,A-45_EC012,A-45 existing cluster 12,22.0,2,0.4,23,721.1153688485841,500.12076791789184,1966.6782786779572,4,0.3414372011593676
EC_A-92_000,A-92_EC000,A-92 existing cluster 0,150.0,36,0.4,312,8128.050336355338,0.0,3599.363532457863,0,0.03471608345349019
EC_A-92_001,A-92_EC001,A-92 existing cluster 1,150.0,16,0.4,158,3962.75293578723,0.0,1811.640071212529,0,0.03931510571207745
EC_A-92_002,A-92_EC002,A-92 existing cluster 2,60.0,15,0.4,55,1476.8620340804712,0.0,1488.8761407696045,0,0.034464725480777884
EC_A-92_003,A-92_EC003,A-92 existing cluster 3,50.0,26,0.4,89,2860.9241565348625,0.0,3433.2625531250487,0,0.045850194352631525
EC_A-92_004,A-92_EC004,A-92 existing cluster 4,150.0,11,0.4,8,284.23600751151196,0.0,116.35562905541045,0,0.003672841826244017
EC_A-92_005,A-92_EC005,A-92 existing cluster 5,400.0,38,0.4,31,1131.1434706667417,0.0,371.28203918312437,0,0.0033925624925358585
EC_A-92_006,A-92_EC006,A-92 existing cluster 6,180.0,28,0.4,88,3333.7936185365193,0.0,1332.045595234589,0,0.016518422559952742
EC_A-92_007,A-92_EC007,A-92 existing cluster 7,100.0,21,0.4,97,2923.759848335791,0.0,1780.9992872922567,0,0.029447739538562445
EC_A-92_008,A-92_EC008,A-92 existing cluster 8,150.0,16,0.4,105,3082.118461552322,0.0,1396.5441667062667,0,0.030306948062201966
EC_A-92_009,A-92_EC009,A-92 existing cluster 9,150.0,22,0.4,17,657.0665154727546,0.0,287.62780700830075,0,0.004539580287378484
EC_A-92_010,A-92_EC010,A-92 existing cluster 10,120.0,18,0.4,56,2054.9204893101937,0.0,1029.7605206169444,0,0.01986420757362933
EC_A-92_011,A-92_EC011,A-92 existing cluster 11,400.0,29,0.4,37,1352.1690583602583,0.0,535.9096395168702,0,0.006416542618736473
EC_A-92_012,A-92_EC012,A-92 existing cluster 12,150.0,35,0.4,171,4733.67712784766,0.0,2038.0915523436502,0,0.02021916222563145
EC_A-92_013,A-92_EC013,A-92 existing cluster 13,400.0,28,0.4,40,1497.4295003626944,0.0,479.1472716253344,0,0.005941806443766548
EC_A-92_014,A-92_EC014,A-92 existing cluster 14,100.0,19,0.4,632,16865.66547148822,692.3707626048553,10133.0268378471,13,0.18517958402498352
EC_A-92_015,A-92_EC015,A-92 existing cluster 15,60.0,16,0.4,102,3663.4219883087662,0.0,3704.050279539485,0,0.08038303558028397
EC_N-340_000,N-340_EC000,N-340 existing cluster 0,120.0,28,0.4,0,0.0,0.0,0.0,0,0.0
EC_N-340_001,N-340_EC001,N-340 existing cluster 1,60.0,30,0.4,0,0.0,0.0,0.0,0,0.0
EC_N-340_002,N-340_EC002,N-340 existing cluster 2,250.0,42,0.4,0,0.0,0.0,0.0,0,0.0
EC_N-340_003,N-340_EC003,N-340 existing cluster 3,350.0,40,0.4,0,0.0,0.0,0.0,0,0.0
EC_N-340_004,N-340_EC004,N-340 existing cluster 4,150.0,33,0.4,0,0.0,0.0,0.0,0,0.0
EC_N-340_005,N-340_EC005,N-340 existing cluster 5,150.0,27,0.4,0,0.0,0.0,0.0,0,0.0
EC_N-340_006,N-340_EC006,N-340 existing cluster 6,150.0,34,0.4,0,0.0,0.0,0.0,0,0.0
EC_N-340_007,N-340_EC007,N-340 existing cluster 7,150.0,28,0.4,0,0.0,0.0,0.0,0,0.0
EC_N-340_008,N-340_EC008,N-340 existing cluster 8,180.0,32,0.4,0,0.0,0.0,0.0,0,0.0
EC_N-340_009,N-340_EC009,N-340 existing cluster 9,250.0,47,0.4,0,0.0,0.0,0.0,0,0.0
EC_N-340_010,N-340_EC010,N-340 existing cluster 10,180.0,55,0.4,0,0.0,0.0,0.0,0,0.0
EC_N-340_011,N-340_EC011,N-340 existing cluster 11,207.0,34,0.4,0,0.0,0.0,0.0,0,0.0
EC_N-340_012,N-340_EC012,N-340 existing cluster 12,60.0,22,0.4,0,0.0,0.0,0.0,0,0.0
EC_N-340_013,N-340_EC013,N-340 existing cluster 13,350.0,22,0.4,0,0.0,0.0,0.0,0,0.0
EC_N-340_014,N-340_EC014,N-340 existing cluster 14,150.0,31,0.4,0,0.0,0.0,0.0,0,0.0
EC_N-340_015,N-340_EC015,N-340 existing cluster 15,150.0,37,0.4,0,0.0,0.0,0.0,0,0.0
EC_N-340_016,N-340_EC016,N-340 existing cluster 16,50.0,21,0.4,0,0.0,0.0,0.0,0,0.0
EC_N-340_017,N-340_EC017,N-340 existing cluster 17,150.0,27,0.4,0,0.0,0.0,0.0,0,0.0
EC_N-340_018,N-340_EC018,N-340 existing cluster 18,150.0,33,0.4,0,0.0,0.0,0.0,0,0.0
EC_N-340_019,N-340_EC019,N-340 existing cluster 19,150.0,31,0.4,0,0.0,0.0,0.0,0,0.0
EC_N-340_020,N-340_EC020,N-340 existing cluster 20,150.0,23,0.4,0,0.0,0.0,0.0,0,0.0
EC_N-340_021,N-340_EC021,N-340 existing cluster 21,150.0,23,0.4,0,0.0,0.0,0.0,0,0.0
EC_N-340_022,N-340_EC022,N-340 existing cluster 22,50.0,21,0.4,0,0.0,0.0,0.0,0,0.0
EC_N-340_023,N-340_EC023,N-340 existing cluster 23,120.0,28,0.4,0,0.0,0.0,0.0,0,0.0
EC_N-340_024,N-340_EC024,N-340 existing cluster 24,50.0,42,0.4,0,0.0,0.0,0.0,0,0.0
EC_N-340_025,N-340_EC025,N-340 existing cluster 25,150.0,82,0.4,0,0.0,0.0,0.0,0,0.0
EC_N-340_026,N-340_EC026,N-340 existing cluster 26,150.0,24,0.4,0,0.0,0.0,0.0,0,0.0
EC_N-340_027,N-340_EC027,N-340 existing cluster 27,120.0,24,0.4,0,0.0,0.0,0.0,0,0.0
EC_AP-8_000,AP-8_EC000,AP-8 existing cluster 0,150.0,17,0.4,0,0.0,0.0,0.0,0,0.0
EC_AP-8_001,AP-8_EC001,AP-8 existing cluster 1,150.0,14,0.4,0,0.0,0.0,0.0,0,0.0
EC_AP-8_002,AP-8_EC002,AP-8 existing cluster 2,150.0,15,0.4,0,0.0,0.0,0.0,0,0.0
EC_AP-8_003,AP-8_EC003,AP-8 existing cluster 3,120.0,17,0.4,121,3372.0279670908276,0.0,1690.968503741705,0,0.03453775538688123
EC_AP-8_004,AP-8_EC004,AP-8 existing cluster 4,120.0,25,0.4,0,0.0,0.0,0.0,0,0.0
EC_AP-8_005,AP-8_EC005,AP-8 existing cluster 5,150.0,20,0.4,0,0.0,0.0,0.0,0,0.0
EC_AP-8_006,AP-8_EC006,AP-8 existing cluster 6,22.17,10,0.4,25,762.197989866668,0.0,2062.7821105999133,0,0.07162437884027477
EC_AP-8_007,AP-8_EC007,AP-8 existing cluster 7,250.0,18,0.4,6,200.3633765631084,0.0,78.86393034776775,0,0.0015212949526961371
EC_AP-8_008,AP-8_EC008,AP-8 existing cluster 8,60.0,22,0.4,73,2154.218300124085,0.0,2154.218300124085,0,0.033999657514584676
EC_AP-8_009,AP-8_EC009,AP-8 existing cluster 9,170.0,17,0.4,230,8706.288998131899,0.0,3555.4241852954997,0,0.07261895803299631
EC_AP-8_010,AP-8_EC010,AP-8 existing cluster 10,120.0,54,0.4,255,7645.957163078968,0.0,3845.993969726992,0,0.024729899496701336
EC_AP-8_011,AP-8_EC011,AP-8 existing cluster 11,180.0,25,0.4,0,0.0,0.0,0.0,0,0.0
EC_AP-8_012,AP-8_EC012,AP-8 existing cluster 12,50.0,21,0.4,0,0.0,0.0,0.0,0,0.0
EC_AP-8_013,AP-8_EC013,AP-8 existing cluster 13,250.0,48,0.4,0,0.0,0.0,0.0,0,0.0
EC_AP-8_014,AP-8_EC014,AP-8 existing cluster 14,150.0,9,0.4,2,79.4802192975551,0.0,31.792087719022035,0,0.0012265465940980724
EC_AP-8_015,AP-8_EC015,AP-8 existing cluster 15,180.0,16,0.4,2,83.92079283131318,0.0,27.973597610437725,0,0.000607065920365402
EC_AP-6_000,AP-6_EC000,AP-6 existing cluster 0,22.0,4,0.4,31,1006.3188803578611,43.11513022068607,2748.544160506777,1,0.23858890282176887
EC_AP-6_001,AP-6_EC001,AP-6 existing cluster 1,22.17,4,0.4,6,236.71684694321328,0.0,640.6409930804147,0,0.055611197316008214
EC_AP-6_002,AP-6_EC002,AP-6 existing cluster 2,50.0,3,0.4,1,51.369891056729784,0.0,61.64386926807575,0,0.00713470709121247
EC_AP-6_003,AP-6_EC003,AP-6 existing cluster 3,22.0,18,0.4,0,0.0,0.0,0.0,0,0.0
EC_AP-6_004,AP-6_EC004,AP-6 existing cluster 4,150.0,4,0.4,1,33.65837037984413,0.0,21.06598996984196,0,0.0018286449626598925
EC_AP-6_005,AP-6_EC005,AP-6 existing cluster 5,150.0,8,0.4,10,374.4226418625779,0.0,167.0495111052304,0,0.007250412808386736
EC_AP-6_006,AP-6_EC006,AP-6 existing cluster 6,20.0,3,0.4,5,202.51090104504982,0.0,607.5327031351494,0,0.07031628508508674
EC_AP-6_007,AP-6_EC007,AP-6 existing cluster 7,22.0,2,0.4,22,556.9171939399771,160.84046905234362,1518.8650743817561,2,0.2636918531912771
EC_AP-6_008,AP-6_EC008,AP-6 existing cluster 8,90.0,2,0.4,30,997.2573520857047,0.0,664.8382347238032,0,0.11542330463954917
EC_AP-6_009,AP-6_EC009,AP-6 existing cluster 9,150.0,2,0.4,30,1052.3501676327423,24.038139455442206,449.28433125259426,1,0.07800075195357539
EC_AP-6_010,AP-6_EC010,AP-6 existing cluster 10,200.0,6,0.4,162,6240.8739669021115,52.15407663434189,2544.1380411896803,4,0.14723021071699538
EC_AP-6_011,AP-6_EC011,AP-6 existing cluster 11,60.0,1,0.4,4,89.53638508787597,0.0,89.53638508787597,0,0.031089022599956936
EC_AP-6_012,AP-6_EC012,AP-6 existing cluster 12,7.36,2,0.4,16,590.5077852650752,13956.227271913634,4813.922162487025,28,0.8357503754317752
EC_AP-6_013,AP-6_EC013,AP-6 existing cluster 13,22.17,4,0.4,15,561.6993133824706,134.9891207362864,1520.1605233625723,3,0.13195837876411218
EC_AP-6_014,AP-6_EC014,AP-6 existing cluster 14,150.0,2,0.4,53,1541.4076991842683,30.025283567708072,704.9389377017166,1,0.12238523223988135
EC_AP-6_015,AP-6_EC015,AP-6 existing cluster 15,150.0,2,0.4,43,1410.5684476321078,16.716361820190514,621.5221161698754,2,0.10790314516838115
EC_AP-15_000,AP-15_EC000,AP-15 existing cluster 0,50.0,9,0.4,12,510.92226013608183,0.0,613.1067121632982,0,0.023653808339633417
EC_AP-15_001,AP-15_EC001,AP-15 existing cluster 1,350.0,2,0.4,1,42.50547365565753,0.0,18.89132162473668,0,0.0032797433376278956
EC_AP-15_002,AP-15_EC002,AP-15 existing cluster 2,50.0,3,0.4,24,905.6443343027327,25.773114846203498,1086.7732011632793,2,0.125783935319824
EC_AP-15_003,AP-15_EC003,AP-15 existing cluster 3,100.0,8,0.4,40,1466.945548713912,0.0,880.1673292283474,0,0.038201706997758135
EC_AP-15_004,AP-15_EC004,AP-15 existing cluster 4,50.0,3,0.4,1,44.92417777521362,0.0,53.90901333025634,0,0.006239469135446336
EC_AP-15_005,AP-15_EC005,AP-15 existing cluster 5,50.0,4,0.4,5,169.87964866570036,0.0,203.85557839884044,0,0.017695796736010454
EC_AP-15_006,AP-15_EC006,AP-15 existing cluster 6,50.0,3,0.4,23,836.6643599214232,0.0,1003.9972319057077,0,0.11620338332241988
EC_AP-15_007,AP-15_EC007,AP-15 existing cluster 7,22.0,2,0.4,0,0.0,0.0,0.0,0,0.0
EC_AP-15_008,AP-15_EC008,AP-15 existing cluster 8,320.0,1,0.4,3,113.97567201490756,0.0,36.00718836604001,0,0.01250249596043056
EC_AP-15_009,AP-15_EC009,AP-15 existing cluster 9,50.0,3,0.4,0,0.0,0.0,0.0,0,0.0
EC_AP-15_010,AP-15_EC010,AP-15 existing cluster 10,320.0,3,0.4,0,0.0,0.0,0.0,0,0.0
EC_AP-15_011,AP-15_EC011,AP-15 existing cluster 11,50.0,3,0.4,50,1448.11455960894,60.96885584145491,1737.7374715307278,1,0.20112702216790831
EC_AP-15_012,AP-15_EC012,AP-15 existing cluster 12,50.0,3,0.4,22,688.4942471151332,0.0,826.1930965381598,0,0.09562420098821293
EC_AP-15_013,AP-15_EC013,AP-15 existing cluster 13,50.0,3,0.4,5,169.64066451603964,0.0,203.56879741924755,0,0.023561203405005504
EC_AP-15_014,AP-15_EC014,AP-15 existing cluster 14,50.0,3,0.4,0,0.0,0.0,0.0,0,0.0
EC_AP-15_015,AP-15_EC015,AP-15 existing cluster 15,50.0,3,0.4,6,256.3247404859239,0.0,307.5896885831087,0,0.035600658400822764
EC_A-12_000,A-12_EC000,A-12 existing cluster 0,180.0,4,0.4,16,389.2030969106933,0.0,152.0268459886858,0,0.013196774825406755
EC_A-12_001,A-12_EC001,A-12 existing cluster 1,100.0,4,0.4,0,0.0,0.0,0.0,0,0.0
EC_A-12_002,A-12_EC002,A-12 existing cluster 2,50.0,5,0.4,5,134.1517426338946,0.0,160.9820911606735,0,0.01117931188615788
EC_A-12_003,A-12_EC003,A-12 existing cluster 3,150.0,2,0.4,0,0.0,0.0,0.0,0,0.0
EC_A-12_004,A-12_EC004,A-12 existing cluster 4,100.0,2,0.4,6,190.49337446788564,0.0,114.29602468073139,0,0.019843059840404756
EC_A-12_005,A-12_EC005,A-12 existing cluster 5,150.0,1,0.4,36,834.0193590644851,0.0,386.88192957643275,0,0.13433400332515028
EC_A-12_006,A-12_EC006,A-12 existing cluster 6,150.0,1,0.4,21,505.5683842854901,0.0,214.89515486425512,0,0.07461637321675525
EC_A-12_007,A-12_EC007,A-12 existing cluster 7,50.0,3,0.4,6,176.28503773736995,0.0,211.54204528484394,0,0.02448403301907916
EC_A-12_008,A-12_EC008,A-12 existing cluster 8,50.0,3,0.4,1,18.034510369311853,0.0,21.641412443174225,0,0.0025047931068488687
EC_A-12_009,A-12_EC009,A-12 existing cluster 9,50.0,3,0.4,17,302.0628404429154,0.0,362.4754085314983,0,0.04195317228373823
EC_A-12_010,A-12_EC010,A-12 existing cluster 10,100.0,4,0.4,0,0.0,0.0,0.0,0,0.0
EC_A-12_011,A-12_EC011,A-12 existing cluster 11,14.8,2,0.4,0,0.0,0.0,0.0,0,0.0
EC_A-12_012,A-12_EC012,A-12 existing cluster 12,22.0,6,0.4,1,40.90857299452569,0.0,111.56883543961553,0,0.006456529828681454
EC_A-12_013,A-12_EC013,A-12 existing cluster 13,120.0,4,0.4,0,0.0,0.0,0.0,0,0.0
EC_A-12_014,A-12_EC014,A-12 existing cluster 14,22.0,6,0.4,68,1275.6532339126986,37.69080574525776,3479.0542743073574,2,0.2013341593927869
EC_A-15_000,A-15_EC000,A-15 existing cluster 0,60.0,9,0.4,14,362.5687839663466,0.0,362.5687839663466,0,0.013987993208578187
EC_A-15_001,A-15_EC001,A-15 existing cluster 1,50.0,13,0.4,69,2235.8228741924477,0.0,2682.987449030937,0,0.07166098955745025
EC_A-15_002,A-15_EC002,A-15 existing cluster 2,50.0,13,0.4,8,260.13331201315793,0.0,312.1599744157894,0,0.008337606154267879
EC_A-15_003,A-15_EC003,A-15 existing cluster 3,50.0,23,0.4,0,0.0,0.0,0.0,0,0.0
EC_A-15_004,A-15_EC004,A-15 existing cluster 4,50.0,19,0.4,0,0.0,0.0,0.0,0,0.0
EC_A-15_005,A-15_EC005,A-15 existing cluster 5,150.0,9,0.4,0,0.0,0.0,0.0,0,0.0
EC_A-15_006,A-15_EC006,A-15 existing cluster 6,150.0,12,0.4,5,191.65323031700888,0.0,82.91364493348436,0,0.0023991216705290612
EC_A-15_007,A-15_EC007,A-15 existing cluster 7,250.0,14,0.4,2,78.716628093439,0.0,18.891990742425357,0,0.0004685513576990416
EC_A-15_008,A-15_EC008,A-15 existing cluster 8,150.0,6,0.4,0,0.0,0.0,0.0,0,0.0
EC_A-15_009,A-15_EC009,A-15 existing cluster 9,100.0,24,0.4,0,0.0,0.0,0.0,0,0.0
EC_A-15_010,A-15_EC010,A-15 existing cluster 10,150.0,10,0.4,199,6835.188097626996,0.0,2988.1102659681255,0,0.10375382867944881
EC_A-15_011,A-15_EC011,A-15 existing cluster 11,150.0,12,0.4,53,1637.3424718014448,0.0,724.1276793853099,0,0.020952768500732345
EC_A-15_012,A-15_EC012,A-15 existing cluster 12,60.0,7,0.4,94,3080.0866351773734,0.0,3080.0866351773734,0,0.1527820751576078
EC_A-15_013,A-15_EC013,A-15 existing cluster 13,100.0,11,0.4,30,781.2061287861554,0.0,468.72367727169336,0,0.014795570620949917
EC_A-15_014,A-15_EC014,A-15 existing cluster 14,150.0,11,0.4,0,0.0,0.0,0.0,0,0.0
EC_A-15_015,A-15_EC015,A-15 existing cluster 15,130.0,9,0.4,16,447.26860516695757,0.0,223.93621783650647,0,0.008639514577025713
EC_A-30_000,A-30_EC000,A-30 existing cluster 0,350.0,43,0.4,355,8949.284914297315,0.0,3515.300527598372,0,0.028385824673759462
EC_A-30_001,A-30_EC001,A-30 existing cluster 1,100.0,18,0.4,7,226.9766452048268,0.0,136.1859871228961,0,0.002627044504685496
EC_A-30_002,A-30_EC002,A-30 existing cluster 2,320.0,14,0.4,40,1477.9620909160844,0.0,558.1089751311795,0,0.013841988470515364
EC_A-30_003,A-30_EC003,A-30 existing cluster 3,320.0,17,0.4,2,80.42816477536407,0.0,35.74585101127292,0,0.0007301031660799207
EC_A-30_004,A-30_EC004,A-30 existing cluster 4,22.0,28,0.4,3,113.88778322285637,0.0,310.60304515324464,0,0.0038517242702535296
EC_A-30_005,A-30_EC005,A-30 existing cluster 5,50.0,22,0.4,4,148.29404460375582,0.0,177.95285352450702,0,0.002808599329616588
EC_A-30_006,A-30_EC006,A-30 existing cluster 6,120.0,30,0.4,4,147.26090158197908,0.0,73.63045079098954,0,0.0008522042915623789
EC_A-30_007,A-30_EC007,A-30 existing cluster 7,50.0,40,0.4,0,0.0,0.0,0.0,0,0.0
EC_A-30_008,A-30_EC008,A-30 existing cluster 8,50.0,18,0.4,0,0.0,0.0,0.0,0,0.0
EC_A-30_009,A-30_EC009,A-30 existing cluster 9,50.0,18,0.4,5,189.51200669633948,0.0,227.41440803560735,0,0.00438685200685971
EC_A-30_010,A-30_EC010,A-30 existing cluster 10,60.0,14,0.4,0,0.0,0.0,0.0,0,0.0
EC_A-30_011,A-30_EC011,A-30 existing cluster 11,60.0,25,0.4,0,0.0,0.0,0.0,0,0.0
EC_A-30_012,A-30_EC012,A-30 existing cluster 12,150.0,19,0.4,5,172.45000777848168,0.0,73.94666271611155,0,0.0013513644502213369
EC_A-30_013,A-30_EC013,A-30 existing cluster 13,50.0,18,0.4,229,7492.412341249362,64.84653029053788,8990.894885942387,4,0.1734354723368516
EC_A-30_014,A-30_EC014,A-30 existing cluster 14,180.0,20,0.4,5,178.8037363078197,0.0,77.28110096785325,0,0.0013416857806918968
EC_A-30_015,A-30_EC015,A-30 existing cluster 15,150.0,25,0.4,2,69.7957734863297,0.0,29.29164090039857,0,0.000406828345838869
EC_A-31_000,A-31_EC000,A-31 existing cluster 0,100.0,24,0.4,359,9107.345567102657,0.0,5468.022054190191,0,0.07910911536733493
EC_A-31_001,A-31_EC001,A-31 existing cluster 1,360.0,29,0.4,1,40.38774006030175,0.0,17.950106693467447,0,0.00021491985983557768
EC_A-31_002,A-31_EC002,A-31 existing cluster 2,200.0,38,0.4,169,4265.705505306315,0.0,2169.9983189835984,0,0.019828201014104516
EC_A-31_003,A-31_EC003,A-31 existing cluster 3,22.17,36,0.4,1,33.68608406239706,0.0,91.16666863977552,0,0.0008793081466027732
EC_A-31_004,A-31_EC004,A-31 existing cluster 4,200.0,24,0.4,3,117.06369346506821,0.0,46.50044064487314,0,0.0006727494306260581
EC_A-31_005,A-31_EC005,A-31 existing cluster 5,200.0,19,0.4,155,4246.464577077097,0.0,1774.4477499764432,0,0.03242777320863383
EC_A-31_006,A-31_EC006,A-31 existing cluster 6,100.0,15,0.4,113,2814.9618488207643,0.0,1693.5061415505224,0,0.039201531054410245
EC_A-31_007,A-31_EC007,A-31 existing cluster 7,320.0,15,0.4,96,4108.537607939149,0.0,2020.540648539223,0,0.04677177427174127
EC_A-31_008,A-31_EC008,A-31 existing cluster 8,50.0,27,0.4,4,114.14731558420044,0.0,136.97677870104053,0,0.0017615326479043277
EC_A-31_009,A-31_EC009,A-31 existing cluster 9,150.0,16,0.4,108,3558.1882087273602,0.0,1588.1007521338338,0,0.03446399201679327
EC_A-31_010,A-31_EC010,A-31 existing cluster 10,150.0,17,0.4,27,881.3412459264943,0.0,419.6786025667207,0,0.00857186688249021
EC_A-31_011,A-31_EC011,A-31 existing cluster 11,50.0,13,0.4,135,3011.5521759346493,0.0,3613.863545454196,0,0.09652413315849882
EC_A-31_012,A-31_EC012,A-31 existing cluster 12,30.0,21,0.4,0,0.0,0.0,0.0,0,0.0
EC_A-31_013,A-31_EC013,A-31 existing cluster 13,50.0,19,0.4,0,0.0,0.0,0.0,0,0.0
EC_A-31_014,A-31_EC014,A-31 existing cluster 14,150.0,31,0.4,282,6245.055278547883,0.0,2748.8765439840377,0,0.03078938781344128
EC_A-31_015,A-31_EC015,A-31 existing cluster 15,50.0,21,0.4,9,204.62720637762368,0.0,245.55264765314843,0,0.004060063618603645
EC_A-44_000,A-44_EC000,A-44 existing cluster 0,7.0,2,0.4,9,227.63071019522937,0.0,1951.120373101966,0,0.338736175885758
EC_A-44_001,A-44_EC001,A-44 existing cluster 1,22.17,4,0.4,47,1118.7416192000721,0.0,3027.717507983958,0,0.2628227003458297
EC_A-44_002,A-44_EC002,A-44 existing cluster 2,50.0,3,0.4,48,1151.6438479432875,4.924034717781751,1381.972617531945,1,0.1599505344365677
EC_A-44_003,A-44_EC003,A-44 existing cluster 3,70.0,4,0.4,131,2752.521050835888,17.80919845959056,2368.8610863108192,1,0.2056303026311475
EC_A-44_004,A-44_EC004,A-44 existing cluster 4,250.0,12,0.4,80,2041.752020838589,0.0,855.3935660696822,0,0.02475097124044219
EC_A-44_005,A-44_EC005,A-44 existing cluster 5,22.0,2,0.4,35,602.0244716263838,370.25398406251225,1647.0315501833927,3,0.28594297746239455
EC_A-44_006,A-44_EC006,A-44 existing cluster 6,100.0,4,0.4,121,3674.6586026377736,200.26078761581266,2204.7951615826632,5,0.19138846888738395
EC_A-44_007,A-44_EC007,A-44 existing cluster 7,120.0,3,0.4,24,719.8087247679009,0.0,359.90436238395046,0,0.04165559749814241
EC_A-44_008,A-44_EC008,A-44 existing cluster 8,22.0,6,0.4,0,0.0,0.0,0.0,0,0.0
EC_A-44_009,A-44_EC009,A-44 existing cluster 9,100.0,4,0.4,0,0.0,0.0,0.0,0,0.0
EC_A-44_010,A-44_EC010,A-44 existing cluster 10,50.0,3,0.4,0,0.0,0.0,0.0,0,0.0
EC_A-49_000,A-49_EC000,A-49 existing cluster 0,21.06,16,0.4,4,99.50209560579339,0.0,283.4817538626592,0,0.006151947783477847
EC_A-49_001,A-49_EC001,A-49 existing cluster 1,150.0,4,0.4,0,0.0,0.0,0.0,0,0.0
EC_A-49_002,A-49_EC002,A-49 existing cluster 2,50.0,12,0.4,5,150.37528445473316,0.0,180.4503413456798,0,0.005221364043567124
EC_A-49_003,A-49_EC003,A-49 existing cluster 3,22.0,6,0.4,7,250.27767365000338,0.0,682.5754735909183,0,0.0395008954624374
EC_A-49_004,A-49_EC004,A-49 existing cluster 4,100.0,11,0.4,0,0.0,0.0,0.0,0,0.0
EC_A-49_005,A-49_EC005,A-49 existing cluster 5,50.0,6,0.4,172,4169.474169707256,28.760200034138848,5003.369003648703,2,0.2895468173407814
EC_A-49_006,A-49_EC006,A-49 existing cluster 6,60.0,8,0.4,30,974.4105626895415,0.0,974.4105626895415,0,0.042292125116733574
EC_A-49_007,A-49_EC007,A-49 existing cluster 7,22.0,4,0.4,23,634.8977694108187,32.46085185796346,1731.5393711204138,1,0.1503072370764248
EC_A-49_008,A-49_EC008,A-49 existing cluster 8,50.0,9,0.4,235,5794.895050535101,822.6472254027739,6953.8740606421325,7,0.26828217826551437
EC_A-49_009,A-49_EC009,A-49 existing cluster 9,100.0,10,0.4,5,171.27060567012347,0.0,102.76236340207409,0,0.0035681376181275724
EC_A-49_010,A-49_EC010,A-49 existing cluster 10,350.0,6,0.4,188,4454.068619082866,12.097207532378661,1727.3340528468993,2,0.09996146139160297
EC_A-49_011,A-49_EC011,A-49 existing cluster 11,90.0,3,0.4,79,1886.673044370495,18.31491566220393,1257.7820295803303,1,0.14557662379401973
EC_A-49_012,A-49_EC012,A-49 existing cluster 12,400.0,17,0.4,17,573.0711235032581,0.0,240.84496751208727,0,0.004919219107681521
EC_A-49_013,A-49_EC013,A-49 existing cluster 13,100.0,6,0.4,30,745.7821271187152,0.0,447.46927627122915,0,0.025895212747177612
EC_A-49_014,A-49_EC014,A-49 existing cluster 14,50.0,12,0.4,0,0.0,0.0,0.0,0,0.0
EC_A-49_015,A-49_EC015,A-49 existing cluster 15,50.0,9,0.4,19,538.0198000714869,0.0,645.6237600857842,0,0.024908324077383647
EC_A-5_000,A-5_EC000,A-5 existing cluster 0,150.0,22,0.4,597,17766.40671906695,0.0,7626.142801080774,0,0.12036210228978494
EC_A-5_001,A-5_EC001,A-5 existing cluster 1,150.0,15,0.4,2,94.69247691064933,0.0,43.9827491659086,0,0.0010181191936552917
EC_A-5_002,A-5_EC002,A-5 existing cluster 2,60.0,26,0.4,5,187.4219345587447,0.0,193.00769051881264,0,0.002577559969535425
EC_A-5_003,A-5_EC003,A-5 existing cluster 3,90.0,22,0.4,0,0.0,0.0,0.0,0,0.0
EC_A-5_004,A-5_EC004,A-5 existing cluster 4,150.0,20,0.4,4,121.4489791922692,0.0,57.591404771067644,0,0.00099985077727548
EC_A-5_005,A-5_EC005,A-5 existing cluster 5,50.0,29,0.4,1,32.113586227949966,0.0,38.53630347353996,0,0.0004614021009762926
EC_A-5_006,A-5_EC006,A-5 existing cluster 6,150.0,24,0.4,58,1905.6807619713752,0.0,936.7547856831509,0,0.013552586598425216
EC_A-5_007,A-5_EC007,A-5 existing cluster 7,80.0,31,0.4,7,193.3337462151712,0.0,145.0003096613784,0,0.0016241074110817473
EC_A-5_008,A-5_EC008,A-5 existing cluster 8,100.0,36,0.4,546,16665.141294194393,0.0,10165.069666229894,0,0.09804272440422351
EC_A-5_009,A-5_EC009,A-5 existing cluster 9,360.0,52,0.4,1020,30183.99537341143,0.0,12838.292113860765,0,0.0857257753329378
EC_A-5_010,A-5_EC010,A-5 existing cluster 10,350.0,32,0.4,1012,26041.668021075006,0.0,9877.572259577719,0,0.10717851844159851
EC_A-5_011,A-5_EC011,A-5 existing cluster 11,360.0,31,0.4,606,20051.609900748994,0.0,7013.642290755736,0,0.0785578213570311
EC_A-5_012,A-5_EC012,A-5 existing cluster 12,150.0,25,0.4,554,17976.285129060892,0.09742515921323047,7923.541987281868,1,0.11004919426780373
EC_A-5_013,A-5_EC013,A-5 existing cluster 13,250.0,41,0.4,382,9892.462813002157,0.0,3878.7687915299607,0,0.032848651689786255
EC_A-5_014,A-5_EC014,A-5 existing cluster 14,100.0,25,0.4,0,0.0,0.0,0.0,0,0.0
EC_A-5_015,A-5_EC015,A-5 existing cluster 15,50.0,16,0.4,0,0.0,0.0,0.0,0,0.0
EC_AP-7N_000,AP-7N_EC000,AP-7N existing cluster 0,150.0,27,0.4,0,0.0,0.0,0.0,0,0.0
EC_AP-7N_001,AP-7N_EC001,AP-7N existing cluster 1,250.0,43,0.4,0,0.0,0.0,0.0,0,0.0
EC_AP-7N_002,AP-7N_EC002,AP-7N existing cluster 2,60.0,32,0.4,0,0.0,0.0,0.0,0,0.0
EC_AP-7N_003,AP-7N_EC003,AP-7N existing cluster 3,250.0,28,0.4,126,4386.746798745633,0.0,1686.462111631686,0,0.020913468646226265
EC_AP-7N_004,AP-7N_EC004,AP-7N existing cluster 4,320.0,28,0.4,142,3748.9078594148764,0.0,1352.4901945814418,0,0.016771951817726213
EC_AP-7N_005,AP-7N_EC005,AP-7N existing cluster 5,100.0,35,0.4,0,0.0,0.0,0.0,0,0.0
EC_AP-7N_006,AP-7N_EC006,AP-7N existing cluster 6,150.0,25,0.4,8,255.07761549625602,0.0,126.37182752132107,0,0.0017551642711294592
EC_AP-7N_007,AP-7N_EC007,AP-7N existing cluster 7,320.0,23,0.4,0,0.0,0.0,0.0,0,0.0
EC_AP-7N_008,AP-7N_EC008,AP-7N existing cluster 8,100.0,35,0.4,4,136.05373933446663,0.0,81.63224360067998,0,0.0008098436865146824
EC_AP-7N_009,AP-7N_EC009,AP-7N existing cluster 9,180.0,38,0.4,5,166.87804346046357,0.0,77.02880355608873,0,0.000703845061733267
EC_AP-7N_010,AP-7N_EC010,AP-7N existing cluster 10,50.0,28,0.4,4,128.41036633043305,0.0,154.09243959651965,0,0.001910868546583825
EC_AP-7N_011,AP-7N_EC011,AP-7N existing cluster 11,250.0,37,0.4,6,195.36985298677658,0.0,86.29698412548426,0,0.0008098440702466616
EC_AP-7N_012,AP-7N_EC012,AP-7N existing cluster 12,150.0,47,0.4,6,204.52140991049848,0.0,96.36890017707961,0,0.0007119451845233423
EC_AP-7N_013,AP-7N_EC013,AP-7N existing cluster 13,50.0,33,0.4,6,197.9504033258839,0.0,237.54048399106068,0,0.002499373779367221
EC_AP-7N_014,AP-7N_EC014,AP-7N existing cluster 14,60.0,56,0.4,65,2376.4758348827813,0.0,2376.47654930061,0,0.014735097651913503
EC_AP-7N_015,AP-7N_EC015,AP-7N existing cluster 15,200.0,40,0.4,0,0.0,0.0,0.0,0,0.0
EC_AP-7N_016,AP-7N_EC016,AP-7N existing cluster 16,200.0,35,0.4,0,0.0,0.0,0.0,0,0.0
EC_AP-7N_017,AP-7N_EC017,AP-7N existing cluster 17,150.0,57,0.4,2,72.51120522553478,0.0,29.95578573319215,0,0.0001824792015910828
EC_AP-7N_018,AP-7N_EC018,AP-7N existing cluster 18,240.0,51,0.4,0,0.0,0.0,0.0,0,0.0
EC_AP-7N_019,AP-7N_EC019,AP-7N existing cluster 19,150.0,20,0.4,0,0.0,0.0,0.0,0,0.0
EC_AP-7N_020,AP-7N_EC020,AP-7N existing cluster 20,150.0,85,0.4,0,0.0,0.0,0.0,0,0.0
EC_AP-7N_021,AP-7N_EC021,AP-7N existing cluster 21,50.0,26,0.4,234,7937.383542250789,0.0,9524.863437948667,0,0.12720170189568197
EC_AP-7N_022,AP-7N_EC022,AP-7N existing cluster 22,55.0,32,0.4,5,161.53477005331789,0.0,176.21974914907406,0,0.0019121066530932516
EC_AP-7N_023,AP-7N_EC023,AP-7N existing cluster 23,150.0,30,0.4,16,518.6349736446582,0.0,214.47113120137084,0,0.0024823047592751253
EC_AP-7N_024,AP-7N_EC024,AP-7N existing cluster 24,150.0,47,0.4,117,4011.6226717034147,0.0,1994.3059313001045,0,0.014733347601212355
EC_AP-7N_025,AP-7N_EC025,AP-7N existing cluster 25,250.0,42,0.4,264,11704.52444499648,0.0,3903.0947506551674,0,0.03226764840158042
EC_AP-7N_026,AP-7N_EC026,AP-7N existing cluster 26,150.0,32,0.4,736,14083.175866629086,0.0,6247.200265704464,0,0.06778646121641128
EC_AP-7N_027,AP-7N_EC027,AP-7N existing cluster 27,250.0,37,0.4,6,218.96179369568415,0.0,111.0370806839513,0,0.0010420146460581015
EC_AP-7N_028,AP-7N_EC028,AP-7N existing cluster 28,350.0,23,0.4,216,6340.951346795838,0.0,2856.0381045014688,0,0.04311651727810188
EC_AP-7N_029,AP-7N_EC029,AP-7N existing cluster 29,60.0,24,0.4,0,0.0,0.0,0.0,0,0.0
EC_AP-7N_030,AP-7N_EC030,AP-7N existing cluster 30,50.0,27,0.4,9,415.8006768693722,0.0,521.9325893303755,0,0.006712096056203389
EC_AP-7N_031,AP-7N_EC031,AP-7N existing cluster 31,350.0,30,0.4,0,0.0,0.0,0.0,0,0.0
EC_AP-7N_032,AP-7N_EC032,AP-7N existing cluster 32,100.0,32,0.4,0,0.0,0.0,0.0,0,0.0
EC_AP-7N_033,AP-7N_EC033,AP-7N existing cluster 33,350.0,30,0.4,0,0.0,0.0,0.0,0,0.0
EC_AP-7N_034,AP-7N_EC034,AP-7N existing cluster 34,250.0,42,0.4,0,0.0,0.0,0.0,0,0.0
EC_AP-7N_035,AP-7N_EC035,AP-7N existing cluster 35,150.0,26,0.4,0,0.0,0.0,0.0,0,0.0
EC_AP-7N_036,AP-7N_EC036,AP-7N existing cluster 36,60.0,30,0.4,32,1240.9525066676051,0.0,1312.7979884098606,0,0.015194421162151165
EC_N-1_000,N-1_EC000,N-1 existing cluster 0,50.0,11,0.4,0,0.0,0.0,0.0,0,0.0
EC_N-1_001,N-1_EC001,N-1 existing cluster 1,180.0,5,0.4,0,0.0,0.0,0.0,0,0.0
EC_N-1_002,N-1_EC002,N-1 existing cluster 2,50.0,6,0.4,0,0.0,0.0,0.0,0,0.0
EC_N-1_003,N-1_EC003,N-1 existing cluster 3,120.0,5,0.4,0,0.0,0.0,0.0,0,0.0
EC_N-1_004,N-1_EC004,N-1 existing cluster 4,40.0,5,0.4,0,0.0,0.0,0.0,0,0.0
EC_N-1_005,N-1_EC005,N-1 existing cluster 5,50.0,8,0.4,0,0.0,0.0,0.0,0,0.0
EC_N-1_006,N-1_EC006,N-1 existing cluster 6,150.0,13,0.4,0,0.0,0.0,0.0,0,0.0
EC_N-1_007,N-1_EC007,N-1 existing cluster 7,150.0,12,0.4,0,0.0,0.0,0.0,0,0.0
EC_N-1_008,N-1_EC008,N-1 existing cluster 8,150.0,8,0.4,0,0.0,0.0,0.0,0,0.0
EC_N-1_009,N-1_EC009,N-1 existing cluster 9,150.0,8,0.4,0,0.0,0.0,0.0,0,0.0
EC_N-1_010,N-1_EC010,N-1 existing cluster 10,50.0,5,0.4,0,0.0,0.0,0.0,0,0.0
EC_N-1_011,N-1_EC011,N-1 existing cluster 11,150.0,21,0.4,38,1104.325915410806,0.0,479.97785577627286,0,0.007936141795242607
EC_N-1_012,N-1_EC012,N-1 existing cluster 12,150.0,22,0.4,0,0.0,0.0,0.0,0,0.0
EC_N-1_013,N-1_EC013,N-1 existing cluster 13,120.0,12,0.4,0,0.0,0.0,0.0,0,0.0
EC_N-1_014,N-1_EC014,N-1 existing cluster 14,250.0,22,0.4,0,0.0,0.0,0.0,0,0.0
EC_N-1_015,N-1_EC015,N-1 existing cluster 15,60.0,7,0.4,0,0.0,0.0,0.0,0,0.0
EC_N-120_000,N-120_EC000,N-120 existing cluster 0,150.0,14,0.4,38,1180.5536824987964,0.0,503.48261064331234,0,0.012487167922701199
EC_N-120_001,N-120_EC001,N-120 existing cluster 1,150.0,13,0.4,17,497.06198105454706,0.0,226.2827895331346,0,0.006043877925564493
EC_N-120_002,N-120_EC002,N-120 existing cluster 2,300.0,21,0.4,49,1726.256952306152,0.0,716.1098136566167,0,0.011840440040618662
EC_N-120_003,N-120_EC003,N-120 existing cluster 3,50.0,16,0.4,22,609.8968909173755,0.0,748.3404198360929,0,0.016240026472137434
EC_N-120_004,N-120_EC004,N-120 existing cluster 4,50.0,13,0.4,0,0.0,0.0,0.0,0,0.0
EC_N-120_005,N-120_EC005,N-120 existing cluster 5,22.0,8,0.4,1,42.24302831040697,0.0,115.20825902838264,0,0.005000358464773552
EC_N-120_006,N-120_EC006,N-120 existing cluster 6,50.0,17,0.4,0,0.0,0.0,0.0,0,0.0
EC_N-120_007,N-120_EC007,N-120 existing cluster 7,150.0,20,0.4,0,0.0,0.0,0.0,0,0.0
EC_N-120_008,N-120_EC008,N-120 existing cluster 8,150.0,15,0.4,1,39.87955609372365,0.0,15.95182243748946,0,0.0003692551490159597
EC_N-120_009,N-120_EC009,N-120 existing cluster 9,100.0,11,0.4,27,1210.040422536301,0.0,735.4729181849741,0,0.02321568554876812
EC_N-120_010,N-120_EC010,N-120 existing cluster 10,250.0,14,0.4,2,73.49156818905735,0.0,26.92204037585777,0,0.0006677093347186947
EC_N-120_011,N-120_EC011,N-120 existing cluster 11,50.0,15,0.4,68,1693.8599112580468,0.0,2042.5766747734656,0,0.047281867471608
EC_N-120_012,N-120_EC012,N-120 existing cluster 12,100.0,13,0.4,6,223.4400556331505,0.0,141.03815371819408,0,0.003767044704011594
EC_N-120_013,N-120_EC013,N-120 existing cluster 13,150.0,13,0.4,10,440.65681799706624,0.0,206.067782102085,0,0.005503947171530048
EC_N-120_014,N-120_EC014,N-120 existing cluster 14,100.0,15,0.4,5,187.49264468799421,0.0,114.09339503197462,0,0.0026410508109253384
EC_N-120_015,N-120_EC015,N-120 existing cluster 15,50.0,13,0.4,53,1461.8582347628292,0.0,1756.494397844428,0,0.046914914472340495
EC_N-121-A_000,N-121-A_EC000,N-121-A existing cluster 0,50.0,2,0.4,0,0.0,0.0,0.0,0,0.0
EC_N-121-A_001,N-121-A_EC001,N-121-A existing cluster 1,50.0,2,0.4,0,0.0,0.0,0.0,0,0.0
EC_N-121-A_002,N-121-A_EC002,N-121-A existing cluster 2,22.0,2,0.4,0,0.0,0.0,0.0,0,0.0
EC_N-121-A_003,N-121-A_EC003,N-121-A existing cluster 3,150.0,2,0.4,0,0.0,0.0,0.0,0,0.0
EC_N-121-A_004,N-121-A_EC004,N-121-A existing cluster 4,50.0,2,0.4,0,0.0,0.0,0.0,0,0.0
EC_N-121-A_005,N-121-A_EC005,N-121-A existing cluster 5,50.0,3,0.4,0,0.0,0.0,0.0,0,0.0
EC_N-121-A_006,N-121-A_EC006,N-121-A existing cluster 6,60.0,1,0.4,0,0.0,0.0,0.0,0,0.0
EC_N-121-A_007,N-121-A_EC007,N-121-A existing cluster 7,50.0,2,0.4,0,0.0,0.0,0.0,0,0.0
EC_N-121-A_008,N-121-A_EC008,N-121-A existing cluster 8,22.0,8,0.4,0,0.0,0.0,0.0,0,0.0
EC_N-121-A_009,N-121-A_EC009,N-121-A existing cluster 9,50.0,3,0.4,0,0.0,0.0,0.0,0,0.0
EC_N-121-A_010,N-121-A_EC010,N-121-A existing cluster 10,50.0,3,0.4,0,0.0,0.0,0.0,0,0.0
EC_N-121-A_011,N-121-A_EC011,N-121-A existing cluster 11,50.0,3,0.4,0,0.0,0.0,0.0,0,0.0
EC_N-2_000,N-2_EC000,N-2 existing cluster 0,180.0,17,0.4,247,9373.153955632526,0.5566240535284805,3752.074176950889,1,0.07663550198020606
EC_N-2_001,N-2_EC001,N-2 existing cluster 1,100.0,12,0.4,0,0.0,0.0,0.0,0,0.0
EC_N-2_002,N-2_EC002,N-2 existing cluster 2,60.0,13,0.4,64,1470.6054523850912,0.0,1512.599313568805,0,0.04040062269147449
EC_N-2_003,N-2_EC003,N-2 existing cluster 3,55.0,35,0.4,24,383.54097748440546,0.0,468.0014560418585,0,0.00464287158771685
EC_N-2_004,N-2_EC004,N-2 existing cluster 4,55.0,12,0.4,40,1512.0682501347621,0.0,1649.5290001470128,0,0.04772942708758717
EC_N-2_005,N-2_EC005,N-2 existing cluster 5,22.0,14,0.4,0,0.0,0.0,0.0,0,0.0
EC_N-2_006,N-2_EC006,N-2 existing cluster 6,50.0,13,0.4,0,0.0,0.0,0.0,0,0.0
EC_N-2_007,N-2_EC007,N-2 existing cluster 7,30.0,13,0.4,0,0.0,0.0,0.0,0,0.0
EC_N-2_008,N-2_EC008,N-2 existing cluster 8,150.0,7,0.4,0,0.0,0.0,0.0,0,0.0
EC_N-2_009,N-2_EC009,N-2 existing cluster 9,50.0,9,0.4,0,0.0,0.0,0.0,0,0.0
EC_N-2_010,N-2_EC010,N-2 existing cluster 10,50.0,8,0.4,0,0.0,0.0,0.0,0,0.0
EC_N-2_011,N-2_EC011,N-2 existing cluster 11,90.0,10,0.4,0,0.0,0.0,0.0,0,0.0
EC_N-2_012,N-2_EC012,N-2 existing cluster 12,150.0,8,0.4,0,0.0,0.0,0.0,0,0.0
EC_N-2_013,N-2_EC013,N-2 existing cluster 13,350.0,8,0.4,0,0.0,0.0,0.0,0,0.0
EC_N-2_014,N-2_EC014,N-2 existing cluster 14,250.0,22,0.4,0,0.0,0.0,0.0,0,0.0
EC_N-2_015,N-2_EC015,N-2 existing cluster 15,350.0,8,0.4,0,0.0,0.0,0.0,0,0.0
EC_N-232_000,N-232_EC000,N-232 existing cluster 0,50.0,8,0.4,0,0.0,0.0,0.0,0,0.0
EC_N-232_001,N-232_EC001,N-232 existing cluster 1,100.0,4,0.4,0,0.0,0.0,0.0,0,0.0
EC_N-232_002,N-232_EC002,N-232 existing cluster 2,50.0,6,0.4,0,0.0,0.0,0.0,0,0.0
EC_N-232_003,N-232_EC003,N-232 existing cluster 3,22.17,8,0.4,0,0.0,0.0,0.0,0,0.0
EC_N-232_004,N-232_EC004,N-232 existing cluster 4,120.0,5,0.4,0,0.0,0.0,0.0,0,0.0
EC_N-232_005,N-232_EC005,N-232 existing cluster 5,50.0,11,0.4,0,0.0,0.0,0.0,0,0.0
EC_N-232_006,N-232_EC006,N-232 existing cluster 6,22.17,6,0.4,0,0.0,0.0,0.0,0,0.0
EC_N-232_007,N-232_EC007,N-232 existing cluster 7,150.0,6,0.4,0,0.0,0.0,0.0,0,0.0
EC_N-232_008,N-232_EC008,N-232 existing cluster 8,70.0,6,0.4,0,0.0,0.0,0.0,0,0.0
EC_N-232_009,N-232_EC009,N-232 existing cluster 9,100.0,4,0.4,2,43.28152487804182,0.0,25.968914926825097,0,0.0022542460873980117
EC_N-232_010,N-232_EC010,N-232 existing cluster 10,100.0,10,0.4,0,0.0,0.0,0.0,0,0.0
EC_N-232_011,N-232_EC011,N-232 existing cluster 11,50.0,6,0.4,0,0.0,0.0,0.0,0,0.0
EC_N-232_012,N-232_EC012,N-232 existing cluster 12,120.0,12,0.4,0,0.0,0.0,0.0,0,0.0
EC_N-232_013,N-232_EC013,N-232 existing cluster 13,50.0,6,0.4,0,0.0,0.0,0.0,0,0.0
EC_N-232_014,N-232_EC014,N-232 existing cluster 14,22.0,4,0.4,9,238.2570059592304,0.0,649.7918344342646,0,0.05640554118352992
EC_N-232_015,N-232_EC015,N-232 existing cluster 15,100.0,4,0.4,0,0.0,0.0,0.0,0,0.0
EC_N-232A_000,N-232A_EC000,N-232A existing cluster 0,22.0,2,0.4,0,0.0,0.0,0.0,0,0.0
EC_N-232A_001,N-232A_EC001,N-232A existing cluster 1,50.0,5,0.4,0,0.0,0.0,0.0,0,0.0
EC_N-232A_002,N-232A_EC002,N-232A existing cluster 2,50.0,3,0.4,0,0.0,0.0,0.0,0,0.0
EC_N-232A_003,N-232A_EC003,N-232A existing cluster 3,50.0,3,0.4,0,0.0,0.0,0.0,0,0.0
EC_N-234_000,N-234_EC000,N-234 existing cluster 0,90.0,9,0.4,0,0.0,0.0,0.0,0,0.0
EC_N-234_001,N-234_EC001,N-234 existing cluster 1,150.0,10,0.4,0,0.0,0.0,0.0,0,0.0
EC_N-234_002,N-234_EC002,N-234 existing cluster 2,50.0,5,0.4,0,0.0,0.0,0.0,0,0.0
EC_N-234_003,N-234_EC003,N-234 existing cluster 3,22.17,4,0.4,0,0.0,0.0,0.0,0,0.0
EC_N-234_004,N-234_EC004,N-234 existing cluster 4,50.0,5,0.4,5,209.41695714067006,0.0,255.24476612204296,0,0.017725330980697427
EC_N-234_005,N-234_EC005,N-234 existing cluster 5,100.0,7,0.4,3,110.08599155837612,0.0,66.05159493502568,0,0.0032763687963802417
EC_N-234_006,N-234_EC006,N-234 existing cluster 6,100.0,2,0.4,9,229.62674881404604,0.0,137.77604928842766,0,0.023919453001463135
EC_N-234_007,N-234_EC007,N-234 existing cluster 7,50.0,5,0.4,2,91.31075898118073,0.0,112.76852721577305,0,0.007831147723317573
EC_N-234_008,N-234_EC008,N-234 existing cluster 8,320.0,7,0.4,23,818.4415076335067,0.0,320.71382465110986,0,0.015908423841820927
EC_N-234_009,N-234_EC009,N-234 existing cluster 9,22.0,2,0.4,8,252.38097746506017,0.0,688.3117567228913,0,0.11949856887550198
EC_N-234_010,N-234_EC010,N-234 existing cluster 10,120.0,6,0.4,8,269.4445729692514,0.0,134.77331871436252,0,0.007799381870044127
EC_N-234_011,N-234_EC011,N-234 existing cluster 11,100.0,7,0.4,8,271.8835667023974,0.0,164.31416103278082,0,0.008150504019483175
EC_N-234_012,N-234_EC012,N-234 existing cluster 12,50.0,3,0.4,13,460.56768432890806,0.0,552.776371503742,0,0.06397874670182199
EC_N-234_013,N-234_EC013,N-234 existing cluster 13,50.0,9,0.4,36,1108.6802679587208,0.0,1369.7892394276837,0,0.05284680707668533
EC_N-234_014,N-234_EC014,N-234 existing cluster 14,22.0,4,0.4,16,509.4719395609306,19.279955896618503,1389.4689260752655,1,0.12061362205514457
EC_N-234_015,N-234_EC015,N-234 existing cluster 15,7.4,2,0.4,10,261.8749257504931,161.92634057949,2145.897889491742,1,0.37255171692564965
EC_N-240_000,N-240_EC000,N-240 existing cluster 0,50.0,11,0.4,0,0.0,0.0,0.0,0,0.0
EC_N-240_001,N-240_EC001,N-240 existing cluster 1,250.0,15,0.4,0,0.0,0.0,0.0,0,0.0
EC_N-240_002,N-240_EC002,N-240 existing cluster 2,50.0,10,0.4,0,0.0,0.0,0.0,0,0.0
EC_N-240_003,N-240_EC003,N-240 existing cluster 3,100.0,14,0.4,0,0.0,0.0,0.0,0,0.0
EC_N-240_004,N-240_EC004,N-240 existing cluster 4,100.0,14,0.4,0,0.0,0.0,0.0,0,0.0
EC_N-240_005,N-240_EC005,N-240 existing cluster 5,50.0,10,0.4,0,0.0,0.0,0.0,0,0.0
EC_N-240_006,N-240_EC006,N-240 existing cluster 6,50.0,13,0.4,0,0.0,0.0,0.0,0,0.0
EC_N-240_007,N-240_EC007,N-240 existing cluster 7,50.0,19,0.4,0,0.0,0.0,0.0,0,0.0
EC_N-240_008,N-240_EC008,N-240 existing cluster 8,22.0,15,0.4,0,0.0,0.0,0.0,0,0.0
EC_N-240_009,N-240_EC009,N-240 existing cluster 9,55.0,14,0.4,0,0.0,0.0,0.0,0,0.0
EC_N-240_010,N-240_EC010,N-240 existing cluster 10,100.0,15,0.4,0,0.0,0.0,0.0,0,0.0
EC_N-240_011,N-240_EC011,N-240 existing cluster 11,150.0,12,0.4,0,0.0,0.0,0.0,0,0.0
EC_N-240_012,N-240_EC012,N-240 existing cluster 12,120.0,18,0.4,0,0.0,0.0,0.0,0,0.0
EC_N-240_013,N-240_EC013,N-240 existing cluster 13,180.0,15,0.4,0,0.0,0.0,0.0,0,0.0
EC_N-240_014,N-240_EC014,N-240 existing cluster 14,50.0,17,0.4,229,10218.958313404239,5928.256397469185,12859.05348150744,33,0.26264406620725983
EC_N-240_015,N-240_EC015,N-240 existing cluster 15,150.0,11,0.4,0,0.0,0.0,0.0,0,0.0
EC_N-301_000,N-301_EC000,N-301 existing cluster 0,50.0,5,0.4,98,2819.9075350246994,2.3637138368958404,3383.8890420296375,1,0.2349922945853915
EC_N-301_001,N-301_EC001,N-301 existing cluster 1,7.4,2,0.4,6,177.33257327246582,0.0,1437.831675182155,0,0.24962355471912415
EC_N-301_002,N-301_EC002,N-301 existing cluster 2,90.0,4,0.4,35,1046.312255341761,0.0,697.5415035611738,0,0.06055047773968523
EC_N-301_003,N-301_EC003,N-301 existing cluster 3,22.17,4,0.4,2,44.67696047180888,0.0,120.91193632424594,0,0.010495827805924127
EC_N-301_004,N-301_EC004,N-301 existing cluster 4,100.0,4,0.4,0,0.0,0.0,0.0,0,0.0
EC_N-301_005,N-301_EC005,N-301 existing cluster 5,150.0,25,0.4,0,0.0,0.0,0.0,0,0.0
EC_N-301_006,N-301_EC006,N-301 existing cluster 6,100.0,4,0.4,27,835.8511941669847,0.0,501.5107165001908,0,0.043533916362863787
EC_N-301_007,N-301_EC007,N-301 existing cluster 7,100.0,4,0.4,56,1909.3823097562731,130.58351187166102,1145.6293858537642,3,0.09944699529980593
EC_N-301_008,N-301_EC008,N-301 existing cluster 8,22.0,4,0.4,6,181.90667844235315,0.0,496.1091230245995,0,0.04306502804032982
EC_N-301_009,N-301_EC009,N-301 existing cluster 9,50.0,3,0.4,0,0.0,0.0,0.0,0,0.0
EC_N-301_010,N-301_EC010,N-301 existing cluster 10,50.0,5,0.4,3,115.54143916424093,0.0,138.64972699708912,0,0.009628453263686745
EC_N-301_011,N-301_EC011,N-301 existing cluster 11,50.0,3,0.4,1,22.92810038312207,0.0,27.513720459746487,0,0.0031844583865447322
EC_N-301_012,N-301_EC012,N-301 existing cluster 12,60.0,2,0.4,15,452.0803782670909,0.0,452.0803782670909,0,0.07848617678248106
EC_N-301_013,N-301_EC013,N-301 existing cluster 13,60.0,2,0.4,2,67.7163638645127,0.0,67.7163638645127,0,0.011756313170922343
EC_N-301_014,N-301_EC014,N-301 existing cluster 14,50.0,4,0.4,0,0.0,0.0,0.0,0,0.0
EC_N-301_015,N-301_EC015,N-301 existing cluster 15,22.0,2,0.4,0,0.0,0.0,0.0,0,0.0
EC_N-330_000,N-330_EC000,N-330 existing cluster 0,50.0,13,0.4,0,0.0,0.0,0.0,0,0.0
EC_N-330_001,N-330_EC001,N-330 existing cluster 1,350.0,4,0.4,0,0.0,0.0,0.0,0,0.0
EC_N-330_002,N-330_EC002,N-330 existing cluster 2,350.0,9,0.4,0,0.0,0.0,0.0,0,0.0
EC_N-330_003,N-330_EC003,N-330 existing cluster 3,60.0,14,0.4,0,0.0,0.0,0.0,0,0.0
EC_N-330_004,N-330_EC004,N-330 existing cluster 4,50.0,9,0.4,0,0.0,0.0,0.0,0,0.0
EC_N-330_005,N-330_EC005,N-330 existing cluster 5,100.0,8,0.4,0,0.0,0.0,0.0,0,0.0
EC_N-330_006,N-330_EC006,N-330 existing cluster 6,100.0,14,0.4,1,38.29914217222775,0.0,22.97948530333665,0,0.0005699277108962463
EC_N-330_007,N-330_EC007,N-330 existing cluster 7,50.0,11,0.4,0,0.0,0.0,0.0,0,0.0
EC_N-330_008,N-330_EC008,N-330 existing cluster 8,150.0,8,0.4,0,0.0,0.0,0.0,0,0.0
EC_N-330_009,N-330_EC009,N-330 existing cluster 9,150.0,9,0.4,0,0.0,0.0,0.0,0,0.0
EC_N-330_010,N-330_EC010,N-330 existing cluster 10,50.0,7,0.4,0,0.0,0.0,0.0,0,0.0
EC_N-330_011,N-330_EC011,N-330 existing cluster 11,50.0,8,0.4,0,0.0,0.0,0.0,0,0.0
EC_N-330_012,N-330_EC012,N-330 existing cluster 12,150.0,11,0.4,0,0.0,0.0,0.0,0,0.0
EC_N-330_013,N-330_EC013,N-330 existing cluster 13,100.0,8,0.4,0,0.0,0.0,0.0,0,0.0
EC_N-330_014,N-330_EC014,N-330 existing cluster 14,100.0,10,0.4,0,0.0,0.0,0.0,0,0.0
EC_N-330_015,N-330_EC015,N-330 existing cluster 15,60.0,16,0.4,0,0.0,0.0,0.0,0,0.0
EC_N-340A_000,N-340A_EC000,N-340A existing cluster 0,100.0,11,0.4,0,0.0,0.0,0.0,0,0.0
EC_N-340A_001,N-340A_EC001,N-340A existing cluster 1,22.0,5,0.4,0,0.0,0.0,0.0,0,0.0
EC_N-340A_002,N-340A_EC002,N-340A existing cluster 2,22.0,7,0.4,0,0.0,0.0,0.0,0,0.0
EC_N-340A_003,N-340A_EC003,N-340A existing cluster 3,22.0,11,0.4,0,0.0,0.0,0.0,0,0.0
EC_N-340A_004,N-340A_EC004,N-340A existing cluster 4,22.0,4,0.4,0,0.0,0.0,0.0,0,0.0
EC_N-340A_005,N-340A_EC005,N-340A existing cluster 5,22.0,3,0.4,0,0.0,0.0,0.0,0,0.0
EC_N-340A_006,N-340A_EC006,N-340A existing cluster 6,50.0,5,0.4,0,0.0,0.0,0.0,0,0.0
EC_N-340A_007,N-340A_EC007,N-340A existing cluster 7,60.0,4,0.4,0,0.0,0.0,0.0,0,0.0
EC_N-340A_008,N-340A_EC008,N-340A existing cluster 8,100.0,9,0.4,0,0.0,0.0,0.0,0,0.0
EC_N-340A_009,N-340A_EC009,N-340A existing cluster 9,100.0,15,0.4,0,0.0,0.0,0.0,0,0.0
EC_N-340A_010,N-340A_EC010,N-340A existing cluster 10,60.0,4,0.4,0,0.0,0.0,0.0,0,0.0
EC_N-340A_011,N-340A_EC011,N-340A existing cluster 11,60.0,7,0.4,0,0.0,0.0,0.0,0,0.0
EC_N-340A_012,N-340A_EC012,N-340A existing cluster 12,150.0,8,0.4,0,0.0,0.0,0.0,0,0.0
EC_N-340A_013,N-340A_EC013,N-340A existing cluster 13,55.0,7,0.4,0,0.0,0.0,0.0,0,0.0
EC_N-340A_014,N-340A_EC014,N-340A existing cluster 14,55.2,6,0.4,0,0.0,0.0,0.0,0,0.0
EC_N-340A_015,N-340A_EC015,N-340A existing cluster 15,60.0,5,0.4,0,0.0,0.0,0.0,0,0.0
EC_N-4_000,N-4_EC000,N-4 existing cluster 0,140.0,8,0.4,211,7530.17582587924,43.094100479704935,3390.8058631830554,5,0.1471703933673201
EC_N-4_001,N-4_EC001,N-4 existing cluster 1,50.0,3,0.4,13,459.94317694391793,202.96195821107267,551.9318123327015,3,0.06388099679776638
EC_N-4_002,N-4_EC002,N-4 existing cluster 2,50.0,13,0.4,0,0.0,0.0,0.0,0,0.0
EC_N-4_003,N-4_EC003,N-4 existing cluster 3,50.0,3,0.4,2202,1159.4805667035303,0.0,1391.376680044252,0,0.16103896759771436
EC_N-4_004,N-4_EC004,N-4 existing cluster 4,10.53,4,0.4,2,0.4261757166956457,0.0,2.4283516620834513,0,0.0002107944151114107
EC_N-4_005,N-4_EC005,N-4 existing cluster 5,22.0,4,0.4,0,0.0,0.0,0.0,0,0.0
EC_N-4_006,N-4_EC006,N-4 existing cluster 6,22.0,2,0.4,0,0.0,0.0,0.0,0,0.0
EC_N-4_007,N-4_EC007,N-4 existing cluster 7,22.0,2,0.4,0,0.0,0.0,0.0,0,0.0
EC_N-4_008,N-4_EC008,N-4 existing cluster 8,22.0,4,0.4,0,0.0,0.0,0.0,0,0.0
EC_N-4_009,N-4_EC009,N-4 existing cluster 9,22.0,2,0.4,0,0.0,0.0,0.0,0,0.0
EC_N-4_010,N-4_EC010,N-4 existing cluster 10,7.4,49,0.4,0,0.0,0.0,0.0,0,0.0
EC_N-4_011,N-4_EC011,N-4 existing cluster 11,150.0,2,0.4,0,0.0,0.0,0.0,0,0.0
EC_N-4_012,N-4_EC012,N-4 existing cluster 12,22.17,6,0.4,0,0.0,0.0,0.0,0,0.0
EC_N-4_013,N-4_EC013,N-4 existing cluster 13,22.0,2,0.4,0,0.0,0.0,0.0,0,0.0
EC_N-4_014,N-4_EC014,N-4 existing cluster 14,22.0,6,0.4,0,0.0,0.0,0.0,0,0.0
EC_N-4_015,N-4_EC015,N-4 existing cluster 15,120.0,3,0.4,0,0.0,0.0,0.0,0,0.0
EC_N-420_000,N-420_EC000,N-420 existing cluster 0,50.0,8,0.4,5,157.97660109766812,0.0,189.57192131720174,0,0.008227947973836882
EC_N-420_001,N-420_EC001,N-420 existing cluster 1,50.0,8,0.4,0,0.0,0.0,0.0,0,0.0
EC_N-420_002,N-420_EC002,N-420 existing cluster 2,50.0,9,0.4,0,0.0,0.0,0.0,0,0.0
EC_N-420_003,N-420_EC003,N-420 existing cluster 3,110.0,8,0.4,0,0.0,0.0,0.0,0,0.0
EC_N-420_004,N-420_EC004,N-420 existing cluster 4,22.0,6,0.4,0,0.0,0.0,0.0,0,0.0
EC_N-420_005,N-420_EC005,N-420 existing cluster 5,50.0,7,0.4,0,0.0,0.0,0.0,0,0.0
EC_N-420_006,N-420_EC006,N-420 existing cluster 6,60.0,7,0.4,0,0.0,0.0,0.0,0,0.0
EC_N-420_007,N-420_EC007,N-420 existing cluster 7,55.0,7,0.4,0,0.0,0.0,0.0,0,0.0
EC_N-420_008,N-420_EC008,N-420 existing cluster 8,60.0,11,0.4,0,0.0,0.0,0.0,0,0.0
EC_N-420_009,N-420_EC009,N-420 existing cluster 9,100.0,8,0.4,0,0.0,0.0,0.0,0,0.0
EC_N-420_010,N-420_EC010,N-420 existing cluster 10,50.0,10,0.4,0,0.0,0.0,0.0,0,0.0
EC_N-420_011,N-420_EC011,N-420 existing cluster 11,50.0,7,0.4,0,0.0,0.0,0.0,0,0.0
EC_N-420_012,N-420_EC012,N-420 existing cluster 12,50.0,10,0.4,0,0.0,0.0,0.0,0,0.0
EC_N-420_013,N-420_EC013,N-420 existing cluster 13,22.0,18,0.4,0,0.0,0.0,0.0,0,0.0
EC_N-420_014,N-420_EC014,N-420 existing cluster 14,100.0,15,0.4,0,0.0,0.0,0.0,0,0.0
EC_N-420_015,N-420_EC015,N-420 existing cluster 15,7.6,12,0.4,0,0.0,0.0,0.0,0,0.0
EC_N-420A_000,N-420A_EC000,N-420A existing cluster 0,22.0,2,0.4,17,540.2813784187597,0.0,1473.4946684147992,0,0.25581504659979154
EC_N-420A_001,N-420A_EC001,N-420A existing cluster 1,60.0,1,0.4,13,400.05609449481693,31.845147862355702,400.0560944948169,1,0.13890836614403362
EC_N-420A_002,N-420A_EC002,N-420A existing cluster 2,50.0,4,0.4,13,427.680907795043,0.0,513.2170893540516,0,0.044550094561983646
EC_N-420A_003,N-420A_EC003,N-420A existing cluster 3,50.0,3,0.4,22,262.13667833930924,0.0,314.6274609903431,0,0.03641521539240082
EC_N-420A_004,N-420A_EC004,N-420A existing cluster 4,60.0,2,0.4,6,192.06968611471095,0.0,192.06968611471095,0,0.033345431617137315
EC_N-420A_005,N-420A_EC005,N-420A existing cluster 5,21.0,2,0.4,6,83.21174000426342,0.0,237.7478285836098,0,0.041275664684654476
EC_N-420A_006,N-420A_EC006,N-420A existing cluster 6,55.0,3,0.4,52,803.0082008336717,0.0,876.0089463640053,0,0.1013899243476858
EC_N-420A_007,N-420A_EC007,N-420A existing cluster 7,50.0,3,0.4,29,943.443801038556,0.0,1132.1325612462672,0,0.131033861255355
EC_N-420A_008,N-420A_EC008,N-420A existing cluster 8,7.0,1,0.4,3,96.49163637559852,0.0,827.0711689337018,0,0.2871774892130909
EC_N-430_000,N-430_EC000,N-430 existing cluster 0,50.0,8,0.4,0,0.0,0.0,0.0,0,0.0
EC_N-430_001,N-430_EC001,N-430 existing cluster 1,50.0,7,0.4,0,0.0,0.0,0.0,0,0.0
EC_N-430_002,N-430_EC002,N-430 existing cluster 2,150.0,4,0.4,0,0.0,0.0,0.0,0,0.0
EC_N-430_003,N-430_EC003,N-430 existing cluster 3,150.0,7,0.4,0,0.0,0.0,0.0,0,0.0
EC_N-430_004,N-430_EC004,N-430 existing cluster 4,100.0,8,0.4,5,101.28324462385802,0.0,60.76994677431482,0,0.0026375844954129694
EC_N-430_005,N-430_EC005,N-430 existing cluster 5,60.0,5,0.4,6,209.87270760163443,0.0,209.87270760163443,0,0.014574493583446835
EC_N-430_006,N-430_EC006,N-430 existing cluster 6,150.0,7,0.4,4,87.57849722706841,0.0,39.26161542379643,0,0.0019475007650692673
EC_N-430_007,N-430_EC007,N-430 existing cluster 7,100.0,7,0.4,1,24.40894873359781,0.0,15.51633698209417,0,0.0007696595725245124
EC_N-430_008,N-430_EC008,N-430 existing cluster 8,100.0,5,0.4,2,71.68123872493754,0.0,43.99282325997583,0,0.0030550571708316547
EC_N-430_009,N-430_EC009,N-430 existing cluster 9,50.0,8,0.4,0,0.0,0.0,0.0,0,0.0
EC_N-430_010,N-430_EC010,N-430 existing cluster 10,120.0,5,0.4,0,0.0,0.0,0.0,0,0.0
EC_N-430_011,N-430_EC011,N-430 existing cluster 11,120.0,3,0.4,0,0.0,0.0,0.0,0,0.0
EC_N-430_012,N-430_EC012,N-430 existing cluster 12,50.0,9,0.4,3,85.60110212041685,0.0,102.72132254450023,0,0.003963013987056336
EC_N-430_013,N-430_EC013,N-430 existing cluster 13,150.0,26,0.4,2,100.75730628322455,0.0,46.01319959917136,0,0.0006144925160145747
EC_N-430_014,N-430_EC014,N-430 existing cluster 14,60.0,5,0.4,6,114.69120975748837,0.0,117.26545633283084,0,0.008143434467557697
EC_N-430_015,N-430_EC015,N-430 existing cluster 15,50.0,6,0.4,2,108.99502258101286,0.0,137.2457897149736,0,0.007942464682579491
EC_N-432_000,N-432_EC000,N-432 existing cluster 0,50.0,11,0.4,13,331.9278621520537,0.0,398.3134345824645,0,0.012573025081517187
EC_N-432_001,N-432_EC001,N-432 existing cluster 1,150.0,10,0.4,7,242.67766231400668,0.0,103.75023297207035,0,0.003602438644863554
EC_N-432_002,N-432_EC002,N-432 existing cluster 2,150.0,6,0.4,0,0.0,0.0,0.0,0,0.0
EC_N-432_003,N-432_EC003,N-432 existing cluster 3,50.0,9,0.4,3,119.85189612159422,0.0,143.82227534591306,0,0.005548698894518251
EC_N-432_004,N-432_EC004,N-432 existing cluster 4,150.0,8,0.4,2,56.05017104087888,0.0,24.485399962377016,0,0.001062734373367058
EC_N-432_005,N-432_EC005,N-432 existing cluster 5,50.0,5,0.4,17,506.7476632133975,0.0,611.1862917464879,0,0.04244349248239499
EC_N-432_006,N-432_EC006,N-432 existing cluster 6,22.0,9,0.4,3,135.75044673919575,0.0,370.2284911068974,0,0.01428350660134635
EC_N-432_007,N-432_EC007,N-432 existing cluster 7,50.0,5,0.4,12,399.19753402338716,0.0,479.03704082806456,0,0.0332664611686156
EC_N-432_008,N-432_EC008,N-432 existing cluster 8,50.0,11,0.4,4,164.18035872030714,0.0,197.01643046436857,0,0.006218952981829816
EC_N-432_009,N-432_EC009,N-432 existing cluster 9,150.0,9,0.4,4,122.94425114058629,0.0,61.53345764798028,0,0.002373975989505412
EC_N-432_010,N-432_EC010,N-432 existing cluster 10,150.0,4,0.4,49,1781.5534226000252,64.1959271785056,778.3803811717781,5,0.0675677414211613
EC_N-432_011,N-432_EC011,N-432 existing cluster 11,120.0,10,0.4,0,0.0,0.0,0.0,0,0.0
EC_N-432_012,N-432_EC012,N-432 existing cluster 12,100.0,24,0.4,0,0.0,0.0,0.0,0,0.0
EC_N-432_013,N-432_EC013,N-432 existing cluster 13,50.0,5,0.4,0,0.0,0.0,0.0,0,0.0
EC_N-432_014,N-432_EC014,N-432 existing cluster 14,60.0,4,0.4,19,342.82063278306833,0.0,342.82063278306833,0,0.02975873548464135
EC_N-432_015,N-432_EC015,N-432 existing cluster 15,50.0,6,0.4,0,0.0,0.0,0.0,0,0.0
EC_N-432A_000,N-432A_EC000,N-432A existing cluster 0,22.0,6,0.4,81,2299.483809059326,1394.834002486141,6298.270047517019,5,0.36448322034242003
EC_N-432A_001,N-432A_EC001,N-432A existing cluster 1,30.0,3,0.4,0,0.0,0.0,0.0,0,0.0
EC_N-432A_002,N-432A_EC002,N-432A existing cluster 2,22.0,6,0.4,0,0.0,0.0,0.0,0,0.0
EC_N-432A_003,N-432A_EC003,N-432A existing cluster 3,22.0,2,0.4,0,0.0,0.0,0.0,0,0.0
EC_N-432A_004,N-432A_EC004,N-432A existing cluster 4,22.0,2,0.4,0,0.0,0.0,0.0,0,0.0
EC_N-432A_005,N-432A_EC005,N-432A existing cluster 5,7.4,1,0.4,0,0.0,0.0,0.0,0,0.0
EC_N-432A_006,N-432A_EC006,N-432A existing cluster 6,22.0,2,0.4,0,0.0,0.0,0.0,0,0.0
EC_N-5_000,N-5_EC000,N-5 existing cluster 0,22.0,2,0.4,2,76.12615616882093,0.0,214.87955418395748,0,0.037305478156937064
EC_N-5_001,N-5_EC001,N-5 existing cluster 1,300.0,8,0.4,0,0.0,0.0,0.0,0,0.0
EC_N-5_002,N-5_EC002,N-5 existing cluster 2,150.0,20,0.4,0,0.0,0.0,0.0,0,0.0
EC_N-5_003,N-5_EC003,N-5 existing cluster 3,24.0,3,0.4,0,0.0,0.0,0.0,0,0.0
EC_N-5_004,N-5_EC004,N-5 existing cluster 4,22.0,2,0.4,0,0.0,0.0,0.0,0,0.0
EC_N-5_005,N-5_EC005,N-5 existing cluster 5,22.0,2,0.4,0,0.0,0.0,0.0,0,0.0
EC_N-5_006,N-5_EC006,N-5 existing cluster 6,22.0,2,0.4,0,0.0,0.0,0.0,0,0.0
EC_N-5_007,N-5_EC007,N-5 existing cluster 7,22.0,2,0.4,0,0.0,0.0,0.0,0,0.0
EC_N-5_008,N-5_EC008,N-5 existing cluster 8,7.4,2,0.4,0,0.0,0.0,0.0,0,0.0
EC_N-5_009,N-5_EC009,N-5 existing cluster 9,22.0,2,0.4,0,0.0,0.0,0.0,0,0.0
EC_N-5_010,N-5_EC010,N-5 existing cluster 10,25.0,3,0.4,0,0.0,0.0,0.0,0,0.0
EC_N-5_011,N-5_EC011,N-5 existing cluster 11,100.0,4,0.4,0,0.0,0.0,0.0,0,0.0
EC_N-5_012,N-5_EC012,N-5 existing cluster 12,22.0,4,0.4,0,0.0,0.0,0.0,0,0.0
EC_N-5_013,N-5_EC013,N-5 existing cluster 13,100.0,4,0.4,0,0.0,0.0,0.0,0,0.0
EC_N-5_014,N-5_EC014,N-5 existing cluster 14,50.0,3,0.4,0,0.0,0.0,0.0,0,0.0
EC_N-5_015,N-5_EC015,N-5 existing cluster 15,50.0,3,0.4,0,0.0,0.0,0.0,0,0.0
EC_N-550_000,N-550_EC000,N-550 existing cluster 0,320.0,4,0.4,0,0.0,0.0,0.0,0,0.0
EC_N-550_001,N-550_EC001,N-550 existing cluster 1,22.0,22,0.4,0,0.0,0.0,0.0,0,0.0
EC_N-550_002,N-550_EC002,N-550 existing cluster 2,42.0,3,0.4,0,0.0,0.0,0.0,0,0.0
EC_N-550_003,N-550_EC003,N-550 existing cluster 3,320.0,1,0.4,1,27.226883383298524,0.0,13.613441691649262,0,0.004726889476267105
EC_N-550_004,N-550_EC004,N-550 existing cluster 4,50.0,5,0.4,1,26.655572215955246,0.0,31.986686659146297,0,0.002221297684662937
EC_N-550_005,N-550_EC005,N-550 existing cluster 5,50.0,3,0.4,1,31.454052647279116,0.0,37.74486317673494,0,0.00436861842323321
EC_N-550_006,N-550_EC006,N-550 existing cluster 6,60.0,7,0.4,0,0.0,0.0,0.0,0,0.0
EC_N-550_007,N-550_EC007,N-550 existing cluster 7,50.0,3,0.4,1,36.085217232229766,0.0,43.30226067867572,0,0.005011835726698579
EC_N-550_008,N-550_EC008,N-550 existing cluster 8,22.0,2,0.4,0,0.0,0.0,0.0,0,0.0
EC_N-550_009,N-550_EC009,N-550 existing cluster 9,40.0,7,0.4,5,162.8994949411474,0.0,244.3492424117211,0,0.012120498135502039
EC_N-550_010,N-550_EC010,N-550 existing cluster 10,120.0,6,0.4,0,0.0,0.0,0.0,0,0.0
EC_N-550_011,N-550_EC011,N-550 existing cluster 11,22.17,4,0.4,0,0.0,0.0,0.0,0,0.0
EC_N-550_012,N-550_EC012,N-550 existing cluster 12,22.0,2,0.4,1,24.760216580254756,0.0,67.52786340069478,0,0.011723587395953956
EC_N-550_013,N-550_EC013,N-550 existing cluster 13,22.0,4,0.4,5,147.57490308175517,0.0,402.47700840478683,0,0.03493724031291552
EC_N-550_014,N-550_EC014,N-550 existing cluster 14,50.0,3,0.4,33,955.4832681029883,64.21487459317734,1146.5799217235858,1,0.13270600945874836
EC_N-550_015,N-550_EC015,N-550 existing cluster 15,60.0,1,0.4,5,139.80425694876828,0.0,139.80425694876828,0,0.048543144773877875
EC_N-6_000,N-6_EC000,N-6 existing cluster 0,100.0,19,0.4,0,0.0,0.0,0.0,0,0.0
EC_N-6_001,N-6_EC001,N-6 existing cluster 1,160.0,7,0.4,54,1392.6466748272323,0.0,577.4166029413442,0,0.028641696574471437
EC_N-6_002,N-6_EC002,N-6 existing cluster 2,100.0,8,0.4,58,1689.0176634401175,0.0,1014.593437034741,0,0.04403617348241063
EC_N-6_003,N-6_EC003,N-6 existing cluster 3,150.0,20,0.4,5,152.24851906316408,0.0,62.43107867356724,0,0.00108387289363832
EC_N-6_004,N-6_EC004,N-6 existing cluster 4,50.0,12,0.4,21,618.6072776210917,0.0,742.4325297532904,0,0.021482422735916967
EC_N-6_005,N-6_EC005,N-6 existing cluster 5,50.0,12,0.4,4,144.62427805699082,0.0,178.4510380515369,0,0.005163513832509748
EC_N-6_006,N-6_EC006,N-6 existing cluster 6,50.0,9,0.4,21,792.5003048720325,0.0,951.0003658464392,0,0.03668982892926077
EC_N-6_007,N-6_EC007,N-6 existing cluster 7,100.0,11,0.4,12,456.1879180992411,0.0,290.53525841500493,0,0.009170936187342327
EC_N-6_008,N-6_EC008,N-6 existing cluster 8,50.0,11,0.4,0,0.0,0.0,0.0,0,0.0
EC_N-6_009,N-6_EC009,N-6 existing cluster 9,50.0,17,0.4,0,0.0,0.0,0.0,0,0.0
EC_N-6_010,N-6_EC010,N-6 existing cluster 10,50.0,14,0.4,0,0.0,0.0,0.0,0,0.0
EC_N-6_011,N-6_EC011,N-6 existing cluster 11,250.0,29,0.4,1,34.2572239224259,0.0,15.316229607306951,0,0.00018338397518327288
EC_N-6_012,N-6_EC012,N-6 existing cluster 12,150.0,18,0.4,8,185.3663266054234,0.0,85.87954014009047,0,0.0016566269317147082
EC_N-6_013,N-6_EC013,N-6 existing cluster 13,150.0,21,0.4,8,279.5938544753458,0.0,125.2101051723128,0,0.002070272902981362
EC_N-6_014,N-6_EC014,N-6 existing cluster 14,150.0,14,0.4,0,0.0,0.0,0.0,0,0.0
EC_N-6_015,N-6_EC015,N-6 existing cluster 15,180.0,9,0.4,28,904.0372823884809,0.0,348.0252511618097,0,0.0134269001219834
EC_N-611_000,N-611_EC000,N-611 existing cluster 0,50.0,7,0.4,0,0.0,0.0,0.0,0,0.0
EC_N-611_001,N-611_EC001,N-611 existing cluster 1,150.0,15,0.4,0,0.0,0.0,0.0,0,0.0
EC_N-611_002,N-611_EC002,N-611 existing cluster 2,50.0,10,0.4,0,0.0,0.0,0.0,0,0.0
EC_N-611_003,N-611_EC003,N-611 existing cluster 3,180.0,6,0.4,0,0.0,0.0,0.0,0,0.0
EC_N-611_004,N-611_EC004,N-611 existing cluster 4,60.0,7,0.4,0,0.0,0.0,0.0,0,0.0
EC_N-611_005,N-611_EC005,N-611 existing cluster 5,22.17,14,0.4,0,0.0,0.0,0.0,0,0.0
EC_N-611_006,N-611_EC006,N-611 existing cluster 6,7.36,2,0.4,3,103.1463585985021,0.0,840.8670537921366,0,0.14598386350557926
EC_N-611_007,N-611_EC007,N-611 existing cluster 7,50.0,12,0.4,0,0.0,0.0,0.0,0,0.0
EC_N-611_008,N-611_EC008,N-611 existing cluster 8,50.0,5,0.4,0,0.0,0.0,0.0,0,0.0
EC_N-611_009,N-611_EC009,N-611 existing cluster 9,22.0,6,0.4,0,0.0,0.0,0.0,0,0.0
EC_N-611_010,N-611_EC010,N-611 existing cluster 10,100.0,28,0.4,0,0.0,0.0,0.0,0,0.0
EC_N-611_011,N-611_EC011,N-611 existing cluster 11,150.0,8,0.4,0,0.0,0.0,0.0,0,0.0
EC_N-611_012,N-611_EC012,N-611 existing cluster 12,22.0,13,0.4,0,0.0,0.0,0.0,0,0.0
EC_N-611_013,N-611_EC013,N-611 existing cluster 13,50.0,6,0.4,0,0.0,0.0,0.0,0,0.0
EC_N-611_014,N-611_EC014,N-611 existing cluster 14,50.0,8,0.4,0,0.0,0.0,0.0,0,0.0
EC_N-611_015,N-611_EC015,N-611 existing cluster 15,50.0,7,0.4,0,0.0,0.0,0.0,0,0.0
EC_N-623_000,N-623_EC000,N-623 existing cluster 0,22.0,4,0.4,40,1081.4166467615564,58.56410287341532,2949.318127531517,1,0.2560171985704442
EC_N-623_001,N-623_EC001,N-623 existing cluster 1,150.0,8,0.4,0,0.0,0.0,0.0,0,0.0
EC_N-623_002,N-623_EC002,N-623 existing cluster 2,120.0,2,0.4,8,294.9147485551998,0.0,147.4573742775999,0,0.025600238589861095
EC_N-623_003,N-623_EC003,N-623 existing cluster 3,100.0,4,0.4,12,292.9405943324786,0.0,175.76435659948712,0,0.015257322621483256
EC_N-623_004,N-623_EC004,N-623 existing cluster 4,200.0,8,0.4,1,38.1535298950315,0.0,11.44605896850945,0,0.000496790753841556
EC_N-623_005,N-623_EC005,N-623 existing cluster 5,11.0,6,0.4,1,34.98133502481981,0.0,190.8072819535626,0,0.011042088076016355
EC_N-623_006,N-623_EC006,N-623 existing cluster 6,150.0,2,0.4,0,0.0,0.0,0.0,0,0.0
EC_N-623_007,N-623_EC007,N-623 existing cluster 7,60.0,1,0.4,6,179.59541188557114,0.0,179.59541188557114,0,0.06235951801582331
EC_N-623_008,N-623_EC008,N-623 existing cluster 8,50.0,2,0.4,10,264.8185439729657,0.0,317.7822527675589,0,0.05517052999436786
EC_N-623_009,N-623_EC009,N-623 existing cluster 9,50.0,3,0.4,36,1011.6521339703078,0.0,1213.9825607643693,0,0.1405072408292094
EC_N-634_000,N-634_EC000,N-634 existing cluster 0,55.0,32,0.4,4,85.62938274181766,0.0,93.4138720819829,0,0.001013605382834016
EC_N-634_001,N-634_EC001,N-634 existing cluster 1,150.0,37,0.4,2,68.28346971970534,0.0,30.020193774870016,0,0.0002817210376770835
EC_N-634_002,N-634_EC002,N-634 existing cluster 2,50.0,33,0.4,0,0.0,0.0,0.0,0,0.0
EC_N-634_003,N-634_EC003,N-634 existing cluster 3,50.0,45,0.4,1,30.611489061667644,0.0,36.733786874001176,0,0.0002834397135339597
EC_N-634_004,N-634_EC004,N-634 existing cluster 4,320.0,45,0.4,0,0.0,0.0,0.0,0,0.0
EC_N-634_005,N-634_EC005,N-634 existing cluster 5,320.0,38,0.4,1,32.26051311407008,0.0,14.33800582847559,0,0.00013101248015785443
EC_N-634_006,N-634_EC006,N-634 existing cluster 6,150.0,22,0.4,0,0.0,0.0,0.0,0,0.0
EC_N-634_007,N-634_EC007,N-634 existing cluster 7,50.0,25,0.4,0,0.0,0.0,0.0,0,0.0
EC_N-634_008,N-634_EC008,N-634 existing cluster 8,360.0,33,0.4,0,0.0,0.0,0.0,0,0.0
EC_N-634_009,N-634_EC009,N-634 existing cluster 9,150.0,25,0.4,0,0.0,0.0,0.0,0,0.0
EC_N-634_010,N-634_EC010,N-634 existing cluster 10,100.0,27,0.4,0,0.0,0.0,0.0,0,0.0
EC_N-634_011,N-634_EC011,N-634 existing cluster 11,200.0,29,0.4,0,0.0,0.0,0.0,0,0.0
EC_N-634_012,N-634_EC012,N-634 existing cluster 12,110.0,23,0.4,0,0.0,0.0,0.0,0,0.0
EC_N-634_013,N-634_EC013,N-634 existing cluster 13,150.0,22,0.4,0,0.0,0.0,0.0,0,0.0
EC_N-634_014,N-634_EC014,N-634 existing cluster 14,360.0,34,0.4,0,0.0,0.0,0.0,0,0.0
EC_N-634_015,N-634_EC015,N-634 existing cluster 15,100.0,19,0.4,0,0.0,0.0,0.0,0,0.0
