station_id,node_id,name,max_power_kw,num_connectors,price_per_kwh,total_sessions,total_energy_kwh,total_wait_min,total_charge_min,peak_queue,utilization_rate
EC_AP-2_000,AP-2_EC000,AP-2 existing cluster 0,15.0,3,0.4,16,373.2354247508788,0.0,1500.4900861002895,0,0.17366783403938538
EC_AP-2_001,AP-2_EC001,AP-2 existing cluster 1,22.0,2,0.4,12,423.50213785961995,8.845605345812373,1168.2287044265295,1,0.2028174834073836
EC_AP-2_002,AP-2_EC002,AP-2 existing cluster 2,60.0,2,0.4,14,553.0440775574431,0.0,559.3496551497766,0,0.09710931513016954
EC_AP-2_003,AP-2_EC003,AP-2 existing cluster 3,60.0,2,0.4,27,950.3189451219083,70.015236000492,951.0037134921544,1,0.1651048113701657
EC_AP-2_004,AP-2_EC004,AP-2 existing cluster 4,22.0,2,0.4,18,532.1917853448813,9.80900705472743,1457.155065437716,1,0.2529783099718257
EC_AP-2_005,AP-2_EC005,AP-2 existing cluster 5,22.0,2,0.4,11,381.88083070045064,0.0,1086.221904404984,0,0.18858019173697638
EC_AP-2_006,AP-2_EC006,AP-2 existing cluster 6,22.0,2,0.4,9,302.1067326859771,0.0,836.4744125718335,0,0.14522125218260998
EC_AP-2_007,AP-2_EC007,AP-2 existing cluster 7,22.0,2,0.4,16,554.2463708009518,257.5066851058409,1546.711603550024,2,0.26852632006076804
EC_AP-2_008,AP-2_EC008,AP-2 existing cluster 8,50.0,3,0.4,54,1803.664100189563,169.42352146672226,2176.737028951886,2,0.2519371561286905
EC_AP-2_009,AP-2_EC009,AP-2 existing cluster 9,50.0,3,0.4,41,1214.867406913558,29.284689753346584,1472.2720167511336,2,0.17040185379064046
STA_0003,STA_0003,Proposed AP-2 (STA_0003),150.0,6,0.4,102,2995.5186996778984,0.0,1325.9642520711352,0,0.07673404236522773
EC_A-2_000,A-2_EC000,A-2 existing cluster 0,350.0,37,0.4,0,0.0,0.0,0.0,0,0.0
EC_A-2_001,A-2_EC001,A-2 existing cluster 1,150.0,46,0.4,2,52.107484420703436,0.0,25.262336806810712,0,0.0001906879287953707
EC_A-2_002,A-2_EC002,A-2 existing cluster 2,50.0,27,0.4,0,0.0,0.0,0.0,0,0.0
EC_A-2_003,A-2_EC003,A-2 existing cluster 3,150.0,34,0.4,0,0.0,0.0,0.0,0,0.0
EC_A-2_004,A-2_EC004,A-2 existing cluster 4,50.0,67,0.4,5,188.90196050458846,0.0,226.68235260550614,0,0.0011747634359738088
EC_A-2_005,A-2_EC005,A-2 existing cluster 5,150.0,22,0.4,1,57.86609283685401,0.0,23.146437134741603,0,0.00036531624265690664
EC_A-2_006,A-2_EC006,A-2 existing cluster 6,150.0,24,0.4,1,39.924867445712685,0.0,15.969946978285074,0,0.0002310466866071336
EC_A-2_007,A-2_EC007,A-2 existing cluster 7,50.0,22,0.4,1,48.52259618845591,0.0,58.22711542614709,0,0.0009189885641753012
EC_A-2_008,A-2_EC008,A-2 existing cluster 8,150.0,35,0.4,0,0.0,0.0,0.0,0,0.0
EC_A-2_009,A-2_EC009,A-2 existing cluster 9,150.0,64,0.4,1,31.503449561333504,0.0,13.501478383428644,0,7.325020824342797e-05
EC_A-2_010,A-2_EC010,A-2 existing cluster 10,172.0,37,0.4,0,0.0,0.0,0.0,0,0.0
EC_A-2_011,A-2_EC011,A-2 existing cluster 11,150.0,17,0.4,24,692.1649174783781,0.0,300.2113523416673,0,0.006131767817436015
EC_A-2_012,A-2_EC012,A-2 existing cluster 12,150.0,17,0.4,12,444.70742692337825,0.0,190.45152369342082,0,0.003889941251908105
EC_A-2_013,A-2_EC013,A-2 existing cluster 13,300.0,21,0.4,7,260.73148193845674,0.0,122.27691078323282,0,0.0020217743185058337
EC_A-2_014,A-2_EC014,A-2 existing cluster 14,150.0,40,0.4,4,115.45628782973458,0.0,59.157236689461,0,0.0005135176795960156
EC_A-2_015,A-2_EC015,A-2 existing cluster 15,200.0,32,0.4,1,29.233359319088557,0.0,12.992604141817136,0,0.0001409787775804811
EC_A-2_016,A-2_EC016,A-2 existing cluster 16,320.0,49,0.4,7,262.7834353932588,0.0,104.6722200019831,0,0.000741724914980039
EC_A-2_017,A-2_EC017,A-2 existing cluster 17,120.0,34,0.4,0,0.0,0.0,0.0,0,0.0
EC_A-2_018,A-2_EC018,A-2 existing cluster 18,360.0,34,0.4,1,23.70346312906739,0.0,14.222077877440434,0,0.00014524180838889332
EC_A-2_019,A-2_EC019,A-2 existing cluster 19,50.0,31,0.4,0,0.0,0.0,0.0,0,0.0
EC_A-2_020,A-2_EC020,A-2 existing cluster 20,150.0,45,0.4,2,80.97075762332179,0.0,33.72657264643326,0,0.00026023590004963936
EC_A-2_021,A-2_EC021,A-2 existing cluster 21,300.0,36,0.4,73,2035.403632635276,0.0,765.0815708364318,0,0.007379258977974843
EC_A-2_022,A-2_EC022,A-2 existing cluster 22,350.0,71,0.4,88,2232.302593844205,0.0,873.7828919190774,0,0.004273194893970449
EC_A-2_023,A-2_EC023,A-2 existing cluster 23,300.0,34,0.4,43,1570.8558360330976,0.0,598.2002793941815,0,0.006109071480741233
EC_A-2_024,A-2_EC024,A-2 existing cluster 24,300.0,22,0.4,16,542.4478947850362,0.0,196.01223474693307,0,0.003093627442344272
EC_A-2_025,A-2_EC025,A-2 existing cluster 25,300.0,43,0.4,37,853.6147288737316,0.0,314.4247482644777,0,0.002538959530559413
EC_A-2_026,A-2_EC026,A-2 existing cluster 26,150.0,37,0.4,87,2315.4893315120553,0.0,1062.7750934896765,0,0.009973489991457174
EC_A-2_027,A-2_EC027,A-2 existing cluster 27,250.0,37,0.4,69,1478.9073879208229,0.0,580.915642624571,0,0.005451535685290643
EC_A-2_028,A-2_EC028,A-2 existing cluster 28,350.0,28,0.4,34,900.4209358439351,0.0,360.9079600057811,0,0.004475545138960579
EC_A-2_029,A-2_EC029,A-2 existing cluster 29,300.0,25,0.4,90,2242.403886803393,0.0,822.0599585416156,0,0.011417499424189107
EC_A-2_030,A-2_EC030,A-2 existing cluster 30,150.0,40,0.4,1,42.0987371207121,0.0,21.04936856035605,0,0.00018272021319753516
EC_A-2_031,A-2_EC031,A-2 existing cluster 31,350.0,32,0.4,0,0.0,0.0,0.0,0,0.0
EC_A-2_032,A-2_EC032,A-2 existing cluster 32,240.0,33,0.4,0,0.0,0.0,0.0,0,0.0
EC_A-2_033,A-2_EC033,A-2 existing cluster 33,150.0,27,0.4,0,0.0,0.0,0.0,0,0.0
EC_A-2_034,A-2_EC034,A-2 existing cluster 34,60.0,31,0.4,0,0.0,0.0,0.0,0,0.0
EC_A-2_035,A-2_EC035,A-2 existing cluster 35,350.0,31,0.4,0,0.0,0.0,0.0,0,0.0
EC_A-2_036,A-2_EC036,A-2 existing cluster 36,60.0,31,0.4,0,0.0,0.0,0.0,0,0.0
EC_A-2_037,A-2_EC037,A-2 existing cluster 37,80.0,32,0.4,0,0.0,0.0,0.0,0,0.0
EC_A-2_038,A-2_EC038,A-2 existing cluster 38,50.0,51,0.4,0,0.0,0.0,0.0,0,0.0
EC_A-2_039,A-2_EC039,A-2 existing cluster 39,320.0,29,0.4,0,0.0,0.0,0.0,0,0.0
EC_A-2_040,A-2_EC040,A-2 existing cluster 40,300.0,49,0.4,0,0.0,0.0,0.0,0,0.0
EC_AP-7_000,AP-7_EC000,AP-7 existing cluster 0,150.0,27,0.4,0,0.0,0.0,0.0,0,0.0
EC_AP-7_001,AP-7_EC001,AP-7 existing cluster 1,250.0,43,0.4,12,315.60599009470917,0.0,122.20152679597041,0,0.0009867694347219832
EC_AP-7_002,AP-7_EC002,AP-7 existing cluster 2,60.0,32,0.4,43,1082.0863158654179,0.0,1085.8141924253484,0,0.01178183802544866
EC_AP-7_003,AP-7_EC003,AP-7 existing cluster 3,250.0,28,0.4,0,0.0,0.0,0.0,0,0.0
EC_AP-7_004,AP-7_EC004,AP-7 existing cluster 4,320.0,28,0.4,0,0.0,0.0,0.0,0,0.0
EC_AP-7_005,AP-7_EC005,AP-7 existing cluster 5,100.0,35,0.4,0,0.0,0.0,0.0,0,0.0
EC_AP-7_006,AP-7_EC006,AP-7 existing cluster 6,150.0,25,0.4,0,0.0,0.0,0.0,0,0.0
EC_AP-7_007,AP-7_EC007,AP-7 existing cluster 7,320.0,23,0.4,0,0.0,0.0,0.0,0,0.0
EC_AP-7_008,AP-7_EC008,AP-7 existing cluster 8,100.0,35,0.4,0,0.0,0.0,0.0,0,0.0
EC_AP-7_009,AP-7_EC009,AP-7 existing cluster 9,180.0,38,0.4,0,0.0,0.0,0.0,0,0.0
EC_AP-7_010,AP-7_EC010,AP-7 existing cluster 10,50.0,28,0.4,0,0.0,0.0,0.0,0,0.0
EC_AP-7_011,AP-7_EC011,AP-7 existing cluster 11,250.0,37,0.4,0,0.0,0.0,0.0,0,0.0
EC_AP-7_012,AP-7_EC012,AP-7 existing cluster 12,150.0,47,0.4,0,0.0,0.0,0.0,0,0.0
EC_AP-7_013,AP-7_EC013,AP-7 existing cluster 13,50.0,33,0.4,0,0.0,0.0,0.0,0,0.0
EC_AP-7_014,AP-7_EC014,AP-7 existing cluster 14,60.0,56,0.4,0,0.0,0.0,0.0,0,0.0
EC_AP-7_015,AP-7_EC015,AP-7 existing cluster 15,200.0,40,0.4,0,0.0,0.0,0.0,0,0.0
EC_AP-7_016,AP-7_EC016,AP-7 existing cluster 16,200.0,35,0.4,0,0.0,0.0,0.0,0,0.0
EC_AP-7_017,AP-7_EC017,AP-7 existing cluster 17,150.0,57,0.4,0,0.0,0.0,0.0,0,0.0
EC_AP-7_018,AP-7_EC018,AP-7 existing cluster 18,240.0,51,0.4,0,0.0,0.0,0.0,0,0.0
EC_AP-7_019,AP-7_EC019,AP-7 existing cluster 19,150.0,20,0.4,2,70.90217338456104,0.0,33.31881928083422,0,0.0005784517236255941
EC_AP-7_020,AP-7_EC020,AP-7 existing cluster 20,150.0,85,0.4,0,0.0,0.0,0.0,0,0.0
EC_AP-7_021,AP-7_EC021,AP-7 existing cluster 21,50.0,26,0.4,0,0.0,0.0,0.0,0,0.0
EC_AP-7_022,AP-7_EC022,AP-7 existing cluster 22,55.0,32,0.4,0,0.0,0.0,0.0,0,0.0
EC_AP-7_023,AP-7_EC023,AP-7 existing cluster 23,150.0,30,0.4,14,412.9066083915943,0.0,179.02437034850192,0,0.0020720413234780314
EC_AP-7_024,AP-7_EC024,AP-7 existing cluster 24,150.0,47,0.4,0,0.0,0.0,0.0,0,0.0
EC_AP-7_025,AP-7_EC025,AP-7 existing cluster 25,250.0,42,0.4,0,0.0,0.0,0.0,0,0.0
EC_AP-7_026,AP-7_EC026,AP-7 existing cluster 26,150.0,32,0.4,9,214.00928663658743,0.0,96.6893293544519,0,0.0010491463688634105
EC_AP-7_027,AP-7_EC027,AP-7 existing cluster 27,250.0,37,0.4,3,109.87808255944424,0.0,40.928411248212704,0,0.0003840879433953895
EC_AP-7_028,AP-7_EC028,AP-7 existing cluster 28,350.0,23,0.4,2,58.012544394722106,0.0,27.19039722665827,0,0.00041048304991935793
EC_AP-7_029,AP-7_EC029,AP-7 existing cluster 29,60.0,24,0.4,8,204.90305213334392,0.0,206.3546650365697,0,0.0029854552233300018
EC_AP-7_030,AP-7_EC030,AP-7 existing cluster 30,50.0,27,0.4,1,28.798628058028534,0.0,37.81449984903624,0,0.00048629758036312036
EC_AP-7_031,AP-7_EC031,AP-7 existing cluster 31,350.0,30,0.4,1,19.319078952434488,0.0,8.351305199594233,0,9.665862499530362e-05
EC_AP-7_032,AP-7_EC032,AP-7 existing cluster 32,100.0,32,0.4,16,468.21959525452934,0.0,280.9317571527176,0,0.0030483046566050086
EC_AP-7_033,AP-7_EC033,AP-7 existing cluster 33,350.0,30,0.4,1,52.63269702245748,0.0,24.6304493226426,0,0.00028507464493799305
EC_AP-7_034,AP-7_EC034,AP-7 existing cluster 34,250.0,42,0.4,0,0.0,0.0,0.0,0,0.0
EC_AP-7_035,AP-7_EC035,AP-7 existing cluster 35,150.0,26,0.4,97,2157.6780040584554,0.0,968.2599358903188,0,0.012930821793407037
EC_AP-7_036,AP-7_EC036,AP-7 existing cluster 36,60.0,30,0.4,1,33.854821463544994,0.0,33.854821463544994,0,0.0003918382113836226
EC_A-7_000,A-7_EC000,A-7 existing cluster 0,30.0,27,0.4,0,0.0,0.0,0.0,0,0.0
EC_A-7_001,A-7_EC001,A-7 existing cluster 1,250.0,29,0.4,0,0.0,0.0,0.0,0,0.0
EC_A-7_002,A-7_EC002,A-7 existing cluster 2,175.0,28,0.4,0,0.0,0.0,0.0,0,0.0
EC_A-7_003,A-7_EC003,A-7 existing cluster 3,250.0,30,0.4,0,0.0,0.0,0.0,0,0.0
EC_A-7_004,A-7_EC004,A-7 existing cluster 4,320.0,29,0.4,0,0.0,0.0,0.0,0,0.0
EC_A-7_005,A-7_EC005,A-7 existing cluster 5,150.0,32,0.4,0,0.0,0.0,0.0,0,0.0
EC_A-7_006,A-7_EC006,A-7 existing cluster 6,350.0,38,0.4,0,0.0,0.0,0.0,0,0.0
EC_A-7_007,A-7_EC007,A-7 existing cluster 7,50.0,37,0.4,28,702.9907931868551,0.0,850.4589520431348,0,0.007981033709113503
EC_A-7_008,A-7_EC008,A-7 existing cluster 8,120.0,22,0.4,24,732.542207452504,0.0,366.271103726252,0,0.005780793935073422
EC_A-7_009,A-7_EC009,A-7 existing cluster 9,250.0,49,0.4,42,1065.0501636054373,0.0,394.69725614724774,0,0.00279689098743798
EC_A-7_010,A-7_EC010,A-7 existing cluster 10,120.0,31,0.4,3,88.8475868623566,0.0,44.42379343117829,0,0.0004975783314424091
EC_A-7_011,A-7_EC011,A-7 existing cluster 11,150.0,35,0.4,0,0.0,0.0,0.0,0,0.0
EC_A-7_012,A-7_EC012,A-7 existing cluster 12,150.0,36,0.4,6,169.0139559934709,0.0,70.77631449590072,0,0.0006826419222212646
EC_A-7_013,A-7_EC013,A-7 existing cluster 13,150.0,29,0.4,1,32.5262394526091,0.0,13.939816908261042,0,0.00016690393807783816
EC_A-7_014,A-7_EC014,A-7 existing cluster 14,150.0,25,0.4,2,51.00261395674685,0.0,22.760438800072237,0,0.00031611720555655884
EC_A-7_015,A-7_EC015,A-7 existing cluster 15,120.0,29,0.4,15,345.29531356645975,0.0,172.64765678322988,0,0.002067141484473538
EC_A-7_016,A-7_EC016,A-7 existing cluster 16,150.0,36,0.4,39,933.6862427260115,0.0,401.0707153105739,0,0.0038683518066220477
EC_A-7_017,A-7_EC017,A-7 existing cluster 17,150.0,33,0.4,29,1070.7880728522637,0.0,453.2388691239735,0,0.004768927494991303
EC_A-7_018,A-7_EC018,A-7 existing cluster 18,360.0,57,0.4,64,1530.9151632742619,0.0,647.3677984890686,0,0.003943517290990915
EC_A-7_019,A-7_EC019,A-7 existing cluster 19,50.0,44,0.4,33,726.4101681097228,0.0,885.9811346419988,0,0.006991644054940015
EC_A-7_020,A-7_EC020,A-7 existing cluster 20,1000.0,30,0.4,3,75.5542684961528,0.0,35.083606513872176,0,0.00040606026057722427
EC_A-7_021,A-7_EC021,A-7 existing cluster 21,250.0,33,0.4,0,0.0,0.0,0.0,0,0.0
EC_A-7_022,A-7_EC022,A-7 existing cluster 22,350.0,21,0.4,24,657.1604294513212,0.0,248.02641685188212,0,0.004100965887101226
EC_A-7_023,A-7_EC023,A-7 existing cluster 23,350.0,56,0.4,3,103.51702676863087,0.0,40.231063151810005,0,0.00024944855624882195
EC_A-7_024,A-7_EC024,A-7 existing cluster 24,120.0,68,0.4,19,642.4952882062427,0.0,324.13876456914784,0,0.0016551203256186062
EC_A-7_025,A-7_EC025,A-7 existing cluster 25,250.0,40,0.4,6,239.02246765649124,0.0,105.22529496773667,0,0.0009134140188171586
EC_A-7_026,A-7_EC026,A-7 existing cluster 26,230.0,36,0.4,33,1023.1288033223024,0.0,410.4614490893768,0,0.003958926013593526
EC_A-7_027,A-7_EC027,A-7 existing cluster 27,150.0,23,0.4,6,161.46148093789122,0.0,71.23469114525665,0,0.0010754029460334638
EC_A-7_028,A-7_EC028,A-7 existing cluster 28,60.0,32,0.4,23,653.1126398335633,0.0,656.0448978980794,0,0.0071185427289288125
EC_A-7_029,A-7_EC029,A-7 existing cluster 29,150.0,26,0.4,19,531.2992565967199,0.0,235.35772693141175,0,0.0031431320370113747
EC_A-7_030,A-7_EC030,A-7 existing cluster 30,60.0,23,0.4,48,1274.0895700074627,0.0,1274.6134743467626,0,0.019242353175524796
EC_A-7_031,A-7_EC031,A-7 existing cluster 31,250.0,34,0.4,21,417.239552412365,0.0,171.03870775616448,0,0.001746718829209196
EC_A-7_032,A-7_EC032,A-7 existing cluster 32,150.0,32,0.4,8,211.62341583125647,0.0,100.41518104734834,0,0.0010895744471283457
EC_A-7_033,A-7_EC033,A-7 existing cluster 33,60.0,27,0.4,8,267.8349225382201,0.0,267.8349225382201,0,0.003444379147868057
EC_A-7_034,A-7_EC034,A-7 existing cluster 34,250.0,37,0.4,60,1301.04498083128,0.0,521.8114974581886,0,0.004896879668338856
EC_A-7_035,A-7_EC035,A-7 existing cluster 35,98.0,27,0.4,9,276.1332507691206,0.0,169.0611739402779,0,0.002174140611371887
EC_A-7_036,A-7_EC036,A-7 existing cluster 36,150.0,25,0.4,0,0.0,0.0,0.0,0,0.0
EC_A-7_037,A-7_EC037,A-7 existing cluster 37,100.0,39,0.4,0,0.0,0.0,0.0,0,0.0
EC_A-7_038,A-7_EC038,A-7 existing cluster 38,100.0,28,0.4,0,0.0,0.0,0.0,0,0.0
EC_A-7_039,A-7_EC039,A-7 existing cluster 39,100.0,29,0.4,0,0.0,0.0,0.0,0,0.0
EC_A-7_040,A-7_EC040,A-7 existing cluster 40,100.0,32,0.4,0,0.0,0.0,0.0,0,0.0
EC_A-7S_000,A-7S_EC000,A-7S existing cluster 0,30.0,27,0.4,1,40.51246034801005,0.0,81.0249206960201,0,0.0010419871488685712
EC_A-7S_001,A-7S_EC001,A-7S existing cluster 1,250.0,29,0.4,6,226.1947808919489,0.0,79.32346901435682,0,0.0009497541788117435
EC_A-7S_002,A-7S_EC002,A-7S existing cluster 2,175.0,28,0.4,7,253.1915582643544,0.0,89.63139769068904,0,0.0011115004673944574
EC_A-7S_003,A-7S_EC003,A-7S existing cluster 3,250.0,30,0.4,7,240.83723588100287,0.0,87.76724601855587,0,0.0010158246066962484
EC_A-7S_004,A-7S_EC004,A-7S existing cluster 4,320.0,29,0.4,0,0.0,0.0,0.0,0,0.0
EC_A-7S_005,A-7S_EC005,A-7S existing cluster 5,150.0,32,0.4,28,1061.2805144776594,0.0,467.7253810875248,0,0.005075145194092066
EC_A-7S_006,A-7S_EC006,A-7S existing cluster 6,350.0,38,0.4,64,1773.2112814796533,0.0,663.5342197680749,0,0.006062995429167351
EC_A-7S_007,A-7S_EC007,A-7S existing cluster 7,50.0,37,0.4,0,0.0,0.0,0.0,0,0.0
EC_A-7S_008,A-7S_EC008,A-7S existing cluster 8,120.0,22,0.4,0,0.0,0.0,0.0,0,0.0
EC_A-7S_009,A-7S_EC009,A-7S existing cluster 9,250.0,49,0.4,0,0.0,0.0,0.0,0,0.0
EC_A-7S_010,A-7S_EC010,A-7S existing cluster 10,120.0,31,0.4,0,0.0,0.0,0.0,0,0.0
EC_A-7S_011,A-7S_EC011,A-7S existing cluster 11,150.0,35,0.4,0,0.0,0.0,0.0,0,0.0
EC_A-7S_012,A-7S_EC012,A-7S existing cluster 12,150.0,36,0.4,0,0.0,0.0,0.0,0,0.0
EC_A-7S_013,A-7S_EC013,A-7S existing cluster 13,150.0,29,0.4,0,0.0,0.0,0.0,0,0.0
EC_A-7S_014,A-7S_EC014,A-7S existing cluster 14,150.0,25,0.4,0,0.0,0.0,0.0,0,0.0
EC_A-7S_015,A-7S_EC015,A-7S existing cluster 15,120.0,29,0.4,0,0.0,0.0,0.0,0,0.0
EC_A-7S_016,A-7S_EC016,A-7S existing cluster 16,150.0,36,0.4,49,1201.839601952139,0.0,538.326959706358,0,0.005192196756427065
EC_A-7S_017,A-7S_EC017,A-7S existing cluster 17,150.0,33,0.4,13,444.7930670105078,0.0,199.6648278062402,0,0.0021008504609242445
EC_A-7S_018,A-7S_EC018,A-7S existing cluster 18,360.0,57,0.4,15,535.1214298111319,0.0,213.62266842852992,0,0.001301307678049037
EC_A-7S_019,A-7S_EC019,A-7S existing cluster 19,50.0,44,0.4,26,959.5962345727586,0.0,1160.4219476505377,0,0.009157370167696794
EC_A-7S_020,A-7S_EC020,A-7S existing cluster 20,1000.0,30,0.4,5,161.46514570221368,0.0,66.22263701320747,0,0.0007664657061713828
EC_A-7S_021,A-7S_EC021,A-7S existing cluster 21,250.0,33,0.4,1,33.29421682270638,0.0,9.17906989358335,0,9.658112261766993e-05
EC_A-7S_022,A-7S_EC022,A-7S existing cluster 22,350.0,21,0.4,18,622.540144250725,0.0,212.4364691939506,0,0.0035125077578364848
EC_A-7S_023,A-7S_EC023,A-7S existing cluster 23,350.0,56,0.4,0,0.0,0.0,0.0,0,0.0
EC_A-7S_024,A-7S_EC024,A-7S existing cluster 24,120.0,68,0.4,0,0.0,0.0,0.0,0,0.0
EC_A-7S_025,A-7S_EC025,A-7S existing cluster 25,250.0,40,0.4,0,0.0,0.0,0.0,0,0.0
EC_A-7S_026,A-7S_EC026,A-7S existing cluster 26,230.0,36,0.4,52,1661.5092179311741,0.0,665.4150042104552,0,0.0064179687906101
EC_A-7S_027,A-7S_EC027,A-7S existing cluster 27,150.0,23,0.4,21,468.81086656979926,0.0,214.33273391533857,0,0.0032356994854368746
EC_A-7S_028,A-7S_EC028,A-7S existing cluster 28,60.0,32,0.4,12,395.62424165232227,0.0,402.25337996429755,0,0.0043647285152376035
EC_A-7S_029,A-7S_EC029,A-7S existing cluster 29,150.0,26,0.4,8,342.03369000712047,0.0,154.66344931666123,0,0.0020654840987801982
EC_A-7S_030,A-7S_EC030,A-7S existing cluster 30,60.0,23,0.4,14,472.0721624466567,0.0,474.1270910961065,0,0.00715771574722383
EC_A-7S_031,A-7S_EC031,A-7S existing cluster 31,250.0,34,0.4,58,1600.4452601123207,0.0,600.1560053696611,0,0.006129044172484284
EC_A-7S_032,A-7S_EC032,A-7S existing cluster 32,150.0,32,0.4,4,174.1081089405091,0.0,83.96567235516758,0,0.0009110858545482594
EC_A-7S_033,A-7S_EC033,A-7S existing cluster 33,60.0,27,0.4,8,302.9216364444321,0.0,310.8807894259289,0,0.003997952538913695
EC_A-7S_034,A-7S_EC034,A-7S existing cluster 34,250.0,37,0.4,31,982.9828105401301,0.0,420.20217185820843,0,0.003943338699870575
EC_A-7S_035,A-7S_EC035,A-7S existing cluster 35,98.0,27,0.4,6,170.0121997627953,0.0,104.99561934127692,0,0.0013502523063435817
EC_A-7S_036,A-7S_EC036,A-7S existing cluster 36,150.0,25,0.4,42,1109.7164302368883,0.0,478.4009233956087,0,0.006644457269383454
EC_A-7S_037,A-7S_EC037,A-7S existing cluster 37,100.0,39,0.4,7,189.1601778253965,0.0,113.49610669523788,0,0.001010471035392075
EC_A-7S_038,A-7S_EC038,A-7S existing cluster 38,100.0,28,0.4,0,0.0,0.0,0.0,0,0.0
EC_A-7S_039,A-7S_EC039,A-7S existing cluster 39,100.0,29,0.4,11,338.48062461628217,0.0,203.0883747697693,0,0.0024316136825882338
EC_A-7S_040,A-7S_EC040,A-7S existing cluster 40,100.0,32,0.4,1,45.15578887588299,0.0,28.691281544707877,0,0.0003113203292611532
EC_A-3_000,A-3_EC000,A-3 existing cluster 0,22.0,37,0.4,110,2436.3633310314226,0.0,6644.634510194167,0,0.06235580433740772
EC_A-3_001,A-3_EC001,A-3 existing cluster 1,100.0,37,0.4,3,125.05548623867236,0.0,76.66136483290441,0,0.0007194197150235023
EC_A-3_002,A-3_EC002,A-3 existing cluster 2,150.0,19,0.4,1510,6237.705842065243,0.0,2971.117991528137,0,0.05429674692120133
EC_A-3_003,A-3_EC003,A-3 existing cluster 3,120.0,36,0.4,1,51.64678221001657,0.0,27.21629808175247,0,0.0002625028750169027
EC_A-3_004,A-3_EC004,A-3 existing cluster 4,100.0,44,0.4,1,62.92477234482043,0.0,39.426351778985286,0,0.00031112966997305305
EC_A-3_005,A-3_EC005,A-3 existing cluster 5,150.0,29,0.4,0,0.0,0.0,0.0,0,0.0
EC_A-3_006,A-3_EC006,A-3 existing cluster 6,60.0,41,0.4,0,0.0,0.0,0.0,0,0.0
EC_A-3_007,A-3_EC007,A-3 existing cluster 7,60.0,68,0.4,1,42.71331263602768,0.0,46.39714825246604,0,0.00023691354295581106
EC_A-3_008,A-3_EC008,A-3 existing cluster 8,60.0,27,0.4,0,0.0,0.0,0.0,0,0.0
EC_A-3_009,A-3_EC009,A-3 existing cluster 9,150.0,31,0.4,22,750.4761661661879,0.0,343.91248468528147,0,0.003852066360722239
EC_A-3_010,A-3_EC010,A-3 existing cluster 10,350.0,35,0.4,123,4002.0832629164197,0.0,1466.2170366795747,0,0.014545803935313241
EC_A-3_011,A-3_EC011,A-3 existing cluster 11,350.0,54,0.4,175,4567.291838520217,0.0,1822.9438760803575,0,0.011721604141463204
EC_A-3_012,A-3_EC012,A-3 existing cluster 12,300.0,41,0.4,240,6062.224787079571,0.0,2149.112691677555,0,0.01820048011244542
EC_A-3_013,A-3_EC013,A-3 existing cluster 13,320.0,27,0.4,40,1167.3628954670212,0.0,406.4584355324685,0,0.005227088934316725
EC_A-3_014,A-3_EC014,A-3 existing cluster 14,320.0,41,0.4,10,358.5858558501619,0.0,120.29172483264132,0,0.001018730731983751
EC_A-3_015,A-3_EC015,A-3 existing cluster 15,120.0,37,0.4,0,0.0,0.0,0.0,0,0.0
EC_A-3_016,A-3_EC016,A-3 existing cluster 16,150.0,40,0.4,73,1733.951694016809,0.0,745.18546267783,0,0.0064686238079672735
EC_A-3_017,A-3_EC017,A-3 existing cluster 17,120.0,24,0.4,6,220.16115135843668,0.0,110.08057567921834,0,0.0015926009212849875
EC_AP-4_000,AP-4_EC000,AP-4 existing cluster 0,50.0,4,0.4,50,1464.5097881795457,0.0,1759.6762619444874,0,0.15274967551601454
EC_AP-4_001,AP-4_EC001,AP-4 existing cluster 1,150.0,2,0.4,36,792.5345992907758,0.0,341.0538879181926,0,0.05921074443024177
EC_AP-4_002,AP-4_EC002,AP-4 existing cluster 2,50.0,3,0.4,0,0.0,0.0,0.0,0,0.0
EC_AP-4_003,AP-4_EC003,AP-4 existing cluster 3,50.0,3,0.4,4,143.67966403537787,0.0,172.41559684245343,0,0.01995550889380248
EC_AP-4_004,AP-4_EC004,AP-4 existing cluster 4,100.0,12,0.4,12,386.09869060010453,0.0,231.65921436006266,0,0.006703102267362924
EC_AP-4_005,AP-4_EC005,AP-4 existing cluster 5,22.17,2,0.4,2,68.64452816651298,0.0,185.77680153318803,0,0.03225291693284515
EC_AP-4_006,AP-4_EC006,AP-4 existing cluster 6,100.0,4,0.4,22,467.66292375494356,0.0,280.59775425296607,0,0.024357443945569972
EC_AP-4_007,AP-4_EC007,AP-4 existing cluster 7,100.0,4,0.4,37,822.1327952156765,0.0,497.0743474492299,0,0.04314881488274565
EC_AP-4_008,AP-4_EC008,AP-4 existing cluster 8,22.17,2,0.4,15,420.35886908220226,0.0,1137.6424061764606,0,0.1975073621834133
EC_A-4_000,A-4_EC000,A-4 existing cluster 0,100.0,49,0.4,0,0.0,0.0,0.0,0,0.0
EC_A-4_001,A-4_EC001,A-4 existing cluster 1,240.0,38,0.4,0,0.0,0.0,0.0,0,0.0
EC_A-4_002,A-4_EC002,A-4 existing cluster 2,180.0,48,0.4,7,239.0931923740941,0.0,87.42087944528353,0,0.000632384833950257
EC_A-4_003,A-4_EC003,A-4 existing cluster 3,100.0,63,0.4,2,111.47368110061542,0.0,69.62712045974767,0,0.0003837473570312372
EC_A-4_004,A-4_EC004,A-4 existing cluster 4,150.0,41,0.4,6,190.63951402115907,0.0,92.95741867579662,0,0.0007872410118207709
EC_A-4_005,A-4_EC005,A-4 existing cluster 5,180.0,52,0.4,9,270.7079982745905,0.0,124.28477141461973,0,0.0008298929715185612
EC_A-4_006,A-4_EC006,A-4 existing cluster 6,150.0,33,0.4,1,39.75009494572129,0.0,15.900037978288514,0,0.00016729837940118386
EC_A-4_007,A-4_EC007,A-4 existing cluster 7,150.0,29,0.4,6,222.46294659031486,0.0,96.41919360580447,0,0.00115444436788559
EC_A-4_008,A-4_EC008,A-4 existing cluster 8,150.0,50,0.4,0,0.0,0.0,0.0,0,0.0
EC_A-4_009,A-4_EC009,A-4 existing cluster 9,100.0,28,0.4,0,0.0,0.0,0.0,0,0.0
EC_A-4_010,A-4_EC010,A-4 existing cluster 10,250.0,42,0.4,8,269.3493334583483,0.0,103.76651683058473,0,0.0008578581087184585
EC_A-4_011,A-4_EC011,A-4 existing cluster 11,210.0,35,0.4,23,627.6659173808304,0.0,237.6102327760058,0,0.002357244372777835
EC_A-4_012,A-4_EC012,A-4 existing cluster 12,100.0,29,0.4,29,726.1353168831065,0.0,435.6811901298638,0,0.005216489345424615
EC_A-4_013,A-4_EC013,A-4 existing cluster 13,350.0,25,0.4,21,723.7415492708469,0.0,257.41383879989223,0,0.0035751922055540586
EC_A-4_014,A-4_EC014,A-4 existing cluster 14,350.0,25,0.4,27,875.4376270489408,0.0,358.6614414464266,0,0.004981408908978147
EC_A-4_015,A-4_EC015,A-4 existing cluster 15,350.0,36,0.4,16,666.6659453260105,0.0,264.9054511568333,0,0.002555029428596
EC_A-4_016,A-4_EC016,A-4 existing cluster 16,350.0,49,0.4,42,1072.7736924576345,0.0,413.3343116032044,0,0.0029289562897052467
EC_A-4_017,A-4_EC017,A-4 existing cluster 17,150.0,28,0.4,25,644.2038928085034,0.0,273.32504813607335,0,0.0033894475215286873
EC_A-4_018,A-4_EC018,A-4 existing cluster 18,350.0,36,0.4,22,664.4962753173314,0.0,273.0878133215824,0,0.0026339488167590897
EC_A-4_019,A-4_EC019,A-4 existing cluster 19,150.0,25,0.4,26,705.9230797652115,0.0,323.94154256300664,0,0.00449918809115287
EC_A-4_020,A-4_EC020,A-4 existing cluster 20,150.0,26,0.4,0,0.0,0.0,0.0,0,0.0
EC_A-4_021,A-4_EC021,A-4 existing cluster 21,250.0,43,0.4,4,133.78539859319392,0.0,59.68080502788915,0,0.0004819186452510429
EC_A-4_022,A-4_EC022,A-4 existing cluster 22,150.0,20,0.4,1,49.168794254056884,0.0,19.667517701622753,0,0.00034144996009761726
EC_A-4_023,A-4_EC023,A-4 existing cluster 23,50.0,22,0.4,64,1666.2092107364665,0.0,2054.2455545912353,0,0.03242180483887682
EC_A-4_024,A-4_EC024,A-4 existing cluster 24,100.0,23,0.4,31,993.7260104819685,0.0,596.235606289181,0,0.009001141399293191
EC_A-4_025,A-4_EC025,A-4 existing cluster 25,60.0,24,0.4,12,325.9969083116633,0.0,325.9969083116633,0,0.004716390455897906
EC_A-4_026,A-4_EC026,A-4 existing cluster 26,360.0,36,0.4,22,628.9894000144863,0.0,229.28731592755747,0,0.002211490315659312
EC_A-4_027,A-4_EC027,A-4 existing cluster 27,150.0,47,0.4,26,522.6522570452208,0.0,230.4029157062094,0,0.0017021491999572207
EC_A-4_028,A-4_EC028,A-4 existing cluster 28,150.0,30,0.4,102,3704.2478189659605,0.0,1602.63072886551,0,0.018548966769276736
EC_A-4_029,A-4_EC029,A-4 existing cluster 29,150.0,39,0.4,5,159.5130465201508,0.0,70.04375137630622,0,0.0006236088975810739
EC_A-1_000,A-1_EC000,A-1 existing cluster 0,350.0,43,0.4,1,29.398847901657255,0.0,12.599506243567395,0,0.00010174019899521475
EC_A-1_001,A-1_EC001,A-1 existing cluster 1,350.0,33,0.4,27,796.4364644899196,0.0,275.19989292043863,0,0.0028956217689440093
EC_A-1_002,A-1_EC002,A-1 existing cluster 2,50.0,55,0.4,0,0.0,0.0,0.0,0,0.0
EC_A-1_003,A-1_EC003,A-1 existing cluster 3,150.0,38,0.4,0,0.0,0.0,0.0,0,0.0
EC_A-1_004,A-1_EC004,A-1 existing cluster 4,150.0,20,0.4,3,97.16934743036657,0.0,43.25029627685224,0,0.0007508731992509069
EC_A-1_005,A-1_EC005,A-1 existing cluster 5,250.0,52,0.4,0,0.0,0.0,0.0,0,0.0
EC_A-1_006,A-1_EC006,A-1 existing cluster 6,150.0,73,0.4,3,118.82306334806134,0.0,52.94052831102255,0,0.00025180997103796876
EC_A-1_007,A-1_EC007,A-1 existing cluster 7,150.0,78,0.4,0,0.0,0.0,0.0,0,0.0
EC_A-1_008,A-1_EC008,A-1 existing cluster 8,150.0,45,0.4,3,99.30086128598968,0.0,40.43999459626926,0,0.0003120369953415838
EC_A-1_009,A-1_EC009,A-1 existing cluster 9,150.0,46,0.4,2,67.52721570055311,0.0,31.483659242990868,0,0.00023764839404431513
EC_A-1_010,A-1_EC010,A-1 existing cluster 10,400.0,36,0.4,33,1191.013074372806,0.0,491.25488960459506,0,0.004738183734612221
EC_A-1_011,A-1_EC011,A-1 existing cluster 11,350.0,36,0.4,70,1807.807197619796,0.0,693.1967647851877,0,0.006685925586276888
EC_A-1_012,A-1_EC012,A-1 existing cluster 12,350.0,41,0.4,34,911.3550951970163,0.0,356.61322235038256,0,0.00302009842776408
EC_A-1_013,A-1_EC013,A-1 existing cluster 13,560.0,49,0.4,0,0.0,0.0,0.0,0,0.0
EC_A-1_014,A-1_EC014,A-1 existing cluster 14,250.0,41,0.4,14,404.0380799218807,0.0,145.54814214473447,0,0.0012326231550197702
EC_A-1_015,A-1_EC015,A-1 existing cluster 15,400.0,40,0.4,15,409.8462427745624,0.0,162.45782993059865,0,0.0014102242181475578
EC_A-1_016,A-1_EC016,A-1 existing cluster 16,150.0,39,0.4,80,1832.973371033056,0.0,814.1418007242812,0,0.007248413467986834
EC_A-1_017,A-1_EC017,A-1 existing cluster 17,320.0,26,0.4,9,278.01468944632063,0.0,117.42852462794352,0,0.0015682228182150577
EC_A-1_018,A-1_EC018,A-1 existing cluster 18,150.0,30,0.4,0,0.0,0.0,0.0,0,0.0
EC_A-1_019,A-1_EC019,A-1 existing cluster 19,50.0,27,0.4,0,0.0,0.0,0.0,0,0.0
EC_AP-1_000,AP-1_EC000,AP-1 existing cluster 0,180.0,26,0.4,85,2621.0253019659194,0.0,1062.6113971044863,0,0.014190857333126153
EC_AP-1_001,AP-1_EC001,AP-1 existing cluster 1,44.0,4,0.4,64,1448.0286540903157,31.94322125836129,1981.7502174545368,1,0.1720269285984841
EC_AP-1_002,AP-1_EC002,AP-1 existing cluster 2,44.0,4,0.4,6,256.9430041523,0.0,350.3768238440454,0,0.030414654847573386
EC_AP-1_003,AP-1_EC003,AP-1 existing cluster 3,350.0,4,0.4,5,160.0502982835336,0.0,60.5269652617776,0,0.005254076845640416
EC_AP-1_004,AP-1_EC004,AP-1 existing cluster 4,350.0,5,0.4,69,2448.291892750357,0.0,960.7114916259251,0,0.0667160758073559
EC_AP-1_005,AP-1_EC005,AP-1 existing cluster 5,50.0,5,0.4,7,194.27692331165542,0.0,233.13230797398649,0,0.016189743609304617
EC_AP-1_006,AP-1_EC006,AP-1 existing cluster 6,11.09,6,0.4,0,0.0,0.0,0.0,0,0.0
EC_AP-1_007,AP-1_EC007,AP-1 existing cluster 7,22.0,12,0.4,1,29.790533215278696,0.0,81.2469087689419,0,0.0023508943509531802
EC_AP-1_008,AP-1_EC008,AP-1 existing cluster 8,100.0,24,0.4,2,75.83324850243372,0.0,45.49994910146023,0,0.000658274726583626
EC_AP-1_009,AP-1_EC009,AP-1 existing cluster 9,50.0,6,0.4,1,34.41459144122157,0.0,41.29750972946588,0,0.0023899021834181645
EC_AP-1_010,AP-1_EC010,AP-1 existing cluster 10,120.0,16,0.4,0,0.0,0.0,0.0,0,0.0
EC_AP-1_011,AP-1_EC011,AP-1 existing cluster 11,60.0,3,0.4,89,1650.5265531727703,32.34942316684749,1650.5265531727703,2,0.19103316587647803
EC_AP-1_012,AP-1_EC012,AP-1 existing cluster 12,11.09,6,0.4,0,0.0,0.0,0.0,0,0.0
EC_AP-1_013,AP-1_EC013,AP-1 existing cluster 13,50.0,6,0.4,0,0.0,0.0,0.0,0,0.0
EC_AP-1_014,AP-1_EC014,AP-1 existing cluster 14,7.4,4,0.4,20,317.9532408798655,52.96915171310968,2577.999250377287,1,0.22378465715080614
EC_AP-1_015,AP-1_EC015,AP-1 existing cluster 15,50.0,6,0.4,18,392.38438438175183,0.0,470.8612612581023,0,0.027248915582066102
EC_A-6_000,A-6_EC000,A-6 existing cluster 0,180.0,25,0.4,39,1305.2145540934748,0.0,520.9936141285388,0,0.007236022418451927
EC_A-6_001,A-6_EC001,A-6 existing cluster 1,100.0,20,0.4,0,0.0,0.0,0.0,0,0.0
EC_A-6_002,A-6_EC002,A-6 existing cluster 2,180.0,45,0.4,7,230.8661619649374,0.0,97.44181134449249,0,0.0007518658282754051
EC_A-6_003,A-6_EC003,A-6 existing cluster 3,50.0,20,0.4,11,340.1236607702031,0.0,408.1483929242438,0,0.0070859095993792325
EC_A-6_004,A-6_EC004,A-6 existing cluster 4,100.0,23,0.4,1,32.0802086585777,0.0,19.24812519514662,0,0.0002905816001682763
EC_A-6_005,A-6_EC005,A-6 existing cluster 5,50.0,28,0.4,4,122.21694595723906,0.0,146.66033514868684,0,0.0018187045529351046
EC_A-6_006,A-6_EC006,A-6 existing cluster 6,240.0,30,0.4,1,36.71402114223977,0.0,10.012914856974483,0,0.00011589021825201947
EC_A-6_007,A-6_EC007,A-6 existing cluster 7,60.0,18,0.4,1,31.19627682479209,0.0,31.19627682479209,0,0.00060178003134244
EC_A-6_008,A-6_EC008,A-6 existing cluster 8,60.0,26,0.4,4,135.21566325417268,0.0,135.21566325417268,0,0.0018057647336294429
EC_A-6_009,A-6_EC009,A-6 existing cluster 9,50.0,19,0.4,75,1841.2871074887537,0.0,2239.931092995192,0,0.040934413249181144
EC_A-6_010,A-6_EC010,A-6 existing cluster 10,220.0,27,0.4,127,3646.5422131042496,0.0,1418.0302034078984,0,0.01823598512613038
EC_A-6_011,A-6_EC011,A-6 existing cluster 11,400.0,33,0.4,53,1004.295709772059,0.0,375.30042383488404,0,0.003948868095905766
EC_A-6_012,A-6_EC012,A-6 existing cluster 12,350.0,49,0.4,178,4951.131138531159,0.0,1852.1992557660767,0,0.013124994726233536
EC_A-6_013,A-6_EC013,A-6 existing cluster 13,350.0,40,0.4,78,2182.3936104982326,0.0,890.8626921917524,0,0.007733183091942295
EC_A-6_014,A-6_EC014,A-6 existing cluster 14,350.0,29,0.4,56,1577.2100942234915,0.0,596.1508210015066,0,0.007137821132680875
EC_A-6_015,A-6_EC015,A-6 existing cluster 15,180.0,33,0.4,45,1175.8160107450515,0.0,459.99638190804956,0,0.00484002927091803
EC_AP-68_000,AP-68_EC000,AP-68 existing cluster 0,50.0,8,0.4,0,0.0,0.0,0.0,0,0.0
EC_AP-68_001,AP-68_EC001,AP-68 existing cluster 1,350.0,9,0.4,2,66.39974051581211,0.0,31.5312605429476,0,0.0012164838172433487
EC_AP-68_002,AP-68_EC002,AP-68 existing cluster 2,180.0,10,0.4,20,622.9128518135897,0.0,264.7807709842459,0,0.009193776770286316
EC_AP-68_003,AP-68_EC003,AP-68 existing cluster 3,180.0,6,0.4,98,2235.4998039422185,0.0,946.0539337991625,0,0.05474849153930338
EC_AP-68_004,AP-68_EC004,AP-68 existing cluster 4,120.0,6,0.4,117,2621.0807548807625,0.0,1324.0479556115313,0,0.07662314557937103
EC_AP-68_005,AP-68_EC005,AP-68 existing cluster 5,180.0,7,0.4,0,0.0,0.0,0.0,0,0.0
EC_AP-68_006,AP-68_EC006,AP-68 existing cluster 6,120.0,13,0.4,0,0.0,0.0,0.0,0,0.0
EC_AP-68_007,AP-68_EC007,AP-68 existing cluster 7,120.0,10,0.4,0,0.0,0.0,0.0,0,0.0
EC_AP-68_008,AP-68_EC008,AP-68 existing cluster 8,150.0,4,0.4,2,66.78074330529934,0.0,29.68033035791082,0,0.0025764175657908696
EC_AP-68_009,AP-68_EC009,AP-68 existing cluster 9,22.0,6,0.4,10,233.8391665047405,0.0,637.7849318646624,0,0.036908850223649446
EC_AP-68_010,AP-68_EC010,AP-68 existing cluster 10,140.0,9,0.4,127,3368.8352139384474,0.0,1529.9080809747127,0,0.05902423151908614
EC_AP-68_011,AP-68_EC011,AP-68 existing cluster 11,100.0,8,0.4,1,31.689882765411532,0.0,19.01392965924692,0,0.000825257363682592
EC_AP-68_012,AP-68_EC012,AP-68 existing cluster 12,350.0,8,0.4,77,1898.4712606816167,0.0,767.4629700301376,0,0.03331002474089139
EC_AP-68_013,AP-68_EC013,AP-68 existing cluster 13,350.0,8,0.4,69,1692.211084913834,0.0,721.3792447958134,0,0.031309863055373845
EC_AP-68_014,AP-68_EC014,AP-68 existing cluster 14,350.0,8,0.4,20,500.04184892287606,0.0,196.9078318202655,0,0.008546346867199024
EC_AP-68_015,AP-68_EC015,AP-68 existing cluster 15,180.0,4,0.4,75,1878.1316683055468,0.0,802.5565617951762,0,0.06966636821138682
EC_A-68_000,A-68_EC000,A-68 existing cluster 0,50.0,10,0.4,0,0.0,0.0,0.0,0,0.0
EC_A-68_001,A-68_EC001,A-68 existing cluster 1,50.0,6,0.4,0,0.0,0.0,0.0,0,0.0
EC_A-68_002,A-68_EC002,A-68 existing cluster 2,50.0,11,0.4,1,37.76869487034567,0.0,45.3224338444148,0,0.0014306323814524875
EC_A-68_003,A-68_EC003,A-68 existing cluster 3,300.0,12,0.4,1,28.007778514158765,0.0,14.003889257079383,0,0.0004052051289664173
EC_A-68_004,A-68_EC004,A-68 existing cluster 4,300.0,7,0.4,49,1164.4542940516928,0.0,457.64184669226313,0,0.022700488427195593
EC_A-68_005,A-68_EC005,A-68 existing cluster 5,400.0,12,0.4,0,0.0,0.0,0.0,0,0.0
EC_A-68_006,A-68_EC006,A-68 existing cluster 6,300.0,3,0.4,0,0.0,0.0,0.0,0,0.0
EC_A-68_007,A-68_EC007,A-68 existing cluster 7,150.0,6,0.4,0,0.0,0.0,0.0,0,0.0
EC_A-68_008,A-68_EC008,A-68 existing cluster 8,50.0,7,0.4,0,0.0,0.0,0.0,0,0.0
EC_A-68_009,A-68_EC009,A-68 existing cluster 9,50.0,5,0.4,1,40.82342395376159,0.0,50.59879488482265,0,0.0035138052003349063
EC_A-68_010,A-68_EC010,A-68 existing cluster 10,150.0,6,0.4,0,0.0,0.0,0.0,0,0.0
EC_A-68_011,A-68_EC011,A-68 existing cluster 11,320.0,3,0.4,0,0.0,0.0,0.0,0,0.0
EC_A-68_012,A-68_EC012,A-68 existing cluster 12,320.0,3,0.4,2,66.44453434668958,0.0,24.404077386316484,0,0.00282454599378663
EC_A-68_013,A-68_EC013,A-68 existing cluster 13,350.0,5,0.4,1,33.376238514187065,0.0,8.010297243404896,0,0.0005562706419031178
EC_A-68_014,A-68_EC014,A-68 existing cluster 14,350.0,15,0.4,1,36.26334169551394,0.0,9.89000228059471,0,0.00022893523797672938
EC_A-68_015,A-68_EC015,A-68 existing cluster 15,50.0,7,0.4,8,197.40985457833713,0.0,240.27361482337793,0,0.011918334068619937
EC_A-8_000,A-8_EC000,A-8 existing cluster 0,350.0,62,0.4,25,437.66288431671614,0.0,175.25471865083776,0,0.0009814892397560359
EC_A-8_001,A-8_EC001,A-8 existing cluster 1,50.0,23,0.4,1089,1351.0195232153208,0.0,1621.2234278583708,0,0.024474991362596177
EC_A-8_002,A-8_EC002,A-8 existing cluster 2,120.0,34,0.4,24,690.5500367384194,0.0,345.2750183692097,0,0.0035260929163522235
EC_A-8_003,A-8_EC003,A-8 existing cluster 3,400.0,21,0.4,38,1178.0853980140744,0.0,427.68879921400367,0,0.007071574061078103
EC_A-8_004,A-8_EC004,A-8 existing cluster 4,150.0,19,0.4,14,481.26014903497327,0.0,208.00108445008752,0,0.003801189408810079
EC_A-8_005,A-8_EC005,A-8 existing cluster 5,100.0,32,0.4,16,376.22942270905247,0.0,226.27460262842914,0,0.0024552365736591705
EC_A-8_006,A-8_EC006,A-8 existing cluster 6,150.0,43,0.4,15,349.0646572034433,0.0,156.42405903664775,0,0.001263114171807556
EC_A-8_007,A-8_EC007,A-8 existing cluster 7,60.0,13,0.4,37,876.3677615658287,0.0,884.333492644319,0,0.02362001850011536
EC_A-8_008,A-8_EC008,A-8 existing cluster 8,50.0,15,0.4,0,0.0,0.0,0.0,0,0.0
EC_A-8_009,A-8_EC009,A-8 existing cluster 9,100.0,18,0.4,0,0.0,0.0,0.0,0,0.0
EC_A-8_010,A-8_EC010,A-8 existing cluster 10,210.0,15,0.4,0,0.0,0.0,0.0,0,0.0
EC_A-8_011,A-8_EC011,A-8 existing cluster 11,150.0,15,0.4,0,0.0,0.0,0.0,0,0.0
EC_A-8_012,A-8_EC012,A-8 existing cluster 12,50.0,11,0.4,0,0.0,0.0,0.0,0,0.0
EC_A-8_013,A-8_EC013,A-8 existing cluster 13,70.0,15,0.4,1,48.37625978651951,0.0,41.46536553130244,0,0.0009598464243357046
EC_A-8_014,A-8_EC014,A-8 existing cluster 14,400.0,21,0.4,0,0.0,0.0,0.0,0,0.0
EC_A-8_015,A-8_EC015,A-8 existing cluster 15,350.0,22,0.4,0,0.0,0.0,0.0,0,0.0
EC_A-66_000,A-66_EC000,A-66 existing cluster 0,150.0,16,0.4,45,1135.9833349500168,0.0,497.72189946592687,0,0.010801256498826538
EC_A-66_001,A-66_EC001,A-66 existing cluster 1,50.0,8,0.4,0,0.0,0.0,0.0,0,0.0
EC_A-66_002,A-66_EC002,A-66 existing cluster 2,60.0,25,0.4,0,0.0,0.0,0.0,0,0.0
EC_A-66_003,A-66_EC003,A-66 existing cluster 3,150.0,20,0.4,0,0.0,0.0,0.0,0,0.0
EC_A-66_004,A-66_EC004,A-66 existing cluster 4,150.0,11,0.4,1,41.525735071255035,0.0,18.455882253891126,0,0.0005825720408425229
EC_A-66_005,A-66_EC005,A-66 existing cluster 5,120.0,27,0.4,38,1097.199546986962,0.0,553.7385886495462,0,0.007121123825225645
EC_A-66_006,A-66_EC006,A-66 existing cluster 6,320.0,23,0.4,1,48.952068456387096,0.0,21.756474869505375,0,0.0003284491979091995
EC_A-66_007,A-66_EC007,A-66 existing cluster 7,100.0,12,0.4,0,0.0,0.0,0.0,0,0.0
EC_A-66_008,A-66_EC008,A-66 existing cluster 8,320.0,17,0.4,0,0.0,0.0,0.0,0,0.0
EC_A-66_009,A-66_EC009,A-66 existing cluster 9,350.0,13,0.4,81,2218.830036072924,0.0,835.7314649418793,0,0.022321887418319426
EC_A-66_010,A-66_EC010,A-66 existing cluster 10,50.0,17,0.4,52,1414.8060621580548,0.0,1700.4684695617334,0,0.03473179063647331
EC_A-66_011,A-66_EC011,A-66 existing cluster 11,60.0,13,0.4,15,368.4675067951019,0.0,373.81649553104694,0,0.009984414944739502
EC_A-66_012,A-66_EC012,A-66 existing cluster 12,150.0,21,0.4,53,1444.85656807428,0.0,646.0212535530992,0,0.01068156834578537
EC_A-66_013,A-66_EC013,A-66 existing cluster 13,150.0,19,0.4,46,1178.0102924351627,0.0,526.7237929291484,0,0.009625800309377713
EC_A-66_014,A-66_EC014,A-66 existing cluster 14,180.0,17,0.4,71,1724.8995373517623,0.0,708.7529349086261,0,0.0144761628862056
EC_A-66_015,A-66_EC015,A-66 existing cluster 15,350.0,10,0.4,42,1071.4760923642395,0.0,420.1296752146809,0,0.014587835944954199
EC_N-630_000,N-630_EC000,N-630 existing cluster 0,120.0,24,0.4,0,0.0,0.0,0.0,0,0.0
EC_N-630_001,N-630_EC001,N-630 existing cluster 1,50.0,24,0.4,0,0.0,0.0,0.0,0,0.0
EC_N-630_002,N-630_EC002,N-630 existing cluster 2,100.0,47,0.4,0,0.0,0.0,0.0,0,0.0
EC_N-630_003,N-630_EC003,N-630 existing cluster 3,50.0,25,0.4,0,0.0,0.0,0.0,0,0.0
EC_N-630_004,N-630_EC004,N-630 existing cluster 4,60.0,32,0.4,5,130.71889468151466,0.0,130.71889468151466,0,0.0014183907843046295
EC_N-630_005,N-630_EC005,N-630 existing cluster 5,200.0,23,0.4,3,37.98511725295512,0.0,17.413250483482223,0,0.00026288119691247316
EC_N-630_006,N-630_EC006,N-630 existing cluster 6,120.0,14,0.4,0,0.0,0.0,0.0,0,0.0
EC_N-630_007,N-630_EC007,N-630 existing cluster 7,50.0,45,0.4,0,0.0,0.0,0.0,0,0.0
EC_N-630_008,N-630_EC008,N-630 existing cluster 8,360.0,38,0.4,0,0.0,0.0,0.0,0,0.0
EC_N-630_009,N-630_EC009,N-630 existing cluster 9,190.0,30,0.4,7,196.64987539177866,0.0,81.70793957563016,0,0.0009456937450883121
EC_N-630_010,N-630_EC010,N-630 existing cluster 10,240.0,48,0.4,8,203.10630682966632,0.0,93.21709115958717,0,0.0006743134487817359
EC_N-630_011,N-630_EC011,N-630 existing cluster 11,350.0,34,0.4,15,425.54347959684225,0.0,168.38145044656238,0,0.00171958180603107
EC_N-630_012,N-630_EC012,N-630 existing cluster 12,150.0,38,0.4,0,0.0,0.0,0.0,0,0.0
EC_N-630_013,N-630_EC013,N-630 existing cluster 13,150.0,54,0.4,0,0.0,0.0,0.0,0,0.0
EC_N-630_014,N-630_EC014,N-630 existing cluster 14,50.0,26,0.4,0,0.0,0.0,0.0,0,0.0
EC_N-630_015,N-630_EC015,N-630 existing cluster 15,22.0,17,0.4,5,133.72976049583502,0.0,364.7175286250046,0,0.007449295927798296
EC_N-630_016,N-630_EC016,N-630 existing cluster 16,250.0,63,0.4,0,0.0,0.0,0.0,0,0.0
EC_N-630_017,N-630_EC017,N-630 existing cluster 17,150.0,22,0.4,0,0.0,0.0,0.0,0,0.0
EC_N-630_018,N-630_EC018,N-630 existing cluster 18,60.0,17,0.4,0,0.0,0.0,0.0,0,0.0
EC_AP-46_000,AP-46_EC000,AP-46 existing cluster 0,50.0,3,0.4,25,719.7757157951651,0.0,863.7308589541981,0,0.09996884941599515
EC_AP-46_001,AP-46_EC001,AP-46 existing cluster 1,50.0,3,0.4,42,1392.778407486752,0.0,1671.334088984103,0,0.19344144548427117
EC_A-23_000,A-23_EC000,A-23 existing cluster 0,320.0,15,0.4,54,1679.1371674367533,0.0,652.4618770817086,0,0.015103284191706218
EC_A-23_001,A-23_EC001,A-23 existing cluster 1,250.0,14,0.4,7,189.9417902066482,0.0,79.06297437964149,0,0.0019608872613998385
EC_A-23_002,A-23_EC002,A-23 existing cluster 2,30.0,4,0.4,51,1390.4116110333325,0.0,2793.503893579037,0,0.24249165742873585
EC_A-23_003,A-23_EC003,A-23 existing cluster 3,300.0,4,0.4,27,721.5782850278651,0.0,262.8081245220454,0,0.02281320525364977
EC_A-23_004,A-23_EC004,A-23 existing cluster 4,50.0,5,0.4,66,1763.817735600587,17.169108582153513,2144.261045778524,2,0.14890701706795306
EC_A-23_005,A-23_EC005,A-23 existing cluster 5,60.0,5,0.4,21,665.939754836782,0.0,672.2743021064742,0,0.04668571542406071
EC_A-23_006,A-23_EC006,A-23 existing cluster 6,50.0,9,0.4,2,74.44813846778794,0.0,89.33776616134553,0,0.003446673077212405
EC_A-23_007,A-23_EC007,A-23 existing cluster 7,50.0,6,0.4,13,359.93630238094335,0.0,435.266539601318,0,0.025189035856557757
EC_A-23_008,A-23_EC008,A-23 existing cluster 8,50.0,10,0.4,3,113.47059264847444,0.0,139.05575902254083,0,0.004828324966060445
EC_A-23_009,A-23_EC009,A-23 existing cluster 9,50.0,6,0.4,16,379.57533183758375,0.0,455.4903982051004,0,0.026359398044276644
EC_A-23_010,A-23_EC010,A-23 existing cluster 10,100.0,5,0.4,1,37.17669494854751,0.0,22.306016969128503,0,0.0015490289561894794
EC_A-23_011,A-23_EC011,A-23 existing cluster 11,100.0,8,0.4,0,0.0,0.0,0.0,0,0.0
EC_A-23_012,A-23_EC012,A-23 existing cluster 12,50.0,5,0.4,0,0.0,0.0,0.0,0,0.0
EC_A-23_013,A-23_EC013,A-23 existing cluster 13,22.0,6,0.4,36,881.6101676657867,0.0,2404.3927241449555,0,0.13914309746209233
EC_A-23_014,A-23_EC014,A-23 existing cluster 14,100.0,4,0.4,4,141.06870206326738,0.0,84.64122123796045,0,0.007347328232461845
EC_A-23_015,A-23_EC015,A-23 existing cluster 15,120.0,12,0.4,0,0.0,0.0,0.0,0,0.0
STA_0004,STA_0004,Proposed A-23 (STA_0004),150.0,4,0.4,63,1531.7384863306718,0.0,681.9365177013485,0,0.059195878272686506
EC_AP-9_000,AP-9_EC000,AP-9 existing cluster 0,60.0,13,0.4,1,36.6573977094628,0.0,36.6573977094628,0,0.000979097161043344
EC_AP-9_001,AP-9_EC001,AP-9 existing cluster 1,150.0,7,0.4,20,694.5993315324963,0.0,301.8571109389641,0,0.014973070979115283
EC_AP-9_002,AP-9_EC002,AP-9 existing cluster 2,125.0,13,0.4,4,128.71265928220924,0.0,61.78207645546043,0,0.0016501622984898619
EC_AP-9_003,AP-9_EC003,AP-9 existing cluster 3,21.0,4,0.4,8,295.6394657848354,0.0,844.6841879566725,0,0.07332328020457227
EC_AP-9_004,AP-9_EC004,AP-9 existing cluster 4,60.0,15,0.4,31,869.7678559582373,0.0,869.7678559582373,0,0.020133515184218458
EC_AP-9_005,AP-9_EC005,AP-9 existing cluster 5,50.0,6,0.4,0,0.0,0.0,0.0,0,0.0
EC_AP-9_006,AP-9_EC006,AP-9 existing cluster 6,22.0,32,0.4,29,786.7639788037143,0.0,2145.7199421919477,0,0.02328255145607582
EC_AP-9_007,AP-9_EC007,AP-9 existing cluster 7,50.0,10,0.4,3,68.01617503153562,0.0,81.61941003784274,0,0.0028340072929806505
EC_AP-9_008,AP-9_EC008,AP-9 existing cluster 8,22.17,5,0.4,27,646.1429177104643,0.0,1748.6953118009858,0,0.12143717443062402
EC_AP-9_009,AP-9_EC009,AP-9 existing cluster 9,120.0,23,0.4,0,0.0,0.0,0.0,0,0.0
EC_AP-9_010,AP-9_EC010,AP-9 existing cluster 10,50.0,21,0.4,5,150.246969576256,0.0,180.29636349150718,0,0.0029810906661955554
EC_AP-9_011,AP-9_EC011,AP-9 existing cluster 11,50.0,13,0.4,48,1246.6405052026794,0.0,1495.968606243215,0,0.03995642644880382
EC_AP-9_012,AP-9_EC012,AP-9 existing cluster 12,150.0,33,0.4,0,0.0,0.0,0.0,0,0.0
EC_AP-9_013,AP-9_EC013,AP-9 existing cluster 13,150.0,8,0.4,2,63.72007012744656,0.0,31.762972208710902,0,0.0013786012243364107
EC_AP-9_014,AP-9_EC014,AP-9 existing cluster 14,22.0,10,0.4,54,1504.1795479838445,0.0,4109.708190363671,0,0.14269820105429412
EC_AP-9_015,AP-9_EC015,AP-9 existing cluster 15,22.0,5,0.4,1,28.9480540803481,0.0,78.94923840094937,0,0.005482586000065928
STA_0008,STA_0008,Proposed AP-9 (STA_0008),150.0,4,0.4,1,40.63850659669148,0.0,16.255402638676593,0,0.0014110592568295653
EC_N-322_000,N-322_EC000,N-322 existing cluster 0,150.0,7,0.4,0,0.0,0.0,0.0,0,0.0
EC_N-322_001,N-322_EC001,N-322 existing cluster 1,150.0,5,0.4,16,489.2815748175247,0.0,215.369602000124,0,0.01495622236111972
EC_N-322_002,N-322_EC002,N-322 existing cluster 2,150.0,12,0.4,1,26.32930180001232,0.0,15.797581080007394,0,0.0004571059340279917
EC_N-322_003,N-322_EC003,N-322 existing cluster 3,100.0,4,0.4,0,0.0,0.0,0.0,0,0.0
EC_N-322_004,N-322_EC004,N-322 existing cluster 4,50.0,10,0.4,4,181.327566683086,0.0,225.4824868076925,0,0.00782925301415599
EC_N-322_005,N-322_EC005,N-322 existing cluster 5,22.0,6,0.4,8,278.48388190975345,0.0,769.9202262836953,0,0.044555568650676815
EC_N-322_006,N-322_EC006,N-322 existing cluster 6,50.0,8,0.4,9,337.24729226587584,0.0,404.8050896318047,0,0.017569665348602635
EC_N-322_007,N-322_EC007,N-322 existing cluster 7,150.0,4,0.4,0,0.0,0.0,0.0,0,0.0
EC_N-322_008,N-322_EC008,N-322 existing cluster 8,50.0,5,0.4,0,0.0,0.0,0.0,0,0.0
EC_N-322_009,N-322_EC009,N-322 existing cluster 9,150.0,11,0.4,0,0.0,0.0,0.0,0,0.0
EC_N-322_010,N-322_EC010,N-322 existing cluster 10,22.0,4,0.4,0,0.0,0.0,0.0,0,0.0
EC_N-322_011,N-322_EC011,N-322 existing cluster 11,50.0,16,0.4,0,0.0,0.0,0.0,0,0.0
EC_N-322_012,N-322_EC012,N-322 existing cluster 12,100.0,5,0.4,1,29.18797366187865,0.0,18.383751939062677,0,0.0012766494402126859
EC_N-322_013,N-322_EC013,N-322 existing cluster 13,120.0,39,0.4,19,679.334133361293,0.0,344.69597981610906,0,0.0030688744641747603
EC_N-322_014,N-322_EC014,N-322 existing cluster 14,150.0,5,0.4,23,579.955022208535,0.0,261.5067288691388,0,0.018160189504801305
EC_N-322_015,N-322_EC015,N-322 existing cluster 15,50.0,5,0.4,1,35.6239891329935,0.0,42.7487869595922,0,0.002968665761082792
STA_0001,STA_0001,Proposed N-322 (STA_0001),150.0,4,0.4,15,494.3605709286195,0.0,214.07910307382014,0,0.018583255475157996
EC_N-433_000,N-433_EC000,N-433 existing cluster 0,22.0,2,0.4,0,0.0,0.0,0.0,0,0.0
EC_N-433_001,N-433_EC001,N-433 existing cluster 1,22.0,2,0.4,0,0.0,0.0,0.0,0,0.0
EC_N-433_002,N-433_EC002,N-433 existing cluster 2,22.0,2,0.4,0,0.0,0.0,0.0,0,0.0
EC_N-433_003,N-433_EC003,N-433 existing cluster 3,22.0,2,0.4,0,0.0,0.0,0.0,0,0.0
EC_N-433_004,N-433_EC004,N-433 existing cluster 4,22.0,2,0.4,0,0.0,0.0,0.0,0,0.0
EC_N-433_005,N-433_EC005,N-433 existing cluster 5,22.0,2,0.4,0,0.0,0.0,0.0,0,0.0
EC_N-433_006,N-433_EC006,N-433 existing cluster 6,22.17,6,0.4,0,0.0,0.0,0.0,0,0.0
STA_0002,STA_0002,Proposed N-433 (STA_0002),150.0,4,0.4,0,0.0,0.0,0.0,0,0.0
EC_N-435_000,N-435_EC000,N-435 existing cluster 0,50.0,3,0.4,0,0.0,0.0,0.0,0,0.0
EC_N-435_001,N-435_EC001,N-435 existing cluster 1,22.0,2,0.4,0,0.0,0.0,0.0,0,0.0
EC_N-435_002,N-435_EC002,N-435 existing cluster 2,22.0,2,0.4,0,0.0,0.0,0.0,0,0.0
EC_N-435_003,N-435_EC003,N-435 existing cluster 3,22.0,2,0.4,0,0.0,0.0,0.0,0,0.0
EC_N-435_004,N-435_EC004,N-435 existing cluster 4,22.0,2,0.4,0,0.0,0.0,0.0,0,0.0
EC_N-435_005,N-435_EC005,N-435 existing cluster 5,21.0,2,0.4,0,0.0,0.0,0.0,0,0.0
EC_N-435_006,N-435_EC006,N-435 existing cluster 6,100.0,3,0.4,0,0.0,0.0,0.0,0,0.0
STA_0005,STA_0005,Proposed N-435 (STA_0005),150.0,2,0.4,0,0.0,0.0,0.0,0,0.0
EC_N-502_000,N-502_EC000,N-502 existing cluster 0,22.0,2,0.4,7,229.63018259772693,0.0,626.2641343574371,0,0.10872641221483283
EC_N-502_001,N-502_EC001,N-502 existing cluster 1,100.0,4,0.4,3,110.14898103500725,0.0,67.52646021410325,0,0.005861671893585352
EC_N-502_002,N-502_EC002,N-502 existing cluster 2,100.0,3,0.4,1,9.43243469504987,0.0,5.659460817029923,0,0.000655030187156241
EC_N-502_003,N-502_EC003,N-502 existing cluster 3,100.0,4,0.4,0,0.0,0.0,0.0,0,0.0
STA_0007,STA_0007,Proposed N-502 (STA_0007),150.0,2,0.4,7,153.79220528765447,0.0,64.95687820381163,0,0.011277235799272851
EC_N-621_000,N-621_EC000,N-621 existing cluster 0,3.7,2,0.4,0,0.0,0.0,0.0,0,0.0
STA_0006,STA_0006,Proposed N-621 (STA_0006),150.0,2,0.4,0,0.0,0.0,0.0,0,0.0
EC_A-67_000,A-67_EC000,A-67 existing cluster 0,60.0,11,0.4,45,1203.9085671531307,0.0,1203.9085671531304,0,0.0380021643672074
EC_A-67_001,A-67_EC001,A-67 existing cluster 1,60.0,3,0.4,9,364.4923471509102,19.700290590292525,364.4923471509102,1,0.042186614253577566
EC_A-67_002,A-67_EC002,A-67 existing cluster 2,50.0,4,0.4,69,1997.1194021796757,9.385422920221458,2399.7994287950123,1,0.20831592263845594
EC_A-67_003,A-67_EC003,A-67 existing cluster 3,50.0,6,0.4,9,193.55987483363208,0.0,232.2718498003585,0,0.013441657974557783
EC_A-67_004,A-67_EC004,A-67 existing cluster 4,150.0,2,0.4,0,0.0,0.0,0.0,0,0.0
EC_A-67_005,A-67_EC005,A-67 existing cluster 5,22.0,4,0.4,17,551.6787741628841,0.0,1504.5784749896839,0,0.13060577039841006
EC_A-67_006,A-67_EC006,A-67 existing cluster 6,50.0,3,0.4,2,56.026916517193825,0.0,67.23229982063259,0,0.007781516182943587
EC_A-67_007,A-67_EC007,A-67 existing cluster 7,22.17,6,0.4,14,418.44860318805644,0.0,1132.4725390745775,0,0.06553660527051954
EC_A-67_008,A-67_EC008,A-67 existing cluster 8,60.0,3,0.4,9,308.69189039189564,0.0,308.69189039189564,0,0.035728228054617554
EC_A-67_009,A-67_EC009,A-67 existing cluster 9,50.0,3,0.4,48,1134.459632165116,113.5961674089645,1361.3515585981388,4,0.1575638378007105
EC_A-67_010,A-67_EC010,A-67 existing cluster 10,100.0,8,0.4,1,29.80266586913702,0.0,17.88159952148221,0,0.0007761110903421099
EC_A-67_011,A-67_EC011,A-67 existing cluster 11,22.0,6,0.4,6,209.40957641861002,0.0,571.1170265962091,0,0.03305075385394729
EC_A-67_012,A-67_EC012,A-67 existing cluster 12,80.0,3,0.4,21,647.5435673487863,0.0,485.6576755115898,0,0.05621037911013771
EC_A-67_013,A-67_EC013,A-67 existing cluster 13,150.0,7,0.4,1,40.040346481310806,0.0,16.01613859252432,0,0.0007944513190736271
EC_A-67_014,A-67_EC014,A-67 existing cluster 14,150.0,4,0.4,4,121.10328795380673,0.0,50.77634706391176,0,0.0044076690159645625
EC_A-67_015,A-67_EC015,A-67 existing cluster 15,50.0,3,0.4,0,0.0,0.0,0.0,0,0.0
EC_A-62_000,A-62_EC000,A-62 existing cluster 0,360.0,21,0.4,24,805.4796822702119,0.0,311.5426867292301,0,0.005151168762057377
EC_A-62_001,A-62_EC001,A-62 existing cluster 1,100.0,23,0.4,42,1036.8615397150136,0.0,622.6560571209809,0,0.00940000086233365
EC_A-62_002,A-62_EC002,A-62 existing cluster 2,60.0,17,0.4,13,425.2929348642685,0.0,425.2929348642685,0,0.008686538702293066
EC_A-62_003,A-62_EC003,A-62 existing cluster 3,360.0,13,0.4,6,218.1853037782327,0.0,80.50541700465335,0,0.002150251522560186
EC_A-62_004,A-62_EC004,A-62 existing cluster 4,50.0,13,0.4,0,0.0,0.0,0.0,0,0.0
EC_A-62_005,A-62_EC005,A-62 existing cluster 5,50.0,13,0.4,2,75.72143318806452,0.0,90.86571982567742,0,0.0024269690124379653
EC_A-62_006,A-62_EC006,A-62 existing cluster 6,150.0,15,0.4,41,1114.752373557551,0.0,482.9769234541143,0,0.011180021376252645
EC_A-62_007,A-62_EC007,A-62 existing cluster 7,50.0,16,0.4,29,796.9802683954132,0.0,962.0426664936562,0,0.02087766203328247
EC_A-62_008,A-62_EC008,A-62 existing cluster 8,200.0,18,0.4,1,35.66098291086527,0.0,16.01182407613321,0,0.00030887006319701407
EC_A-62_009,A-62_EC009,A-62 existing cluster 9,250.0,34,0.4,4,151.91466217707338,0.0,45.004363945834946,0,0.00045960338996971965
EC_A-62_010,A-62_EC010,A-62 existing cluster 10,200.0,14,0.4,29,787.9247602749358,0.0,294.759021017456,0,0.007310491592694842
EC_A-62_011,A-62_EC011,A-62 existing cluster 11,150.0,12,0.4,16,405.33756820044346,0.0,178.6876793596966,0,0.005170361092583814
EC_A-62_012,A-62_EC012,A-62 existing cluster 12,150.0,13,0.4,0,0.0,0.0,0.0,0,0.0
EC_A-62_013,A-62_EC013,A-62 existing cluster 13,120.0,17,0.4,45,1239.063568527127,0.0,625.317438488876,0,0.01277200650508325
EC_A-62_014,A-62_EC014,A-62 existing cluster 14,400.0,21,0.4,0,0.0,0.0,0.0,0,0.0
EC_A-62_015,A-62_EC015,A-62 existing cluster 15,400.0,31,0.4,0,0.0,0.0,0.0,0,0.0
EC_A-45_000,A-45_EC000,A-45 existing cluster 0,45.0,4,0.4,53,1663.1670025380324,22.671043580121022,2217.5560033840443,1,0.1924961808493094
EC_A-45_001,A-45_EC001,A-45 existing cluster 1,22.0,2,0.4,12,413.54796799987804,0.0,1127.858094545122,0,0.19580869696963923
EC_A-45_002,A-45_EC002,A-45 existing cluster 2,22.0,2,0.4,7,233.13018403505203,0.0,635.8095928228691,0,0.11038360986508144
EC_A-45_003,A-45_EC003,A-45 existing cluster 3,22.0,2,0.4,10,378.39211476155924,0.0,1031.9784948042523,0,0.17916293312573825
EC_A-45_004,A-45_EC004,A-45 existing cluster 4,50.0,3,0.4,44,1304.4914968966884,67.89022047983804,1570.4747085040826,3,0.1817679060768614
EC_A-45_005,A-45_EC005,A-45 existing cluster 5,50.0,3,0.4,12,375.0573082394266,12.44735722100927,450.0687698873119,1,0.05209129281103147
EC_A-45_006,A-45_EC006,A-45 existing cluster 6,22.0,2,0.4,17,581.9531000695961,89.51477464659592,1594.545150597539,2,0.27683075531207274
EC_A-45_007,A-45_EC007,A-45 existing cluster 7,7.36,2,0.4,8,287.05252778172087,125.49503173983578,2340.1021286553337,1,0.40626773066932875
EC_A-45_008,A-45_EC008,A-45 existing cluster 8,150.0,2,0.4,70,2014.2092338909165,8.9538443481473,897.2501134485273,1,0.15577258914036932
EC_A-45_009,A-45_EC009,A-45 existing cluster 9,350.0,4,0.4,34,1221.7444345076497,0.0,489.73539485844515,0,0.0425117530259067
EC_A-45_010,A-45_EC010,A-45 existing cluster 10,7.4,2,0.4,5,160.9115215174545,0.0,1304.688012303685,0,0.22650833546938973
EC_A-45_011,A-45_EC011,A-45 existing cluster 11,50.0,3,0.4,20,614.1269654680724,0.0,739.6152113973369,0,0.08560361243024733
EC_A-45_012,A-45_EC012,A-45 existing cluster 12,22.0,2,0.4,20,526.4712010701835,24.289094583949236,1435.8305483732279,1,0.24927613687035205
EC_A-92_000,A-92_EC000,A-92 existing cluster 0,150.0,36,0.4,24,713.1799059337114,0.0,332.09396273472277,0,0.0032030667702037303
EC_A-92_001,A-92_EC001,A-92 existing cluster 1,150.0,16,0.4,30,893.4343715158293,0.0,382.53313716318297,0,0.008301500372464908
EC_A-92_002,A-92_EC002,A-92 existing cluster 2,60.0,15,0.4,5,181.32505539286677,0.0,185.07021668318936,0,0.0042840327935923465
EC_A-92_003,A-92_EC003,A-92 existing cluster 3,50.0,26,0.4,25,628.993169123463,0.0,754.7918029481555,0,0.01008001873595293
EC_A-92_004,A-92_EC004,A-92 existing cluster 4,150.0,11,0.4,0,0.0,0.0,0.0,0,0.0
EC_A-92_005,A-92_EC005,A-92 existing cluster 5,400.0,38,0.4,7,265.3280024853008,0.0,101.59927246283056,0,0.000928355925281712
EC_A-92_006,A-92_EC006,A-92 existing cluster 6,180.0,28,0.4,28,884.9897715365266,0.0,372.9818508011768,0,0.0046252709672764975
EC_A-92_007,A-92_EC007,A-92 existing cluster 7,100.0,21,0.4,41,1219.046153866939,0.0,738.1369357546109,0,0.012204645101762748
EC_A-92_008,A-92_EC008,A-92 existing cluster 8,150.0,16,0.4,14,457.8188689914055,0.0,201.09149474993356,0,0.004363964729816266
EC_A-92_009,A-92_EC009,A-92 existing cluster 9,150.0,22,0.4,9,306.13960689461425,0.0,137.6323711176102,0,0.0021722280795077368
EC_A-92_010,A-92_EC010,A-92 existing cluster 10,120.0,18,0.4,5,130.0179448654973,0.0,65.00897243274865,0,0.0012540311040267873
EC_A-92_011,A-92_EC011,A-92 existing cluster 11,400.0,29,0.4,6,166.83211769565867,0.0,59.56621219740528,0,0.0007131969851221896
EC_A-92_012,A-92_EC012,A-92 existing cluster 12,150.0,35,0.4,47,1198.5169641792477,0.0,531.0655681994547,0,0.005268507621026336
EC_A-92_013,A-92_EC013,A-92 existing cluster 13,400.0,28,0.4,6,235.63353285335296,0.0,92.41312967423039,0,0.0011459961517141664
EC_A-92_014,A-92_EC014,A-92 existing cluster 14,100.0,19,0.4,70,2007.736310012329,0.0,1206.2395942265757,0,0.022043852233672803
EC_A-92_015,A-92_EC015,A-92 existing cluster 15,60.0,16,0.4,40,996.1292993017477,0.0,998.9805357182967,0,0.02167926509805331
EC_N-340_000,N-340_EC000,N-340 existing cluster 0,120.0,28,0.4,0,0.0,0.0,0.0,0,0.0
EC_N-340_001,N-340_EC001,N-340 existing cluster 1,60.0,30,0.4,0,0.0,0.0,0.0,0,0.0
EC_N-340_002,N-340_EC002,N-340 existing cluster 2,250.0,42,0.4,0,0.0,0.0,0.0,0,0.0
EC_N-340_003,N-340_EC003,N-340 existing cluster 3,350.0,40,0.4,0,0.0,0.0,0.0,0,0.0
EC_N-340_004,N-340_EC004,N-340 existing cluster 4,150.0,33,0.4,0,0.0,0.0,0.0,0,0.0
EC_N-340_005,N-340_EC005,N-340 existing cluster 5,150.0,27,0.4,0,0.0,0.0,0.0,0,0.0
EC_N-340_006,N-340_EC006,N-340 existing cluster 6,150.0,34,0.4,0,0.0,0.0,0.0,0,0.0
EC_N-340_007,N-340_EC007,N-340 existing cluster 7,150.0,28,0.4,0,0.0,0.0,0.0,0,0.0
EC_N-340_008,N-340_EC008,N-340 existing cluster 8,180.0,32,0.4,0,0.0,0.0,0.0,0,0.0
EC_N-340_009,N-340_EC009,N-340 existing cluster 9,250.0,47,0.4,0,0.0,0.0,0.0,0,0.0
EC_N-340_010,N-340_EC010,N-340 existing cluster 10,180.0,55,0.4,0,0.0,0.0,0.0,0,0.0
EC_N-340_011,N-340_EC011,N-340 existing cluster 11,207.0,34,0.4,0,0.0,0.0,0.0,0,0.0
EC_N-340_012,N-340_EC012,N-340 existing cluster 12,60.0,22,0.4,0,0.0,0.0,0.0,0,0.0
EC_N-340_013,N-340_EC013,N-340 existing cluster 13,350.0,22,0.4,0,0.0,0.0,0.0,0,0.0
EC_N-340_014,N-340_EC014,N-340 existing cluster 14,150.0,31,0.4,0,0.0,0.0,0.0,0,0.0
EC_N-340_015,N-340_EC015,N-340 existing cluster 15,150.0,37,0.4,0,0.0,0.0,0.0,0,0.0
EC_N-340_016,N-340_EC016,N-340 existing cluster 16,50.0,21,0.4,0,0.0,0.0,0.0,0,0.0
EC_N-340_017,N-340_EC017,N-340 existing cluster 17,150.0,27,0.4,0,0.0,0.0,0.0,0,0.0
EC_N-340_018,N-340_EC018,N-340 existing cluster 18,150.0,33,0.4,0,0.0,0.0,0.0,0,0.0
EC_N-340_019,N-340_EC019,N-340 existing cluster 19,150.0,31,0.4,0,0.0,0.0,0.0,0,0.0
EC_N-340_020,N-340_EC020,N-340 existing cluster 20,150.0,23,0.4,0,0.0,0.0,0.0,0,0.0
EC_N-340_021,N-340_EC021,N-340 existing cluster 21,150.0,23,0.4,0,0.0,0.0,0.0,0,0.0
EC_N-340_022,N-340_EC022,N-340 existing cluster 22,50.0,21,0.4,0,0.0,0.0,0.0,0,0.0
EC_N-340_023,N-340_EC023,N-340 existing cluster 23,120.0,28,0.4,0,0.0,0.0,0.0,0,0.0
EC_N-340_024,N-340_EC024,N-340 existing cluster 24,50.0,42,0.4,0,0.0,0.0,0.0,0,0.0
EC_N-340_025,N-340_EC025,N-340 existing cluster 25,150.0,82,0.4,0,0.0,0.0,0.0,0,0.0
EC_N-340_026,N-340_EC026,N-340 existing cluster 26,150.0,24,0.4,0,0.0,0.0,0.0,0,0.0
EC_N-340_027,N-340_EC027,N-340 existing cluster 27,120.0,24,0.4,0,0.0,0.0,0.0,0,0.0
EC_AP-8_000,AP-8_EC000,AP-8 existing cluster 0,150.0,17,0.4,0,0.0,0.0,0.0,0,0.0
EC_AP-8_001,AP-8_EC001,AP-8 existing cluster 1,150.0,14,0.4,0,0.0,0.0,0.0,0,0.0
EC_AP-8_002,AP-8_EC002,AP-8 existing cluster 2,150.0,15,0.4,0,0.0,0.0,0.0,0,0.0
EC_AP-8_003,AP-8_EC003,AP-8 existing cluster 3,120.0,17,0.4,16,413.3198042094235,0.0,207.9914089540268,0,0.004248190542361659
EC_AP-8_004,AP-8_EC004,AP-8 existing cluster 4,120.0,25,0.4,0,0.0,0.0,0.0,0,0.0
EC_AP-8_005,AP-8_EC005,AP-8 existing cluster 5,150.0,20,0.4,0,0.0,0.0,0.0,0,0.0
EC_AP-8_006,AP-8_EC006,AP-8 existing cluster 6,22.17,10,0.4,3,103.52953184204395,0.0,280.1881781922705,0,0.009728756187231615
EC_AP-8_007,AP-8_EC007,AP-8 existing cluster 7,250.0,18,0.4,3,98.33612575030345,0.0,38.14687053414143,0,0.0007358578420937775
EC_AP-8_008,AP-8_EC008,AP-8 existing cluster 8,60.0,22,0.4,5,149.74490029438473,0.0,149.74490029438473,0,0.0023633980475755165
EC_AP-8_009,AP-8_EC009,AP-8 existing cluster 9,170.0,17,0.4,13,467.08219629314635,0.0,188.02005168716627,0,0.003840278833479703
EC_AP-8_010,AP-8_EC010,AP-8 existing cluster 10,120.0,54,0.4,21,606.0146988158206,0.0,303.0073494079103,0,0.0019483497261311104
EC_AP-8_011,AP-8_EC011,AP-8 existing cluster 11,180.0,25,0.4,0,0.0,0.0,0.0,0,0.0
EC_AP-8_012,AP-8_EC012,AP-8 existing cluster 12,50.0,21,0.4,0,0.0,0.0,0.0,0,0.0
EC_AP-8_013,AP-8_EC013,AP-8 existing cluster 13,250.0,48,0.4,0,0.0,0.0,0.0,0,0.0
EC_AP-8_014,AP-8_EC014,AP-8 existing cluster 14,150.0,9,0.4,0,0.0,0.0,0.0,0,0.0
EC_AP-8_015,AP-8_EC015,AP-8 existing cluster 15,180.0,16,0.4,0,0.0,0.0,0.0,0,0.0
EC_AP-6_000,AP-6_EC000,AP-6 existing cluster 0,22.0,4,0.4,40,957.0793924655156,0.0,2622.6843058122176,0,0.22766356821286612
EC_AP-6_001,AP-6_EC001,AP-6 existing cluster 1,22.17,4,0.4,0,0.0,0.0,0.0,0,0.0
EC_AP-6_002,AP-6_EC002,AP-6 existing cluster 2,50.0,3,0.4,1,45.38021022872426,0.0,54.691736297119064,0,0.0063300620714258175
EC_AP-6_003,AP-6_EC003,AP-6 existing cluster 3,22.0,18,0.4,1,38.52482191447489,0.0,105.06769613038607,0,0.002026768829675657
EC_AP-6_004,AP-6_EC004,AP-6 existing cluster 4,150.0,4,0.4,0,0.0,0.0,0.0,0,0.0
EC_AP-6_005,AP-6_EC005,AP-6 existing cluster 5,150.0,8,0.4,24,945.4805962208025,0.0,423.5333356113976,0,0.018382523247022466
EC_AP-6_006,AP-6_EC006,AP-6 existing cluster 6,20.0,3,0.4,5,159.97599268647275,0.0,479.92797805941825,0,0.05554721968280304
EC_AP-6_007,AP-6_EC007,AP-6 existing cluster 7,22.0,2,0.4,29,678.8300384255836,96.324092746058,1868.695959267754,2,0.3244263818173184
EC_AP-6_008,AP-6_EC008,AP-6 existing cluster 8,90.0,2,0.4,26,541.5148905336974,0.18760061868329103,362.26799153859395,1,0.06289374853100589
EC_AP-6_009,AP-6_EC009,AP-6 existing cluster 9,150.0,2,0.4,5,129.2387172411744,0.0,58.117744262221045,0,0.010089886156635598
EC_AP-6_010,AP-6_EC010,AP-6 existing cluster 10,200.0,6,0.4,77,1734.8789662668294,0.0,682.2436653734873,0,0.039481693598002736
EC_AP-6_011,AP-6_EC011,AP-6 existing cluster 11,60.0,1,0.4,0,0.0,0.0,0.0,0,0.0
EC_AP-6_012,AP-6_EC012,AP-6 existing cluster 12,7.36,2,0.4,15,361.4138108147151,3150.7528322884946,2946.308240337352,5,0.5115118472807902
EC_AP-6_013,AP-6_EC013,AP-6 existing cluster 13,22.17,4,0.4,1,31.813457755113035,0.0,86.09866780815435,0,0.007473842691680064
EC_AP-6_014,AP-6_EC014,AP-6 existing cluster 14,150.0,2,0.4,34,868.5287654914081,10.351550795893331,390.7818741208974,2,0.06784407536821135
EC_AP-6_015,AP-6_EC015,AP-6 existing cluster 15,150.0,2,0.4,52,1606.5923666458755,0.0,724.0442472743238,0,0.12570212626290342
EC_AP-15_000,AP-15_EC000,AP-15 existing cluster 0,50.0,9,0.4,13,489.7485763623012,0.0,593.2709457983024,0,0.02288853957555179
EC_AP-15_001,AP-15_EC001,AP-15 existing cluster 1,350.0,2,0.4,2,67.33527259817748,0.0,29.926787821412212,0,0.005195622885661842
EC_AP-15_002,AP-15_EC002,AP-15 existing cluster 2,50.0,3,0.4,22,713.547560604918,0.0,881.3412275023649,0,0.10200708651647741
EC_AP-15_003,AP-15_EC003,AP-15 existing cluster 3,100.0,8,0.4,22,865.3020102325656,0.0,520.8092792292402,0,0.02260456941099133
EC_AP-15_004,AP-15_EC004,AP-15 existing cluster 4,50.0,3,0.4,1,40.11936063782972,0.0,48.143232765395666,0,0.005572133421920795
EC_AP-15_005,AP-15_EC005,AP-15 existing cluster 5,50.0,4,0.4,4,163.06451551279474,0.0,198.1955049940912,0,0.017204470919625972
EC_AP-15_006,AP-15_EC006,AP-15 existing cluster 6,50.0,3,0.4,8,320.41750272760316,0.0,390.4312255944267,0,0.0451887992586142
EC_AP-15_007,AP-15_EC007,AP-15 existing cluster 7,22.0,2,0.4,0,0.0,0.0,0.0,0,0.0
EC_AP-15_008,AP-15_EC008,AP-15 existing cluster 8,320.0,1,0.4,1,52.57923838825684,0.0,13.270246449062041,0,0.004607724461479876
EC_AP-15_009,AP-15_EC009,AP-15 existing cluster 9,50.0,3,0.4,0,0.0,0.0,0.0,0,0.0
EC_AP-15_010,AP-15_EC010,AP-15 existing cluster 10,320.0,3,0.4,1,34.766111344167086,0.0,17.39206929697145,0,0.0020129709834457695
EC_AP-15_011,AP-15_EC011,AP-15 existing cluster 11,50.0,3,0.4,6,148.65478273213134,0.0,178.3857392785576,0,0.020646497601684907
EC_AP-15_012,AP-15_EC012,AP-15 existing cluster 12,50.0,3,0.4,1,26.75260410805972,0.0,32.103124929671665,0,0.003715639459452739
EC_AP-15_013,AP-15_EC013,AP-15 existing cluster 13,50.0,3,0.4,5,200.6806517668523,0.0,240.81678212022274,0,0.02787231274539615
EC_AP-15_014,AP-15_EC014,AP-15 existing cluster 14,50.0,3,0.4,0,0.0,0.0,0.0,0,0.0
EC_AP-15_015,AP-15_EC015,AP-15 existing cluster 15,50.0,3,0.4,3,107.76023087957464,0.0,129.31227705548957,0,0.014966698733274256
EC_A-52_000,A-52_EC000,A-52 existing cluster 0,50.0,3,0.4,37,987.8138640167848,0.0,1185.376636820142,0,0.13719637000233126
EC_A-52_001,A-52_EC001,A-52 existing cluster 1,150.0,2,0.4,3,82.46016701192725,0.0,36.18240357612398,0,0.006281667287521524
EC_A-52_002,A-52_EC002,A-52 existing cluster 2,250.0,12,0.4,19,602.1307559191213,0.0,220.50713865628498,0,0.006380414891674913
EC_A-52_003,A-52_EC003,A-52 existing cluster 3,22.0,2,0.4,0,0.0,0.0,0.0,0,0.0
EC_A-52_004,A-52_EC004,A-52 existing cluster 4,150.0,2,0.4,0,0.0,0.0,0.0,0,0.0
EC_A-52_005,A-52_EC005,A-52 existing cluster 5,320.0,10,0.4,0,0.0,0.0,0.0,0,0.0
EC_A-52_006,A-52_EC006,A-52 existing cluster 6,100.0,2,0.4,0,0.0,0.0,0.0,0,0.0
EC_A-52_007,A-52_EC007,A-52 existing cluster 7,300.0,4,0.4,2,45.90569479682296,0.0,20.795723854435096,0,0.0018051843623641576
EC_A-52_008,A-52_EC008,A-52 existing cluster 8,50.0,3,0.4,4,126.15685260115244,0.0,151.38822312138294,0,0.017521785083493394
EC_A-52_009,A-52_EC009,A-52 existing cluster 9,300.0,2,0.4,54,1202.0630420821144,0.0,452.1205911237982,0,0.07849315818121497
EC_A-52_010,A-52_EC010,A-52 existing cluster 10,50.0,3,0.4,8,215.14669973599095,0.0,258.1760396831891,0,0.029881486074443186
EC_N-120_000,N-120_EC000,N-120 existing cluster 0,150.0,14,0.4,16,364.45673748224294,0.0,162.28673488414665,0,0.004024968623118717
EC_N-120_001,N-120_EC001,N-120 existing cluster 1,150.0,13,0.4,6,179.393475337166,0.0,76.04962311184607,0,0.0020312399335428973
EC_N-120_002,N-120_EC002,N-120 existing cluster 2,300.0,21,0.4,15,517.6965424073874,0.0,201.79882244885124,0,0.003336620741548466
EC_N-120_003,N-120_EC003,N-120 existing cluster 3,50.0,16,0.4,2,36.1787346555967,0.0,43.41448158671604,0,0.0009421545483228308
EC_N-120_004,N-120_EC004,N-120 existing cluster 4,50.0,13,0.4,7,196.95771520582366,0.0,236.34925824698837,0,0.0063127472822379375
EC_N-120_005,N-120_EC005,N-120 existing cluster 5,22.0,8,0.4,0,0.0,0.0,0.0,0,0.0
EC_N-120_006,N-120_EC006,N-120 existing cluster 6,50.0,17,0.4,0,0.0,0.0,0.0,0,0.0
EC_N-120_007,N-120_EC007,N-120 existing cluster 7,150.0,20,0.4,0,0.0,0.0,0.0,0,0.0
EC_N-120_008,N-120_EC008,N-120 existing cluster 8,150.0,15,0.4,0,0.0,0.0,0.0,0,0.0
EC_N-120_009,N-120_EC009,N-120 existing cluster 9,100.0,11,0.4,0,0.0,0.0,0.0,0,0.0
EC_N-120_010,N-120_EC010,N-120 existing cluster 10,250.0,14,0.4,0,0.0,0.0,0.0,0,0.0
EC_N-120_011,N-120_EC011,N-120 existing cluster 11,50.0,15,0.4,1,40.589952907095,0.0,48.70794348851399,0,0.0011274986918637499
EC_N-120_012,N-120_EC012,N-120 existing cluster 12,100.0,13,0.4,17,488.8863483906511,0.0,294.46406709890675,0,0.00786495905712892
EC_N-120_013,N-120_EC013,N-120 existing cluster 13,150.0,13,0.4,22,624.6541541821173,0.0,287.25065690013645,0,0.007672293186435268
EC_N-120_014,N-120_EC014,N-120 existing cluster 14,100.0,15,0.4,0,0.0,0.0,0.0,0,0.0
EC_N-120_015,N-120_EC015,N-120 existing cluster 15,50.0,13,0.4,0,0.0,0.0,0.0,0,0.0
EC_A-40_000,A-40_EC000,A-40 existing cluster 0,100.0,4,0.4,35,1130.4165448357398,0.0,678.2499269014439,0,0.058875861710194786
EC_A-40_001,A-40_EC001,A-40 existing cluster 1,22.0,4,0.4,0,0.0,0.0,0.0,0,0.0
EC_A-40_002,A-40_EC002,A-40 existing cluster 2,100.0,4,0.4,0,0.0,0.0,0.0,0,0.0
EC_A-40_003,A-40_EC003,A-40 existing cluster 3,22.0,4,0.4,2,43.03273155837826,0.0,117.36199515921342,0,0.010187673190903943
EC_A-40_004,A-40_EC004,A-40 existing cluster 4,22.0,4,0.4,26,371.4991065432628,0.0,1013.1793814816259,0,0.08794959908694669
EC_A-40_005,A-40_EC005,A-40 existing cluster 5,22.0,2,0.4,0,0.0,0.0,0.0,0,0.0
EC_A-40_006,A-40_EC006,A-40 existing cluster 6,22.0,4,0.4,0,0.0,0.0,0.0,0,0.0
EC_A-40_007,A-40_EC007,A-40 existing cluster 7,50.0,7,0.4,0,0.0,0.0,0.0,0,0.0
EC_A-40_008,A-40_EC008,A-40 existing cluster 8,22.0,6,0.4,10,357.18175126443407,0.0,995.5988367892309,0,0.05761567342530271
EC_A-40_009,A-40_EC009,A-40 existing cluster 9,150.0,2,0.4,0,0.0,0.0,0.0,0,0.0
EC_A-40_010,A-40_EC010,A-40 existing cluster 10,50.0,4,0.4,42,1494.0664266380604,0.0,1827.4988182080215,0,0.15863705019166854
EC_A-40_011,A-40_EC011,A-40 existing cluster 11,50.0,3,0.4,0,0.0,0.0,0.0,0,0.0
EC_A-40_012,A-40_EC012,A-40 existing cluster 12,50.0,3,0.4,16,236.89205249965832,0.0,287.52660917899186,0,0.03327854272904998
EC_A-40_013,A-40_EC013,A-40 existing cluster 13,22.0,6,0.4,0,0.0,0.0,0.0,0,0.0
EC_A-40_014,A-40_EC014,A-40 existing cluster 14,50.0,3,0.4,0,0.0,0.0,0.0,0,0.0
EC_A-40_015,A-40_EC015,A-40 existing cluster 15,50.0,3,0.4,41,1379.0847524022024,98.25832944518743,1730.089847939601,2,0.20024188054856493
EC_N-122_000,N-122_EC000,N-122 existing cluster 0,100.0,16,0.4,12,312.85265047810947,0.0,187.7115902868657,0,0.004073602219767051
EC_N-122_001,N-122_EC001,N-122 existing cluster 1,60.0,13,0.4,9,191.21318693652597,0.0,194.17447725910662,0,0.005186284114826566
EC_N-122_002,N-122_EC002,N-122 existing cluster 2,50.0,13,0.4,1,17.371319024319227,0.0,20.845582829183073,0,0.0005567730456512573
EC_N-122_003,N-122_EC003,N-122 existing cluster 3,50.0,13,0.4,1,30.406672068031853,0.0,36.48800648163822,0,0.0009745728226933287
EC_N-122_004,N-122_EC004,N-122 existing cluster 4,70.0,9,0.4,0,0.0,0.0,0.0,0,0.0
EC_N-122_005,N-122_EC005,N-122 existing cluster 5,50.0,11,0.4,0,0.0,0.0,0.0,0,0.0
EC_N-122_006,N-122_EC006,N-122 existing cluster 6,100.0,8,0.4,0,0.0,0.0,0.0,0,0.0
EC_N-122_007,N-122_EC007,N-122 existing cluster 7,50.0,15,0.4,0,0.0,0.0,0.0,0,0.0
EC_N-122_008,N-122_EC008,N-122 existing cluster 8,50.0,9,0.4,0,0.0,0.0,0.0,0,0.0
EC_N-122_009,N-122_EC009,N-122 existing cluster 9,50.0,7,0.4,0,0.0,0.0,0.0,0,0.0
EC_N-122_010,N-122_EC010,N-122 existing cluster 10,360.0,12,0.4,0,0.0,0.0,0.0,0,0.0
EC_N-122_011,N-122_EC011,N-122 existing cluster 11,320.0,13,0.4,0,0.0,0.0,0.0,0,0.0
EC_N-122_012,N-122_EC012,N-122 existing cluster 12,22.0,8,0.4,0,0.0,0.0,0.0,0,0.0
EC_N-122_013,N-122_EC013,N-122 existing cluster 13,22.0,13,0.4,0,0.0,0.0,0.0,0,0.0
EC_N-122_014,N-122_EC014,N-122 existing cluster 14,50.0,9,0.4,0,0.0,0.0,0.0,0,0.0
EC_N-122_015,N-122_EC015,N-122 existing cluster 15,100.0,12,0.4,0,0.0,0.0,0.0,0,0.0
EC_A-11_000,A-11_EC000,A-11 existing cluster 0,7.0,2,0.4,0,0.0,0.0,0.0,0,0.0
EC_A-11_001,A-11_EC001,A-11 existing cluster 1,7.0,2,0.4,0,0.0,0.0,0.0,0,0.0
EC_A-11_002,A-11_EC002,A-11 existing cluster 2,7.0,2,0.4,11,482.7788545555286,6988.9978552188695,4138.104467618816,7,0.7184209145171555
EC_A-11_003,A-11_EC003,A-11 existing cluster 3,200.0,4,0.4,0,0.0,0.0,0.0,0,0.0
EC_A-11_004,A-11_EC004,A-11 existing cluster 4,60.0,1,0.4,0,0.0,0.0,0.0,0,0.0
EC_A-11_005,A-11_EC005,A-11 existing cluster 5,120.0,2,0.4,1,47.75306579939556,0.0,23.87653289969778,0,0.004145231406197531
EC_A-11_006,A-11_EC006,A-11 existing cluster 6,50.0,3,0.4,5,223.91813948613972,0.0,268.70176738336767,0,0.031099741595297183
EC_A-11_007,A-11_EC007,A-11 existing cluster 7,50.0,3,0.4,0,0.0,0.0,0.0,0,0.0
EC_A-11_008,A-11_EC008,A-11 existing cluster 8,50.0,3,0.4,35,802.4063602081177,11.111379154923839,966.0832486880973,1,0.11181519082038163
EC_A-12_000,A-12_EC000,A-12 existing cluster 0,180.0,4,0.4,0,0.0,0.0,0.0,0,0.0
EC_A-12_001,A-12_EC001,A-12 existing cluster 1,100.0,4,0.4,0,0.0,0.0,0.0,0,0.0
EC_A-12_002,A-12_EC002,A-12 existing cluster 2,50.0,5,0.4,4,133.79509561348962,0.0,160.55411473618756,0,0.011149591301124136
EC_A-12_003,A-12_EC003,A-12 existing cluster 3,150.0,2,0.4,0,0.0,0.0,0.0,0,0.0
EC_A-12_004,A-12_EC004,A-12 existing cluster 4,100.0,2,0.4,3,104.93258684301591,0.0,62.95955210580954,0,0.010930477796147491
EC_A-12_005,A-12_EC005,A-12 existing cluster 5,150.0,1,0.4,16,405.4333642248839,0.0,181.65857527746425,0,0.06307589419356398
EC_A-12_006,A-12_EC006,A-12 existing cluster 6,150.0,1,0.4,7,182.10160738954,0.7759303677269145,75.4872084862868,1,0.026210836279960695
EC_A-12_007,A-12_EC007,A-12 existing cluster 7,50.0,3,0.4,9,284.0679233812305,0.0,340.88150805747665,0,0.03945387824739313
EC_A-12_008,A-12_EC008,A-12 existing cluster 8,50.0,3,0.4,0,0.0,0.0,0.0,0,0.0
EC_A-12_009,A-12_EC009,A-12 existing cluster 9,50.0,3,0.4,0,0.0,0.0,0.0,0,0.0
EC_A-12_010,A-12_EC010,A-12 existing cluster 10,100.0,4,0.4,0,0.0,0.0,0.0,0,0.0
EC_A-12_011,A-12_EC011,A-12 existing cluster 11,14.8,2,0.4,0,0.0,0.0,0.0,0,0.0
EC_A-12_012,A-12_EC012,A-12 existing cluster 12,22.0,6,0.4,0,0.0,0.0,0.0,0,0.0
EC_A-12_013,A-12_EC013,A-12 existing cluster 13,120.0,4,0.4,0,0.0,0.0,0.0,0,0.0
EC_A-12_014,A-12_EC014,A-12 existing cluster 14,22.0,6,0.4,30,697.8708163412709,0.0,1918.2820512116205,0,0.11101169277845026
EC_A-15_000,A-15_EC000,A-15 existing cluster 0,60.0,9,0.4,8,151.92087544464343,0.0,153.80797221883697,0,0.005933949545479821
EC_A-15_001,A-15_EC001,A-15 existing cluster 1,50.0,13,0.4,11,280.01713650983714,0.0,336.0205638118046,0,0.00897490822146914
EC_A-15_002,A-15_EC002,A-15 existing cluster 2,50.0,13,0.4,4,140.94730422619944,0.0,174.65742737987358,0,0.0046649953894197
EC_A-15_003,A-15_EC003,A-15 existing cluster 3,50.0,23,0.4,0,0.0,0.0,0.0,0,0.0
EC_A-15_004,A-15_EC004,A-15 existing cluster 4,50.0,19,0.4,0,0.0,0.0,0.0,0,0.0
EC_A-15_005,A-15_EC005,A-15 existing cluster 5,150.0,9,0.4,0,0.0,0.0,0.0,0,0.0
EC_A-15_006,A-15_EC006,A-15 existing cluster 6,150.0,12,0.4,0,0.0,0.0,0.0,0,0.0
EC_A-15_007,A-15_EC007,A-15 existing cluster 7,250.0,14,0.4,0,0.0,0.0,0.0,0,0.0
EC_A-15_008,A-15_EC008,A-15 existing cluster 8,150.0,6,0.4,0,0.0,0.0,0.0,0,0.0
EC_A-15_009,A-15_EC009,A-15 existing cluster 9,100.0,24,0.4,0,0.0,0.0,0.0,0,0.0
EC_A-15_010,A-15_EC010,A-15 existing cluster 10,150.0,10,0.4,5,170.45587490491974,0.0,72.07524842081277,0,0.002502612792389332
EC_A-15_011,A-15_EC011,A-15 existing cluster 11,150.0,12,0.4,3,96.36455182079897,0.0,39.1347275286747,0,0.001132370588213967
EC_A-15_012,A-15_EC012,A-15 existing cluster 12,60.0,7,0.4,1,29.315493753575698,0.0,31.202590527769246,0,0.0015477475460202999
EC_A-15_013,A-15_EC013,A-15 existing cluster 13,100.0,11,0.4,32,715.9018417833015,0.0,432.5899833237157,0,0.013654986847339512
EC_A-15_014,A-15_EC014,A-15 existing cluster 14,150.0,11,0.4,6,220.1536023023199,0.0,99.80879797117434,0,0.0031505302389890893
EC_A-15_015,A-15_EC015,A-15 existing cluster 15,130.0,9,0.4,3,104.12426523788776,0.0,49.26141282416921,0,0.0019005174700682567
EC_A-22_000,A-22_EC000,A-22 existing cluster 0,22.0,1,0.4,1,24.936377458508854,0.0,68.00830215956961,0,0.023613993805406113
EC_A-22_001,A-22_EC001,A-22 existing cluster 1,22.0,1,0.4,0,0.0,0.0,0.0,0,0.0
EC_A-22_002,A-22_EC002,A-22 existing cluster 2,350.0,6,0.4,10,283.6499977795741,0.0,100.68237392718959,0,0.005826526268934582
EC_A-22_003,A-22_EC003,A-22 existing cluster 3,50.0,3,0.4,0,0.0,0.0,0.0,0,0.0
EC_A-22_004,A-22_EC004,A-22 existing cluster 4,50.0,3,0.4,0,0.0,0.0,0.0,0,0.0
EC_A-22_005,A-22_EC005,A-22 existing cluster 5,22.0,4,0.4,0,0.0,0.0,0.0,0,0.0
EC_A-22_006,A-22_EC006,A-22 existing cluster 6,50.0,3,0.4,0,0.0,0.0,0.0,0,0.0
EC_A-22_007,A-22_EC007,A-22 existing cluster 7,50.0,6,0.4,6,200.45402020573562,0.0,240.5448242468827,0,0.01392041806984275
EC_A-22_008,A-22_EC008,A-22 existing cluster 8,50.0,3,0.4,1,35.3213900774669,0.0,42.38566809296028,0,0.004905748621870403
EC_A-22_009,A-22_EC009,A-22 existing cluster 9,11.09,2,0.4,8,241.93379671679747,0.0,1308.929468260401,0,0.22724469935076408
EC_A-30_000,A-30_EC000,A-30 existing cluster 0,350.0,43,0.4,65,1719.7042668151585,0.0,627.2250128140014,0,0.00506480146006138
EC_A-30_001,A-30_EC001,A-30 existing cluster 1,100.0,18,0.4,16,674.6766346721803,0.0,405.4210554163751,0,0.007820622210964027
EC_A-30_002,A-30_EC002,A-30 existing cluster 2,320.0,14,0.4,4,140.65039389111143,0.0,56.729573219615204,0,0.0014069834627880755
EC_A-30_003,A-30_EC003,A-30 existing cluster 3,320.0,17,0.4,2,100.44796927985084,0.0,27.061045365388555,0,0.0005527174298486224
EC_A-30_004,A-30_EC004,A-30 existing cluster 4,22.0,28,0.4,1,39.11593920947243,0.0,106.67983420765208,0,0.0013229146107099712
EC_A-30_005,A-30_EC005,A-30 existing cluster 5,50.0,22,0.4,0,0.0,0.0,0.0,0,0.0
EC_A-30_006,A-30_EC006,A-30 existing cluster 6,120.0,30,0.4,1,38.455394437152755,0.0,19.227697218576377,0,0.00022254279188167105
EC_A-30_007,A-30_EC007,A-30 existing cluster 7,50.0,40,0.4,50,997.9173372350292,0.0,1197.5850554131089,0,0.01039570360601657
EC_A-30_008,A-30_EC008,A-30 existing cluster 8,50.0,18,0.4,1,37.699293697067475,0.0,45.23915243648097,0,0.0008726688355802656
EC_A-30_009,A-30_EC009,A-30 existing cluster 9,50.0,18,0.4,0,0.0,0.0,0.0,0,0.0
EC_A-30_010,A-30_EC010,A-30 existing cluster 10,60.0,14,0.4,0,0.0,0.0,0.0,0,0.0
EC_A-30_011,A-30_EC011,A-30 existing cluster 11,60.0,25,0.4,1,47.73762901778512,0.0,47.73762901778512,0,0.0006630226252470155
EC_A-30_012,A-30_EC012,A-30 existing cluster 12,150.0,19,0.4,2,71.17152756985604,0.0,30.43566446800651,0,0.0005562073184942711
EC_A-30_013,A-30_EC013,A-30 existing cluster 13,50.0,18,0.4,12,387.11852188557305,0.0,464.5422262626876,0,0.008961076895499376
EC_A-30_014,A-30_EC014,A-30 existing cluster 14,180.0,20,0.4,2,98.7107944165008,0.0,33.80808318866749,0,0.0005869458886921439
EC_A-30_015,A-30_EC015,A-30 existing cluster 15,150.0,25,0.4,0,0.0,0.0,0.0,0,0.0
EC_A-31_000,A-31_EC000,A-31 existing cluster 0,100.0,24,0.4,73,1889.5986304859007,0.0,1135.0596911028972,0,0.016421581179150713
EC_A-31_001,A-31_EC001,A-31 existing cluster 1,360.0,29,0.4,1,39.38565028061031,0.0,10.142227540071323,0,0.00012143471671541335
EC_A-31_002,A-31_EC002,A-31 existing cluster 2,200.0,38,0.4,16,430.0856472572997,0.0,156.42051930108326,0,0.0014292810608651613
EC_A-31_003,A-31_EC003,A-31 existing cluster 3,22.17,36,0.4,0,0.0,0.0,0.0,0,0.0
EC_A-31_004,A-31_EC004,A-31 existing cluster 4,200.0,24,0.4,1,32.83623400191349,0.0,14.072671715105782,0,0.00020359768106345172
EC_A-31_005,A-31_EC005,A-31 existing cluster 5,200.0,19,0.4,43,1198.8539598190519,0.0,489.3547406122312,0,0.008942886341597792
EC_A-31_006,A-31_EC006,A-31 existing cluster 6,100.0,15,0.4,26,641.1276128361076,0.0,388.29061071783076,0,0.008988208581431267
EC_A-31_007,A-31_EC007,A-31 existing cluster 7,320.0,15,0.4,2,67.69849724959408,0.0,24.433161096535216,0,0.000565582432790167
EC_A-31_008,A-31_EC008,A-31 existing cluster 8,50.0,27,0.4,0,0.0,0.0,0.0,0,0.0
EC_A-31_009,A-31_EC009,A-31 existing cluster 9,150.0,16,0.4,27,875.9630915846593,0.0,402.33015160139155,0,0.00873112308162742
EC_A-31_010,A-31_EC010,A-31 existing cluster 10,150.0,17,0.4,8,260.2466936509459,0.0,113.77951221757007,0,0.002323927945620304
EC_A-31_011,A-31_EC011,A-31 existing cluster 11,50.0,13,0.4,5,175.61341767264364,0.0,210.73610120717234,0,0.005628635181815501
EC_A-31_012,A-31_EC012,A-31 existing cluster 12,30.0,21,0.4,0,0.0,0.0,0.0,0,0.0
EC_A-31_013,A-31_EC013,A-31 existing cluster 13,50.0,19,0.4,0,0.0,0.0,0.0,0,0.0
EC_A-31_014,A-31_EC014,A-31 existing cluster 14,150.0,31,0.4,41,1171.9740485808722,0.0,500.3982723595167,0,0.005604819358865554
EC_A-31_015,A-31_EC015,A-31 existing cluster 15,50.0,21,0.4,0,0.0,0.0,0.0,0,0.0
EC_A-381_000,A-381_EC000,A-381 existing cluster 0,150.0,2,0.4,21,486.8527515177207,0.0,215.63797620817377,0,0.03743714864725239
EC_A-381_001,A-381_EC001,A-381 existing cluster 1,150.0,2,0.4,0,0.0,0.0,0.0,0,0.0
EC_A-381_002,A-381_EC002,A-381 existing cluster 2,22.0,4,0.4,3,88.91601841541609,0.0,242.49823204204387,0,0.02105019375364964
EC_A-381_003,A-381_EC003,A-381 existing cluster 3,150.0,2,0.4,0,0.0,0.0,0.0,0,0.0
EC_A-381_004,A-381_EC004,A-381 existing cluster 4,200.0,6,0.4,13,374.7695638340961,0.0,156.6919035779633,0,0.009067818494095098
EC_A-381_005,A-381_EC005,A-381 existing cluster 5,50.0,3,0.4,15,434.6923171444152,0.0,521.6307805732982,0,0.060373932936724335
EC_A-44_000,A-44_EC000,A-44 existing cluster 0,7.0,2,0.4,9,204.48572676332742,70.62192517072276,1752.7348008285205,1,0.3042942362549515
EC_A-44_001,A-44_EC001,A-44 existing cluster 1,22.17,4,0.4,21,551.1696452423491,0.0,1491.6634512648147,0,0.12948467458895963
EC_A-44_002,A-44_EC002,A-44 existing cluster 2,50.0,3,0.4,9,194.14822071823437,0.0,232.97786486188124,0,0.026965030655310328
EC_A-44_003,A-44_EC003,A-44 existing cluster 3,70.0,4,0.4,20,527.4866854792978,0.0,453.6097237047065,0,0.0393758440715891
EC_A-44_004,A-44_EC004,A-44 existing cluster 4,250.0,12,0.4,10,306.5093938748187,0.0,113.1429723030677,0,0.003273812855991542
EC_A-44_005,A-44_EC005,A-44 existing cluster 5,22.0,2,0.4,21,389.0338390123663,34.35450380747591,1061.0013791246354,1,0.1842016283202492
EC_A-44_006,A-44_EC006,A-44 existing cluster 6,100.0,4,0.4,13,355.28837488869425,0.0,213.17302493321654,0,0.01850460285878616
EC_A-44_007,A-44_EC007,A-44 existing cluster 7,120.0,3,0.4,0,0.0,0.0,0.0,0,0.0
EC_A-44_008,A-44_EC008,A-44 existing cluster 8,22.0,6,0.4,0,0.0,0.0,0.0,0,0.0
EC_A-44_009,A-44_EC009,A-44 existing cluster 9,100.0,4,0.4,0,0.0,0.0,0.0,0,0.0
EC_A-44_010,A-44_EC010,A-44 existing cluster 10,50.0,3,0.4,0,0.0,0.0,0.0,0,0.0
EC_A-48_000,A-48_EC000,A-48 existing cluster 0,22.0,2,0.4,6,164.70907569917787,0.0,449.2065700886669,0,0.07798725175150467
EC_A-48_001,A-48_EC001,A-48 existing cluster 1,60.0,1,0.4,0,0.0,0.0,0.0,0,0.0
EC_A-48_002,A-48_EC002,A-48 existing cluster 2,150.0,2,0.4,0,0.0,0.0,0.0,0,0.0
EC_A-48_003,A-48_EC003,A-48 existing cluster 3,50.0,2,0.4,0,0.0,0.0,0.0,0,0.0
EC_A-48_004,A-48_EC004,A-48 existing cluster 4,22.0,2,0.4,0,0.0,0.0,0.0,0,0.0
EC_A-48_005,A-48_EC005,A-48 existing cluster 5,22.0,2,0.4,0,0.0,0.0,0.0,0,0.0
EC_A-48_006,A-48_EC006,A-48 existing cluster 6,22.17,2,0.4,0,0.0,0.0,0.0,0,0.0
EC_A-48_007,A-48_EC007,A-48 existing cluster 7,22.17,4,0.4,0,0.0,0.0,0.0,0,0.0
EC_A-48_008,A-48_EC008,A-48 existing cluster 8,50.0,3,0.4,0,0.0,0.0,0.0,0,0.0
EC_A-49_000,A-49_EC000,A-49 existing cluster 0,21.06,16,0.4,1,35.15484125219607,0.0,100.1562428837495,0,0.0021735295764702582
EC_A-49_001,A-49_EC001,A-49 existing cluster 1,150.0,4,0.4,0,0.0,0.0,0.0,0,0.0
EC_A-49_002,A-49_EC002,A-49 existing cluster 2,50.0,12,0.4,0,0.0,0.0,0.0,0,0.0
EC_A-49_003,A-49_EC003,A-49 existing cluster 3,22.0,6,0.4,3,113.94760897280267,0.0,310.7662062894618,0,0.01798415545656608
EC_A-49_004,A-49_EC004,A-49 existing cluster 4,100.0,11,0.4,0,0.0,0.0,0.0,0,0.0
EC_A-49_005,A-49_EC005,A-49 existing cluster 5,50.0,6,0.4,76,1829.3979176222067,0.0,2197.795587525386,0,0.12718724464845985
EC_A-49_006,A-49_EC006,A-49 existing cluster 6,60.0,8,0.4,7,227.6434265420421,0.0,227.6434265420421,0,0.009880357054776133
EC_A-49_007,A-49_EC007,A-49 existing cluster 7,22.0,4,0.4,0,0.0,0.0,0.0,0,0.0
EC_A-49_008,A-49_EC008,A-49 existing cluster 8,50.0,9,0.4,83,1982.4852002464363,0.0,2378.9822402957248,0,0.09178172223363136
EC_A-49_009,A-49_EC009,A-49 existing cluster 9,100.0,10,0.4,3,100.88325857065543,0.0,60.52995514239326,0,0.0021017345535553214
EC_A-49_010,A-49_EC010,A-49 existing cluster 10,350.0,6,0.4,4,140.82161231107068,0.0,45.27741028230892,0,0.002620220502448433
EC_A-49_011,A-49_EC011,A-49 existing cluster 11,90.0,3,0.4,2,63.56220451820453,0.0,42.374803012136354,0,0.0049044910893676335
EC_A-49_012,A-49_EC012,A-49 existing cluster 12,400.0,17,0.4,1,35.3073220717703,0.0,15.766271671311692,0,0.00032202352269835975
EC_A-49_013,A-49_EC013,A-49 existing cluster 13,100.0,6,0.4,0,0.0,0.0,0.0,0,0.0
EC_A-49_014,A-49_EC014,A-49 existing cluster 14,50.0,12,0.4,0,0.0,0.0,0.0,0,0.0
EC_A-49_015,A-49_EC015,A-49 existing cluster 15,50.0,9,0.4,10,312.5702204294731,0.0,377.31394193472266,0,0.014556865043777881
EC_A-5_000,A-5_EC000,A-5 existing cluster 0,150.0,22,0.4,38,1205.6341194743266,0.0,522.0113768297356,0,0.008238815922186483
EC_A-5_001,A-5_EC001,A-5 existing cluster 1,150.0,15,0.4,0,0.0,0.0,0.0,0,0.0
EC_A-5_002,A-5_EC002,A-5 existing cluster 2,60.0,26,0.4,0,0.0,0.0,0.0,0,0.0
EC_A-5_003,A-5_EC003,A-5 existing cluster 3,90.0,22,0.4,0,0.0,0.0,0.0,0,0.0
EC_A-5_004,A-5_EC004,A-5 existing cluster 4,150.0,20,0.4,1,25.243912683427542,0.0,10.818819721468946,0,0.00018782673127550254
EC_A-5_005,A-5_EC005,A-5 existing cluster 5,50.0,29,0.4,0,0.0,0.0,0.0,0,0.0
EC_A-5_006,A-5_EC006,A-5 existing cluster 6,150.0,24,0.4,7,235.4927690391105,0.0,115.6227741023719,0,0.0016727831901384824
EC_A-5_007,A-5_EC007,A-5 existing cluster 7,80.0,31,0.4,3,111.21326273987029,0.0,83.40994705490272,0,0.0009342511990916523
EC_A-5_008,A-5_EC008,A-5 existing cluster 8,100.0,36,0.4,36,833.7122916917845,0.0,506.68705440362476,0,0.004887027916701627
EC_A-5_009,A-5_EC009,A-5 existing cluster 9,360.0,52,0.4,34,1007.3355296600462,0.0,433.69059092400687,0,0.0028959040526442765
EC_A-5_010,A-5_EC010,A-5 existing cluster 10,350.0,32,0.4,48,1127.0199975022758,0.0,434.39473869689436,0,0.004713484577874288
EC_A-5_011,A-5_EC011,A-5 existing cluster 11,360.0,31,0.4,37,1112.5993776415696,0.0,413.02559811315894,0,0.0046261827745649525
EC_A-5_012,A-5_EC012,A-5 existing cluster 12,150.0,25,0.4,14,388.0808827861613,0.0,170.72861750661917,0,0.002371230798703044
EC_A-5_013,A-5_EC013,A-5 existing cluster 13,250.0,41,0.4,52,1009.7116550461416,0.0,402.245392771813,0,0.0034065497355336466
EC_A-5_014,A-5_EC014,A-5 existing cluster 14,100.0,25,0.4,0,0.0,0.0,0.0,0,0.0
EC_A-5_015,A-5_EC015,A-5 existing cluster 15,50.0,16,0.4,0,0.0,0.0,0.0,0,0.0
EC_A-50_000,A-50_EC000,A-50 existing cluster 0,50.0,7,0.4,18,316.4552686087062,0.0,381.4882578143185,0,0.018923028661424528
EC_A-50_001,A-50_EC001,A-50 existing cluster 1,250.0,8,0.4,4,133.1774570010573,0.0,34.23749424725214,0,0.0014860023544814296
EC_A-50_002,A-50_EC002,A-50 existing cluster 2,22.0,2,0.4,24,414.48710099458816,19.798535458906144,1139.2846917148179,1,0.19779248120048923
EC_A-50_003,A-50_EC003,A-50 existing cluster 3,10.53,2,0.4,0,0.0,0.0,0.0,0,0.0
EC_A-50_004,A-50_EC004,A-50 existing cluster 4,10.53,2,0.4,0,0.0,0.0,0.0,0,0.0
EC_A-50_005,A-50_EC005,A-50 existing cluster 5,50.0,3,0.4,0,0.0,0.0,0.0,0,0.0
EC_A-50_006,A-50_EC006,A-50 existing cluster 6,50.0,3,0.4,0,0.0,0.0,0.0,0,0.0
EC_A-50_007,A-50_EC007,A-50 existing cluster 7,22.0,2,0.4,15,433.2525978656715,0.0,1181.5979941791043,0,0.2051385406560945
EC_A-50_008,A-50_EC008,A-50 existing cluster 8,7.0,11,0.4,0,0.0,0.0,0.0,0,0.0
EC_A-50_009,A-50_EC009,A-50 existing cluster 9,60.0,1,0.4,0,0.0,0.0,0.0,0,0.0
EC_A-50_010,A-50_EC010,A-50 existing cluster 10,175.0,4,0.4,9,251.0411533076196,0.0,99.60258973471979,0,0.008646058136694426
EC_A-50_011,A-50_EC011,A-50 existing cluster 11,22.0,4,0.4,0,0.0,0.0,0.0,0,0.0
EC_A-50_012,A-50_EC012,A-50 existing cluster 12,7.4,28,0.4,0,0.0,0.0,0.0,0,0.0
EC_A-50_013,A-50_EC013,A-50 existing cluster 13,100.0,4,0.4,0,0.0,0.0,0.0,0,0.0
EC_A-50_014,A-50_EC014,A-50 existing cluster 14,180.0,4,0.4,1,29.061587140784212,0.0,9.687195713594738,0,0.0008409024056939877
EC_A-50_015,A-50_EC015,A-50 existing cluster 15,180.0,2,0.4,1,38.876635996322186,0.0,17.278504887254304,0,0.0029997404318149834
EC_A-54_000,A-54_EC000,A-54 existing cluster 0,150.0,10,0.4,37,908.2409267463046,0.0,394.697210830763,0,0.013704764264957049
EC_A-54_001,A-54_EC001,A-54 existing cluster 1,100.0,4,0.4,0,0.0,0.0,0.0,0,0.0
EC_A-54_002,A-54_EC002,A-54 existing cluster 2,22.0,2,0.4,4,146.95501703185738,0.0,400.78641008688373,0,0.06958097397341731
EC_A-54_003,A-54_EC003,A-54 existing cluster 3,100.0,4,0.4,10,229.59044234486032,0.0,137.7542654069162,0,0.011957835538794809
EC_A-54_004,A-54_EC004,A-54 existing cluster 4,150.0,2,0.4,0,0.0,0.0,0.0,0,0.0
EC_A-54_005,A-54_EC005,A-54 existing cluster 5,22.0,8,0.4,0,0.0,0.0,0.0,0,0.0
EC_A-54_006,A-54_EC006,A-54 existing cluster 6,60.0,1,0.4,0,0.0,0.0,0.0,0,0.0
EC_A-54_007,A-54_EC007,A-54 existing cluster 7,150.0,2,0.4,1,32.97196956007659,0.0,14.13084409717568,0,0.0024532715446485558
EC_A-54_008,A-54_EC008,A-54 existing cluster 8,22.0,4,0.4,0,0.0,0.0,0.0,0,0.0
EC_A-54_009,A-54_EC009,A-54 existing cluster 9,50.0,5,0.4,2,46.66511273979248,0.0,55.998135287750976,0,0.0038887593949827066
EC_A-54_010,A-54_EC010,A-54 existing cluster 10,50.0,3,0.4,26,658.6116714743865,0.0,790.3340057692635,0,0.09147384326033142
EC_A-64_000,A-64_EC000,A-64 existing cluster 0,150.0,4,0.4,0,0.0,0.0,0.0,0,0.0
EC_A-64_001,A-64_EC001,A-64 existing cluster 1,22.0,4,0.4,0,0.0,0.0,0.0,0,0.0
EC_A-64_002,A-64_EC002,A-64 existing cluster 2,22.0,8,0.4,0,0.0,0.0,0.0,0,0.0
EC_A-64_003,A-64_EC003,A-64 existing cluster 3,22.0,6,0.4,0,0.0,0.0,0.0,0,0.0
EC_A-64_004,A-64_EC004,A-64 existing cluster 4,22.0,6,0.4,0,0.0,0.0,0.0,0,0.0
EC_A-64_005,A-64_EC005,A-64 existing cluster 5,150.0,3,0.4,0,0.0,0.0,0.0,0,0.0
EC_A-64_006,A-64_EC006,A-64 existing cluster 6,100.0,2,0.4,0,0.0,0.0,0.0,0,0.0
EC_A-64_007,A-64_EC007,A-64 existing cluster 7,150.0,3,0.4,0,0.0,0.0,0.0,0,0.0
EC_A-64_008,A-64_EC008,A-64 existing cluster 8,100.0,4,0.4,0,0.0,0.0,0.0,0,0.0
EC_A-64_009,A-64_EC009,A-64 existing cluster 9,50.0,3,0.4,0,0.0,0.0,0.0,0,0.0
EC_AP-7N_000,AP-7N_EC000,AP-7N existing cluster 0,150.0,27,0.4,0,0.0,0.0,0.0,0,0.0
EC_AP-7N_001,AP-7N_EC001,AP-7N existing cluster 1,250.0,43,0.4,0,0.0,0.0,0.0,0,0.0
EC_AP-7N_002,AP-7N_EC002,AP-7N existing cluster 2,60.0,32,0.4,0,0.0,0.0,0.0,0,0.0
EC_AP-7N_003,AP-7N_EC003,AP-7N existing cluster 3,250.0,28,0.4,1,46.851438987765576,0.0,11.895574592944136,0,0.0001475145658847239
EC_AP-7N_004,AP-7N_EC004,AP-7N existing cluster 4,320.0,28,0.4,1,24.09819012395363,0.0,14.458914074372176,0,0.00017930200985084543
EC_AP-7N_005,AP-7N_EC005,AP-7N existing cluster 5,100.0,35,0.4,38,984.2720948808802,0.0,590.563256928528,0,0.005858762469529047
EC_AP-7N_006,AP-7N_EC006,AP-7N existing cluster 6,150.0,25,0.4,21,736.9954345089113,0.0,317.69946960147143,0,0.00441249263335377
EC_AP-7N_007,AP-7N_EC007,AP-7N existing cluster 7,320.0,23,0.4,5,113.09884073392158,0.0,40.236758138718635,0,0.0006074389815627813
EC_AP-7N_008,AP-7N_EC008,AP-7N existing cluster 8,100.0,35,0.4,8,292.8082009602688,0.0,175.6849205761613,0,0.001742905958096838
EC_AP-7N_009,AP-7N_EC009,AP-7N existing cluster 9,180.0,38,0.4,22,730.6837552341864,0.0,313.5622757956211,0,0.0028651523738634967
EC_AP-7N_010,AP-7N_EC010,AP-7N existing cluster 10,50.0,28,0.4,2,77.35751510169777,0.0,95.05869554139217,0,0.0011788032681224227
EC_AP-7N_011,AP-7N_EC011,AP-7N existing cluster 11,250.0,37,0.4,12,416.7641846649194,0.0,158.99788438563232,0,0.0014920972633786817
EC_AP-7N_012,AP-7N_EC012,AP-7N existing cluster 12,150.0,47,0.4,1,31.1983587982856,0.0,15.599179399142798,0,0.00011524216459177599
EC_AP-7N_013,AP-7N_EC013,AP-7N existing cluster 13,50.0,33,0.4,0,0.0,0.0,0.0,0,0.0
EC_AP-7N_014,AP-7N_EC014,AP-7N existing cluster 14,60.0,56,0.4,3,78.20996942506369,0.0,78.20996942506369,0,0.0004849328461375477
EC_AP-7N_015,AP-7N_EC015,AP-7N existing cluster 15,200.0,40,0.4,2,74.73272100612937,0.0,22.419816301838807,0,0.00019461646095346186
EC_AP-7N_016,AP-7N_EC016,AP-7N existing cluster 16,200.0,35,0.4,11,407.4470530637274,0.0,157.53781754434524,0,0.001562875174051044
EC_AP-7N_017,AP-7N_EC017,AP-7N existing cluster 17,150.0,57,0.4,39,1077.6712635878046,0.0,488.0721030841855,0,0.0029731487760976216
EC_AP-7N_018,AP-7N_EC018,AP-7N existing cluster 18,240.0,51,0.4,76,2250.473927934119,0.0,856.0804368578297,0,0.005828434346798949
EC_AP-7N_019,AP-7N_EC019,AP-7N existing cluster 19,150.0,20,0.4,4,139.19247598745636,0.0,60.92929015156753,0,0.0010578001762424918
EC_AP-7N_020,AP-7N_EC020,AP-7N existing cluster 20,150.0,85,0.4,5,171.90646583102597,0.0,83.2260009510668,0,0.00033997549408115523
EC_AP-7N_021,AP-7N_EC021,AP-7N existing cluster 21,50.0,26,0.4,19,739.5673818281216,0.0,887.480858193746,0,0.011852041375450668
EC_AP-7N_022,AP-7N_EC022,AP-7N existing cluster 22,55.0,32,0.4,20,662.6732352491301,0.0,722.9162566354146,0,0.007844143409672467
EC_AP-7N_023,AP-7N_EC023,AP-7N existing cluster 23,150.0,30,0.4,71,2016.5890780174273,0.0,901.1119022223064,0,0.010429535905350769
EC_AP-7N_024,AP-7N_EC024,AP-7N existing cluster 24,150.0,47,0.4,85,2034.670898251043,0.0,915.5623245548877,0,0.00676390606201897
EC_AP-7N_025,AP-7N_EC025,AP-7N existing cluster 25,250.0,42,0.4,68,1880.2127545952762,0.0,712.0710255647389,0,0.0058868305684915585
EC_AP-7N_026,AP-7N_EC026,AP-7N existing cluster 26,150.0,32,0.4,91,2633.0705619666237,0.0,1144.3900888114592,0,0.012417427178943785
EC_AP-7N_027,AP-7N_EC027,AP-7N existing cluster 27,250.0,37,0.4,0,0.0,0.0,0.0,0,0.0
EC_AP-7N_028,AP-7N_EC028,AP-7N existing cluster 28,350.0,23,0.4,4,93.77567413759962,0.0,43.65159832191612,0,0.0006589915205603279
EC_AP-7N_029,AP-7N_EC029,AP-7N existing cluster 29,60.0,24,0.4,0,0.0,0.0,0.0,0,0.0
EC_AP-7N_030,AP-7N_EC030,AP-7N existing cluster 30,50.0,27,0.4,0,0.0,0.0,0.0,0,0.0
EC_AP-7N_031,AP-7N_EC031,AP-7N existing cluster 31,350.0,30,0.4,0,0.0,0.0,0.0,0,0.0
EC_AP-7N_032,AP-7N_EC032,AP-7N existing cluster 32,100.0,32,0.4,13,544.5361513041422,0.0,326.7216907824853,0,0.0035451572350530093
EC_AP-7N_033,AP-7N_EC033,AP-7N existing cluster 33,350.0,30,0.4,2,80.93940181712662,0.0,35.973067474278494,0,0.00041635494761896406
EC_AP-7N_034,AP-7N_EC034,AP-7N existing cluster 34,250.0,42,0.4,3,150.20635091727152,0.0,58.32787230328212,0,0.0004822079390152292
EC_AP-7N_035,AP-7N_EC035,AP-7N existing cluster 35,150.0,26,0.4,25,698.6736895215261,0.0,319.51903115783585,0,0.004267081078496739
EC_AP-7N_036,AP-7N_EC036,AP-7N existing cluster 36,60.0,30,0.4,0,0.0,0.0,0.0,0,0.0
EC_AP-7S_000,AP-7S_EC000,AP-7S existing cluster 0,150.0,27,0.4,32,1007.2884861755978,0.0,472.2247960645555,0,0.006072849743628543
EC_AP-7S_001,AP-7S_EC001,AP-7S existing cluster 1,250.0,43,0.4,11,380.7204618439636,0.0,153.21874357886486,0,0.0012372314565476813
EC_AP-7S_002,AP-7S_EC002,AP-7S existing cluster 2,60.0,32,0.4,72,2280.245780471899,0.0,2280.245780471899,0,0.024742250222134318
EC_AP-7S_003,AP-7S_EC003,AP-7S existing cluster 3,250.0,28,0.4,3,111.06607695680867,0.0,49.36270086969275,0,0.000612136667530912
EC_AP-7S_004,AP-7S_EC004,AP-7S existing cluster 4,320.0,28,0.4,17,547.5958023556557,0.0,194.06434472151477,0,0.0024065518938679907
EC_AP-7S_005,AP-7S_EC005,AP-7S existing cluster 5,100.0,35,0.4,0,0.0,0.0,0.0,0,0.0
EC_AP-7S_006,AP-7S_EC006,AP-7S existing cluster 6,150.0,25,0.4,0,0.0,0.0,0.0,0,0.0
EC_AP-7S_007,AP-7S_EC007,AP-7S existing cluster 7,320.0,23,0.4,0,0.0,0.0,0.0,0,0.0
EC_AP-7S_008,AP-7S_EC008,AP-7S existing cluster 8,100.0,35,0.4,0,0.0,0.0,0.0,0,0.0
EC_AP-7S_009,AP-7S_EC009,AP-7S existing cluster 9,180.0,38,0.4,0,0.0,0.0,0.0,0,0.0
EC_AP-7S_010,AP-7S_EC010,AP-7S existing cluster 10,50.0,28,0.4,0,0.0,0.0,0.0,0,0.0
EC_AP-7S_011,AP-7S_EC011,AP-7S existing cluster 11,250.0,37,0.4,0,0.0,0.0,0.0,0,0.0
EC_AP-7S_012,AP-7S_EC012,AP-7S existing cluster 12,150.0,47,0.4,0,0.0,0.0,0.0,0,0.0
EC_AP-7S_013,AP-7S_EC013,AP-7S existing cluster 13,50.0,33,0.4,0,0.0,0.0,0.0,0,0.0
EC_AP-7S_014,AP-7S_EC014,AP-7S existing cluster 14,60.0,56,0.4,0,0.0,0.0,0.0,0,0.0
EC_AP-7S_015,AP-7S_EC015,AP-7S existing cluster 15,200.0,40,0.4,0,0.0,0.0,0.0,0,0.0
EC_AP-7S_016,AP-7S_EC016,AP-7S existing cluster 16,200.0,35,0.4,0,0.0,0.0,0.0,0,0.0
EC_AP-7S_017,AP-7S_EC017,AP-7S existing cluster 17,150.0,57,0.4,0,0.0,0.0,0.0,0,0.0
EC_AP-7S_018,AP-7S_EC018,AP-7S existing cluster 18,240.0,51,0.4,0,0.0,0.0,0.0,0,0.0
EC_AP-7S_019,AP-7S_EC019,AP-7S existing cluster 19,150.0,20,0.4,0,0.0,0.0,0.0,0,0.0
EC_AP-7S_020,AP-7S_EC020,AP-7S existing cluster 20,150.0,85,0.4,0,0.0,0.0,0.0,0,0.0
EC_AP-7S_021,AP-7S_EC021,AP-7S existing cluster 21,50.0,26,0.4,0,0.0,0.0,0.0,0,0.0
EC_AP-7S_022,AP-7S_EC022,AP-7S existing cluster 22,55.0,32,0.4,0,0.0,0.0,0.0,0,0.0
EC_AP-7S_023,AP-7S_EC023,AP-7S existing cluster 23,150.0,30,0.4,0,0.0,0.0,0.0,0,0.0
EC_AP-7S_024,AP-7S_EC024,AP-7S existing cluster 24,150.0,47,0.4,0,0.0,0.0,0.0,0,0.0
EC_AP-7S_025,AP-7S_EC025,AP-7S existing cluster 25,250.0,42,0.4,0,0.0,0.0,0.0,0,0.0
EC_AP-7S_026,AP-7S_EC026,AP-7S existing cluster 26,150.0,32,0.4,0,0.0,0.0,0.0,0,0.0
EC_AP-7S_027,AP-7S_EC027,AP-7S existing cluster 27,250.0,37,0.4,0,0.0,0.0,0.0,0,0.0
EC_AP-7S_028,AP-7S_EC028,AP-7S existing cluster 28,350.0,23,0.4,0,0.0,0.0,0.0,0,0.0
EC_AP-7S_029,AP-7S_EC029,AP-7S existing cluster 29,60.0,24,0.4,0,0.0,0.0,0.0,0,0.0
EC_AP-7S_030,AP-7S_EC030,AP-7S existing cluster 30,50.0,27,0.4,0,0.0,0.0,0.0,0,0.0
EC_AP-7S_031,AP-7S_EC031,AP-7S existing cluster 31,350.0,30,0.4,0,0.0,0.0,0.0,0,0.0
EC_AP-7S_032,AP-7S_EC032,AP-7S existing cluster 32,100.0,32,0.4,0,0.0,0.0,0.0,0,0.0
EC_AP-7S_033,AP-7S_EC033,AP-7S existing cluster 33,350.0,30,0.4,0,0.0,0.0,0.0,0,0.0
EC_AP-7S_034,AP-7S_EC034,AP-7S existing cluster 34,250.0,42,0.4,0,0.0,0.0,0.0,0,0.0
EC_AP-7S_035,AP-7S_EC035,AP-7S existing cluster 35,150.0,26,0.4,0,0.0,0.0,0.0,0,0.0
EC_AP-7S_036,AP-7S_EC036,AP-7S existing cluster 36,60.0,30,0.4,0,0.0,0.0,0.0,0,0.0
EC_N-1_000,N-1_EC000,N-1 existing cluster 0,50.0,11,0.4,0,0.0,0.0,0.0,0,0.0
EC_N-1_001,N-1_EC001,N-1 existing cluster 1,180.0,5,0.4,0,0.0,0.0,0.0,0,0.0
EC_N-1_002,N-1_EC002,N-1 existing cluster 2,50.0,6,0.4,0,0.0,0.0,0.0,0,0.0
EC_N-1_003,N-1_EC003,N-1 existing cluster 3,120.0,5,0.4,0,0.0,0.0,0.0,0,0.0
EC_N-1_004,N-1_EC004,N-1 existing cluster 4,40.0,5,0.4,0,0.0,0.0,0.0,0,0.0
EC_N-1_005,N-1_EC005,N-1 existing cluster 5,50.0,8,0.4,0,0.0,0.0,0.0,0,0.0
EC_N-1_006,N-1_EC006,N-1 existing cluster 6,150.0,13,0.4,0,0.0,0.0,0.0,0,0.0
EC_N-1_007,N-1_EC007,N-1 existing cluster 7,150.0,12,0.4,0,0.0,0.0,0.0,0,0.0
EC_N-1_008,N-1_EC008,N-1 existing cluster 8,150.0,8,0.4,0,0.0,0.0,0.0,0,0.0
EC_N-1_009,N-1_EC009,N-1 existing cluster 9,150.0,8,0.4,0,0.0,0.0,0.0,0,0.0
EC_N-1_010,N-1_EC010,N-1 existing cluster 10,50.0,5,0.4,0,0.0,0.0,0.0,0,0.0
EC_N-1_011,N-1_EC011,N-1 existing cluster 11,150.0,21,0.4,5,148.65350905013474,0.0,61.76319569001322,0,0.0010212168599539222
EC_N-1_012,N-1_EC012,N-1 existing cluster 12,150.0,22,0.4,0,0.0,0.0,0.0,0,0.0
EC_N-1_013,N-1_EC013,N-1 existing cluster 13,120.0,12,0.4,0,0.0,0.0,0.0,0,0.0
EC_N-1_014,N-1_EC014,N-1 existing cluster 14,250.0,22,0.4,0,0.0,0.0,0.0,0,0.0
EC_N-1_015,N-1_EC015,N-1 existing cluster 15,60.0,7,0.4,0,0.0,0.0,0.0,0,0.0
EC_N-110_000,N-110_EC000,N-110 existing cluster 0,7.0,4,0.4,4,113.22913182254874,0.0,970.5354156218463,0,0.08424786593939637
EC_N-110_001,N-110_EC001,N-110 existing cluster 1,100.0,6,0.4,0,0.0,0.0,0.0,0,0.0
EC_N-110_002,N-110_EC002,N-110 existing cluster 2,150.0,6,0.4,0,0.0,0.0,0.0,0,0.0
EC_N-110_003,N-110_EC003,N-110 existing cluster 3,50.0,5,0.4,0,0.0,0.0,0.0,0,0.0
EC_N-110_004,N-110_EC004,N-110 existing cluster 4,22.0,8,0.4,0,0.0,0.0,0.0,0,0.0
EC_N-110_005,N-110_EC005,N-110 existing cluster 5,14.8,4,0.4,0,0.0,0.0,0.0,0,0.0
EC_N-110_006,N-110_EC006,N-110 existing cluster 6,14.8,3,0.4,15,308.81648751311303,78.11449675371716,1251.9587331612688,1,0.14490263115292462
EC_N-110_007,N-110_EC007,N-110 existing cluster 7,50.0,4,0.4,3,104.86461862970268,0.0,125.83754235564322,0,0.010923397773927363
EC_N-110_008,N-110_EC008,N-110 existing cluster 8,22.0,5,0.4,0,0.0,0.0,0.0,0,0.0
EC_N-110_009,N-110_EC009,N-110 existing cluster 9,100.0,6,0.4,16,559.4794995016485,0.0,335.6876997009891,0,0.019426371510473908
EC_N-110_010,N-110_EC010,N-110 existing cluster 10,100.0,6,0.4,1,33.294287812703864,0.0,20.847540429557803,0,0.0012064548859697802
EC_N-110_011,N-110_EC011,N-110 existing cluster 11,10.53,4,0.4,0,0.0,0.0,0.0,0,0.0
EC_N-110_012,N-110_EC012,N-110 existing cluster 12,22.0,4,0.4,0,0.0,0.0,0.0,0,0.0
EC_N-110_013,N-110_EC013,N-110 existing cluster 13,120.0,6,0.4,0,0.0,0.0,0.0,0,0.0
EC_N-110_014,N-110_EC014,N-110 existing cluster 14,50.0,5,0.4,0,0.0,0.0,0.0,0,0.0
EC_N-110_015,N-110_EC015,N-110 existing cluster 15,50.0,5,0.4,0,0.0,0.0,0.0,0,0.0
EC_N-111_000,N-111_EC000,N-111 existing cluster 0,22.0,6,0.4,2,52.86985873871461,0.0,144.19052383285805,0,0.008344359018105211
EC_N-111_001,N-111_EC001,N-111 existing cluster 1,22.17,4,0.4,5,128.06954066121892,0.0,346.602275131851,0,0.030087003049639845
EC_N-111_002,N-111_EC002,N-111 existing cluster 2,7.4,2,0.4,0,0.0,0.0,0.0,0,0.0
EC_N-111_003,N-111_EC003,N-111 existing cluster 3,50.0,3,0.4,0,0.0,0.0,0.0,0,0.0
EC_N-111_004,N-111_EC004,N-111 existing cluster 4,180.0,4,0.4,0,0.0,0.0,0.0,0,0.0
EC_N-111_005,N-111_EC005,N-111 existing cluster 5,22.0,6,0.4,0,0.0,0.0,0.0,0,0.0
EC_N-111_006,N-111_EC006,N-111 existing cluster 6,22.0,8,0.4,0,0.0,0.0,0.0,0,0.0
EC_N-111_007,N-111_EC007,N-111 existing cluster 7,22.0,4,0.4,0,0.0,0.0,0.0,0,0.0
EC_N-111_008,N-111_EC008,N-111 existing cluster 8,22.0,3,0.4,0,0.0,0.0,0.0,0,0.0
EC_N-111_009,N-111_EC009,N-111 existing cluster 9,7.4,1,0.4,0,0.0,0.0,0.0,0,0.0
EC_N-111_010,N-111_EC010,N-111 existing cluster 10,50.0,3,0.4,0,0.0,0.0,0.0,0,0.0
EC_N-111_011,N-111_EC011,N-111 existing cluster 11,50.0,3,0.4,0,0.0,0.0,0.0,0,0.0
EC_N-111_012,N-111_EC012,N-111 existing cluster 12,50.0,6,0.4,0,0.0,0.0,0.0,0,0.0
EC_N-111_013,N-111_EC013,N-111 existing cluster 13,7.4,2,0.4,2,45.114387796884586,0.0,365.79233348825335,0,0.06350561345282177
EC_N-111_014,N-111_EC014,N-111 existing cluster 14,10.53,2,0.4,0,0.0,0.0,0.0,0,0.0
EC_N-111_015,N-111_EC015,N-111 existing cluster 15,7.36,4,0.4,0,0.0,0.0,0.0,0,0.0
EC_N-121-A_000,N-121-A_EC000,N-121-A existing cluster 0,50.0,2,0.4,0,0.0,0.0,0.0,0,0.0
EC_N-121-A_001,N-121-A_EC001,N-121-A existing cluster 1,50.0,2,0.4,0,0.0,0.0,0.0,0,0.0
EC_N-121-A_002,N-121-A_EC002,N-121-A existing cluster 2,22.0,2,0.4,0,0.0,0.0,0.0,0,0.0
EC_N-121-A_003,N-121-A_EC003,N-121-A existing cluster 3,150.0,2,0.4,0,0.0,0.0,0.0,0,0.0
EC_N-121-A_004,N-121-A_EC004,N-121-A existing cluster 4,50.0,2,0.4,0,0.0,0.0,0.0,0,0.0
EC_N-121-A_005,N-121-A_EC005,N-121-A existing cluster 5,50.0,3,0.4,0,0.0,0.0,0.0,0,0.0
EC_N-121-A_006,N-121-A_EC006,N-121-A existing cluster 6,60.0,1,0.4,0,0.0,0.0,0.0,0,0.0
EC_N-121-A_007,N-121-A_EC007,N-121-A existing cluster 7,50.0,2,0.4,0,0.0,0.0,0.0,0,0.0
EC_N-121-A_008,N-121-A_EC008,N-121-A existing cluster 8,22.0,8,0.4,0,0.0,0.0,0.0,0,0.0
EC_N-121-A_009,N-121-A_EC009,N-121-A existing cluster 9,50.0,3,0.4,0,0.0,0.0,0.0,0,0.0
EC_N-121-A_010,N-121-A_EC010,N-121-A existing cluster 10,50.0,3,0.4,0,0.0,0.0,0.0,0,0.0
EC_N-121-A_011,N-121-A_EC011,N-121-A existing cluster 11,50.0,3,0.4,0,0.0,0.0,0.0,0,0.0
EC_N-2_000,N-2_EC000,N-2 existing cluster 0,180.0,17,0.4,0,0.0,0.0,0.0,0,0.0
EC_N-2_001,N-2_EC001,N-2 existing cluster 1,100.0,12,0.4,0,0.0,0.0,0.0,0,0.0
EC_N-2_002,N-2_EC002,N-2 existing cluster 2,60.0,13,0.4,3,111.30173026711545,0.0,112.75334317034125,0,0.0030115743368146703
EC_N-2_003,N-2_EC003,N-2 existing cluster 3,55.0,35,0.4,1,3.92342934874916,0.0,5.890963169833411,0,5.844209493882352e-05
EC_N-2_004,N-2_EC004,N-2 existing cluster 4,55.0,12,0.4,1,41.00950881351598,0.0,44.73764597838107,0,0.0012944920711337115
EC_N-2_005,N-2_EC005,N-2 existing cluster 5,22.0,14,0.4,1,38.07437054470639,0.0,103.8391923946538,0,0.0025753767955023262
EC_N-2_006,N-2_EC006,N-2 existing cluster 6,50.0,13,0.4,0,0.0,0.0,0.0,0,0.0
EC_N-2_007,N-2_EC007,N-2 existing cluster 7,30.0,13,0.4,0,0.0,0.0,0.0,0,0.0
EC_N-2_008,N-2_EC008,N-2 existing cluster 8,150.0,7,0.4,0,0.0,0.0,0.0,0,0.0
EC_N-2_009,N-2_EC009,N-2 existing cluster 9,50.0,9,0.4,0,0.0,0.0,0.0,0,0.0
EC_N-2_010,N-2_EC010,N-2 existing cluster 10,50.0,8,0.4,0,0.0,0.0,0.0,0,0.0
EC_N-2_011,N-2_EC011,N-2 existing cluster 11,90.0,10,0.4,0,0.0,0.0,0.0,0,0.0
EC_N-2_012,N-2_EC012,N-2 existing cluster 12,150.0,8,0.4,0,0.0,0.0,0.0,0,0.0
EC_N-2_013,N-2_EC013,N-2 existing cluster 13,350.0,8,0.4,0,0.0,0.0,0.0,0,0.0
EC_N-2_014,N-2_EC014,N-2 existing cluster 14,250.0,22,0.4,0,0.0,0.0,0.0,0,0.0
EC_N-2_015,N-2_EC015,N-2 existing cluster 15,350.0,8,0.4,0,0.0,0.0,0.0,0,0.0
EC_N-232_000,N-232_EC000,N-232 existing cluster 0,50.0,8,0.4,0,0.0,0.0,0.0,0,0.0
EC_N-232_001,N-232_EC001,N-232 existing cluster 1,100.0,4,0.4,0,0.0,0.0,0.0,0,0.0
EC_N-232_002,N-232_EC002,N-232 existing cluster 2,50.0,6,0.4,0,0.0,0.0,0.0,0,0.0
EC_N-232_003,N-232_EC003,N-232 existing cluster 3,22.17,8,0.4,0,0.0,0.0,0.0,0,0.0
EC_N-232_004,N-232_EC004,N-232 existing cluster 4,120.0,5,0.4,0,0.0,0.0,0.0,0,0.0
EC_N-232_005,N-232_EC005,N-232 existing cluster 5,50.0,11,0.4,0,0.0,0.0,0.0,0,0.0
EC_N-232_006,N-232_EC006,N-232 existing cluster 6,22.17,6,0.4,0,0.0,0.0,0.0,0,0.0
EC_N-232_007,N-232_EC007,N-232 existing cluster 7,150.0,6,0.4,0,0.0,0.0,0.0,0,0.0
EC_N-232_008,N-232_EC008,N-232 existing cluster 8,70.0,6,0.4,0,0.0,0.0,0.0,0,0.0
EC_N-232_009,N-232_EC009,N-232 existing cluster 9,100.0,4,0.4,0,0.0,0.0,0.0,0,0.0
EC_N-232_010,N-232_EC010,N-232 existing cluster 10,100.0,10,0.4,0,0.0,0.0,0.0,0,0.0
EC_N-232_011,N-232_EC011,N-232 existing cluster 11,50.0,6,0.4,0,0.0,0.0,0.0,0,0.0
EC_N-232_012,N-232_EC012,N-232 existing cluster 12,120.0,12,0.4,0,0.0,0.0,0.0,0,0.0
EC_N-232_013,N-232_EC013,N-232 existing cluster 13,50.0,6,0.4,1,22.961551727231992,0.0,27.55386207267839,0,0.0015945522032799993
EC_N-232_014,N-232_EC014,N-232 existing cluster 14,22.0,4,0.4,0,0.0,0.0,0.0,0,0.0
EC_N-232_015,N-232_EC015,N-232 existing cluster 15,100.0,4,0.4,0,0.0,0.0,0.0,0,0.0
EC_N-232A_000,N-232A_EC000,N-232A existing cluster 0,22.0,2,0.4,0,0.0,0.0,0.0,0,0.0
EC_N-232A_001,N-232A_EC001,N-232A existing cluster 1,50.0,5,0.4,0,0.0,0.0,0.0,0,0.0
EC_N-232A_002,N-232A_EC002,N-232A existing cluster 2,50.0,3,0.4,0,0.0,0.0,0.0,0,0.0
EC_N-232A_003,N-232A_EC003,N-232A existing cluster 3,50.0,3,0.4,0,0.0,0.0,0.0,0,0.0
EC_N-234_000,N-234_EC000,N-234 existing cluster 0,90.0,9,0.4,0,0.0,0.0,0.0,0,0.0
EC_N-234_001,N-234_EC001,N-234 existing cluster 1,150.0,10,0.4,0,0.0,0.0,0.0,0,0.0
EC_N-234_002,N-234_EC002,N-234 existing cluster 2,50.0,5,0.4,0,0.0,0.0,0.0,0,0.0
EC_N-234_003,N-234_EC003,N-234 existing cluster 3,22.17,4,0.4,0,0.0,0.0,0.0,0,0.0
EC_N-234_004,N-234_EC004,N-234 existing cluster 4,50.0,5,0.4,0,0.0,0.0,0.0,0,0.0
EC_N-234_005,N-234_EC005,N-234 existing cluster 5,100.0,7,0.4,0,0.0,0.0,0.0,0,0.0
EC_N-234_006,N-234_EC006,N-234 existing cluster 6,100.0,2,0.4,1,32.923405730338075,0.0,19.754043438202842,0,0.003429521430243549
EC_N-234_007,N-234_EC007,N-234 existing cluster 7,50.0,5,0.4,1,30.486417864034657,0.0,36.58370143684159,0,0.0025405348220028877
EC_N-234_008,N-234_EC008,N-234 existing cluster 8,320.0,7,0.4,1,30.49120862925188,0.0,15.24560431462594,0,0.0007562303727493025
EC_N-234_009,N-234_EC009,N-234 existing cluster 9,22.0,2,0.4,0,0.0,0.0,0.0,0,0.0
EC_N-234_010,N-234_EC010,N-234 existing cluster 10,120.0,6,0.4,2,64.1181120282829,0.0,32.05905601414145,0,0.0018552694452628152
EC_N-234_011,N-234_EC011,N-234 existing cluster 11,100.0,7,0.4,1,39.07160946567556,0.0,23.442965679405333,0,0.0011628455198117724
EC_N-234_012,N-234_EC012,N-234 existing cluster 12,50.0,3,0.4,4,97.0194291989721,0.0,116.42331503876653,0,0.01347492072207946
EC_N-234_013,N-234_EC013,N-234 existing cluster 13,50.0,9,0.4,8,175.61073105885592,0.0,210.73287727062709,0,0.008130126437909996
EC_N-234_014,N-234_EC014,N-234 existing cluster 14,22.0,4,0.4,6,210.91710031905288,0.0,575.2284554155987,0,0.04993302564371516
EC_N-234_015,N-234_EC015,N-234 existing cluster 15,7.4,2,0.4,6,191.84701610283224,35.80290178096004,1555.516346779721,1,0.2700549213159238
EC_N-240_000,N-240_EC000,N-240 existing cluster 0,50.0,11,0.4,0,0.0,0.0,0.0,0,0.0
EC_N-240_001,N-240_EC001,N-240 existing cluster 1,250.0,15,0.4,0,0.0,0.0,0.0,0,0.0
EC_N-240_002,N-240_EC002,N-240 existing cluster 2,50.0,10,0.4,0,0.0,0.0,0.0,0,0.0
EC_N-240_003,N-240_EC003,N-240 existing cluster 3,100.0,14,0.4,0,0.0,0.0,0.0,0,0.0
EC_N-240_004,N-240_EC004,N-240 existing cluster 4,100.0,14,0.4,3,73.76890017873554,0.0,44.261340107241324,0,0.0010977514907549932
EC_N-240_005,N-240_EC005,N-240 existing cluster 5,50.0,10,0.4,2,64.1837215247977,0.0,77.02046582975726,0,0.002674321730199905
EC_N-240_006,N-240_EC006,N-240 existing cluster 6,50.0,13,0.4,1,12.928874778572066,0.0,15.514649734286479,0,0.0004143870121337201
EC_N-240_007,N-240_EC007,N-240 existing cluster 7,50.0,19,0.4,0,0.0,0.0,0.0,0,0.0
EC_N-240_008,N-240_EC008,N-240 existing cluster 8,22.0,15,0.4,0,0.0,0.0,0.0,0,0.0
EC_N-240_009,N-240_EC009,N-240 existing cluster 9,55.0,14,0.4,0,0.0,0.0,0.0,0,0.0
EC_N-240_010,N-240_EC010,N-240 existing cluster 10,100.0,15,0.4,0,0.0,0.0,0.0,0,0.0
EC_N-240_011,N-240_EC011,N-240 existing cluster 11,150.0,12,0.4,0,0.0,0.0,0.0,0,0.0
EC_N-240_012,N-240_EC012,N-240 existing cluster 12,120.0,18,0.4,0,0.0,0.0,0.0,0,0.0
EC_N-240_013,N-240_EC013,N-240 existing cluster 13,180.0,15,0.4,0,0.0,0.0,0.0,0,0.0
EC_N-240_014,N-240_EC014,N-240 existing cluster 14,50.0,17,0.4,0,0.0,0.0,0.0,0,0.0
EC_N-240_015,N-240_EC015,N-240 existing cluster 15,150.0,11,0.4,0,0.0,0.0,0.0,0,0.0
EC_N-2A_000,N-2A_EC000,N-2A existing cluster 0,90.0,5,0.4,0,0.0,0.0,0.0,0,0.0
EC_N-2A_001,N-2A_EC001,N-2A existing cluster 1,22.0,2,0.4,0,0.0,0.0,0.0,0,0.0
EC_N-2A_002,N-2A_EC002,N-2A existing cluster 2,55.0,6,0.4,0,0.0,0.0,0.0,0,0.0
EC_N-2A_003,N-2A_EC003,N-2A existing cluster 3,50.0,3,0.4,0,0.0,0.0,0.0,0,0.0
EC_N-2A_004,N-2A_EC004,N-2A existing cluster 4,22.0,2,0.4,0,0.0,0.0,0.0,0,0.0
EC_N-2A_005,N-2A_EC005,N-2A existing cluster 5,22.0,4,0.4,0,0.0,0.0,0.0,0,0.0
EC_N-2A_006,N-2A_EC006,N-2A existing cluster 6,22.0,11,0.4,0,0.0,0.0,0.0,0,0.0
EC_N-2A_007,N-2A_EC007,N-2A existing cluster 7,22.0,7,0.4,0,0.0,0.0,0.0,0,0.0
EC_N-2A_008,N-2A_EC008,N-2A existing cluster 8,150.0,10,0.4,0,0.0,0.0,0.0,0,0.0
EC_N-2A_009,N-2A_EC009,N-2A existing cluster 9,150.0,4,0.4,0,0.0,0.0,0.0,0,0.0
EC_N-2A_010,N-2A_EC010,N-2A existing cluster 10,150.0,4,0.4,0,0.0,0.0,0.0,0,0.0
EC_N-2A_011,N-2A_EC011,N-2A existing cluster 11,22.0,2,0.4,0,0.0,0.0,0.0,0,0.0
EC_N-2A_012,N-2A_EC012,N-2A existing cluster 12,22.0,2,0.4,0,0.0,0.0,0.0,0,0.0
EC_N-2A_013,N-2A_EC013,N-2A existing cluster 13,7.4,2,0.4,0,0.0,0.0,0.0,0,0.0
EC_N-2A_014,N-2A_EC014,N-2A existing cluster 14,150.0,8,0.4,0,0.0,0.0,0.0,0,0.0
EC_N-2A_015,N-2A_EC015,N-2A existing cluster 15,22.0,2,0.4,0,0.0,0.0,0.0,0,0.0
EC_N-301_000,N-301_EC000,N-301 existing cluster 0,50.0,5,0.4,19,483.53886951881157,0.0,583.3581648618925,0,0.040510983670964756
EC_N-301_001,N-301_EC001,N-301 existing cluster 1,7.4,2,0.4,0,0.0,0.0,0.0,0,0.0
EC_N-301_002,N-301_EC002,N-301 existing cluster 2,90.0,4,0.4,0,0.0,0.0,0.0,0,0.0
EC_N-301_003,N-301_EC003,N-301 existing cluster 3,22.17,4,0.4,1,28.62691124240342,0.0,81.40331297869884,0,0.007066259807178718
EC_N-301_004,N-301_EC004,N-301 existing cluster 4,100.0,4,0.4,0,0.0,0.0,0.0,0,0.0
EC_N-301_005,N-301_EC005,N-301 existing cluster 5,150.0,25,0.4,1,16.352007907448186,0.0,9.811204744468911,0,0.0001362667325620682
EC_N-301_006,N-301_EC006,N-301 existing cluster 6,100.0,4,0.4,3,116.56970784896546,0.0,69.94182470937929,0,0.0060713389504669524
EC_N-301_007,N-301_EC007,N-301 existing cluster 7,100.0,4,0.4,24,538.3668253317692,0.0,323.02009519906153,0,0.02803993881936298
EC_N-301_008,N-301_EC008,N-301 existing cluster 8,22.0,4,0.4,1,38.997429665236226,0.0,113.95430077833981,0,0.009891866387008664
EC_N-301_009,N-301_EC009,N-301 existing cluster 9,50.0,3,0.4,0,0.0,0.0,0.0,0,0.0
EC_N-301_010,N-301_EC010,N-301 existing cluster 10,50.0,5,0.4,2,72.52358837199992,0.0,87.0283060463999,0,0.006043632364333327
EC_N-301_011,N-301_EC011,N-301 existing cluster 11,50.0,3,0.4,3,95.43761184629477,0.0,119.53520956463359,0,0.01383509369961037
EC_N-301_012,N-301_EC012,N-301 existing cluster 12,60.0,2,0.4,4,109.9273441416506,0.0,112.50159071699306,0,0.01953152616614463
EC_N-301_013,N-301_EC013,N-301 existing cluster 13,60.0,2,0.4,0,0.0,0.0,0.0,0,0.0
EC_N-301_014,N-301_EC014,N-301 existing cluster 14,50.0,4,0.4,12,219.49095741102047,0.0,263.3891488932247,0,0.02286364139698131
EC_N-301_015,N-301_EC015,N-301 existing cluster 15,22.0,2,0.4,0,0.0,0.0,0.0,0,0.0
EC_N-320_000,N-320_EC000,N-320 existing cluster 0,120.0,26,0.4,13,338.29070318650173,0.0,171.61624939253326,0,0.002291883672443019
EC_N-320_001,N-320_EC001,N-320 existing cluster 1,150.0,2,0.4,0,0.0,0.0,0.0,0,0.0
EC_N-320_002,N-320_EC002,N-320 existing cluster 2,150.0,2,0.4,0,0.0,0.0,0.0,0,0.0
EC_N-320_003,N-320_EC003,N-320 existing cluster 3,14.8,2,0.4,0,0.0,0.0,0.0,0,0.0
EC_N-320_004,N-320_EC004,N-320 existing cluster 4,50.0,3,0.4,11,247.3941670408938,0.0,296.8730004490726,0,0.03436030097790192
EC_N-320_005,N-320_EC005,N-320 existing cluster 5,50.0,6,0.4,1,24.88338213640442,0.0,29.860058563685307,0,0.0017280126483614183
EC_N-320_006,N-320_EC006,N-320 existing cluster 6,50.0,3,0.4,0,0.0,0.0,0.0,0,0.0
EC_N-320_007,N-320_EC007,N-320 existing cluster 7,120.0,2,0.4,0,0.0,0.0,0.0,0,0.0
EC_N-320_008,N-320_EC008,N-320 existing cluster 8,22.0,6,0.4,0,0.0,0.0,0.0,0,0.0
EC_N-320_009,N-320_EC009,N-320 existing cluster 9,50.0,3,0.4,0,0.0,0.0,0.0,0,0.0
EC_N-320_010,N-320_EC010,N-320 existing cluster 10,22.17,4,0.4,0,0.0,0.0,0.0,0,0.0
EC_N-320_011,N-320_EC011,N-320 existing cluster 11,50.0,3,0.4,0,0.0,0.0,0.0,0,0.0
EC_N-330_000,N-330_EC000,N-330 existing cluster 0,50.0,13,0.4,0,0.0,0.0,0.0,0,0.0
EC_N-330_001,N-330_EC001,N-330 existing cluster 1,350.0,4,0.4,0,0.0,0.0,0.0,0,0.0
EC_N-330_002,N-330_EC002,N-330 existing cluster 2,350.0,9,0.4,0,0.0,0.0,0.0,0,0.0
EC_N-330_003,N-330_EC003,N-330 existing cluster 3,60.0,14,0.4,0,0.0,0.0,0.0,0,0.0
EC_N-330_004,N-330_EC004,N-330 existing cluster 4,50.0,9,0.4,0,0.0,0.0,0.0,0,0.0
EC_N-330_005,N-330_EC005,N-330 existing cluster 5,100.0,8,0.4,0,0.0,0.0,0.0,0,0.0
EC_N-330_006,N-330_EC006,N-330 existing cluster 6,100.0,14,0.4,0,0.0,0.0,0.0,0,0.0
EC_N-330_007,N-330_EC007,N-330 existing cluster 7,50.0,11,0.4,0,0.0,0.0,0.0,0,0.0
EC_N-330_008,N-330_EC008,N-330 existing cluster 8,150.0,8,0.4,0,0.0,0.0,0.0,0,0.0
EC_N-330_009,N-330_EC009,N-330 existing cluster 9,150.0,9,0.4,0,0.0,0.0,0.0,0,0.0
EC_N-330_010,N-330_EC010,N-330 existing cluster 10,50.0,7,0.4,0,0.0,0.0,0.0,0,0.0
EC_N-330_011,N-330_EC011,N-330 existing cluster 11,50.0,8,0.4,0,0.0,0.0,0.0,0,0.0
EC_N-330_012,N-330_EC012,N-330 existing cluster 12,150.0,11,0.4,0,0.0,0.0,0.0,0,0.0
EC_N-330_013,N-330_EC013,N-330 existing cluster 13,100.0,8,0.4,0,0.0,0.0,0.0,0,0.0
EC_N-330_014,N-330_EC014,N-330 existing cluster 14,100.0,10,0.4,0,0.0,0.0,0.0,0,0.0
EC_N-330_015,N-330_EC015,N-330 existing cluster 15,60.0,16,0.4,0,0.0,0.0,0.0,0,0.0
EC_N-340A_000,N-340A_EC000,N-340A existing cluster 0,100.0,11,0.4,0,0.0,0.0,0.0,0,0.0
EC_N-340A_001,N-340A_EC001,N-340A existing cluster 1,22.0,5,0.4,0,0.0,0.0,0.0,0,0.0
EC_N-340A_002,N-340A_EC002,N-340A existing cluster 2,22.0,7,0.4,0,0.0,0.0,0.0,0,0.0
EC_N-340A_003,N-340A_EC003,N-340A existing cluster 3,22.0,11,0.4,0,0.0,0.0,0.0,0,0.0
EC_N-340A_004,N-340A_EC004,N-340A existing cluster 4,22.0,4,0.4,0,0.0,0.0,0.0,0,0.0
EC_N-340A_005,N-340A_EC005,N-340A existing cluster 5,22.0,3,0.4,0,0.0,0.0,0.0,0,0.0
EC_N-340A_006,N-340A_EC006,N-340A existing cluster 6,50.0,5,0.4,0,0.0,0.0,0.0,0,0.0
EC_N-340A_007,N-340A_EC007,N-340A existing cluster 7,60.0,4,0.4,0,0.0,0.0,0.0,0,0.0
EC_N-340A_008,N-340A_EC008,N-340A existing cluster 8,100.0,9,0.4,1,0.9450168823879039,0.0,1.0631097609408477,0,4.101503707333518e-05
EC_N-340A_009,N-340A_EC009,N-340A existing cluster 9,100.0,15,0.4,0,0.0,0.0,0.0,0,0.0
EC_N-340A_010,N-340A_EC010,N-340A existing cluster 10,60.0,4,0.4,0,0.0,0.0,0.0,0,0.0
EC_N-340A_011,N-340A_EC011,N-340A existing cluster 11,60.0,7,0.4,0,0.0,0.0,0.0,0,0.0
EC_N-340A_012,N-340A_EC012,N-340A existing cluster 12,150.0,8,0.4,0,0.0,0.0,0.0,0,0.0
EC_N-340A_013,N-340A_EC013,N-340A existing cluster 13,55.0,7,0.4,0,0.0,0.0,0.0,0,0.0
EC_N-340A_014,N-340A_EC014,N-340A existing cluster 14,55.2,6,0.4,0,0.0,0.0,0.0,0,0.0
EC_N-340A_015,N-340A_EC015,N-340A existing cluster 15,60.0,5,0.4,0,0.0,0.0,0.0,0,0.0
EC_N-4_000,N-4_EC000,N-4 existing cluster 0,140.0,8,0.4,27,972.8207830238186,0.0,433.4486074343621,0,0.018812873586560856
EC_N-4_001,N-4_EC001,N-4 existing cluster 1,50.0,3,0.4,0,0.0,0.0,0.0,0,0.0
EC_N-4_002,N-4_EC002,N-4 existing cluster 2,50.0,13,0.4,0,0.0,0.0,0.0,0,0.0
EC_N-4_003,N-4_EC003,N-4 existing cluster 3,50.0,3,0.4,0,0.0,0.0,0.0,0,0.0
EC_N-4_004,N-4_EC004,N-4 existing cluster 4,10.53,4,0.4,0,0.0,0.0,0.0,0,0.0
EC_N-4_005,N-4_EC005,N-4 existing cluster 5,22.0,4,0.4,0,0.0,0.0,0.0,0,0.0
EC_N-4_006,N-4_EC006,N-4 existing cluster 6,22.0,2,0.4,0,0.0,0.0,0.0,0,0.0
EC_N-4_007,N-4_EC007,N-4 existing cluster 7,22.0,2,0.4,0,0.0,0.0,0.0,0,0.0
EC_N-4_008,N-4_EC008,N-4 existing cluster 8,22.0,4,0.4,0,0.0,0.0,0.0,0,0.0
EC_N-4_009,N-4_EC009,N-4 existing cluster 9,22.0,2,0.4,0,0.0,0.0,0.0,0,0.0
EC_N-4_010,N-4_EC010,N-4 existing cluster 10,7.4,49,0.4,0,0.0,0.0,0.0,0,0.0
EC_N-4_011,N-4_EC011,N-4 existing cluster 11,150.0,2,0.4,0,0.0,0.0,0.0,0,0.0
EC_N-4_012,N-4_EC012,N-4 existing cluster 12,22.17,6,0.4,0,0.0,0.0,0.0,0,0.0
EC_N-4_013,N-4_EC013,N-4 existing cluster 13,22.0,2,0.4,1,28.28185951504715,0.0,77.13234413194677,0,0.01339103196735187
EC_N-4_014,N-4_EC014,N-4 existing cluster 14,22.0,6,0.4,0,0.0,0.0,0.0,0,0.0
EC_N-4_015,N-4_EC015,N-4 existing cluster 15,120.0,3,0.4,0,0.0,0.0,0.0,0,0.0
EC_N-420_000,N-420_EC000,N-420 existing cluster 0,50.0,8,0.4,1,19.59101924114513,0.0,23.509223089374157,0,0.0010203655854763088
EC_N-420_001,N-420_EC001,N-420 existing cluster 1,50.0,8,0.4,0,0.0,0.0,0.0,0,0.0
EC_N-420_002,N-420_EC002,N-420 existing cluster 2,50.0,9,0.4,0,0.0,0.0,0.0,0,0.0
EC_N-420_003,N-420_EC003,N-420 existing cluster 3,110.0,8,0.4,3,74.43223410556614,0.0,42.11893530493883,0,0.001828078789276859
EC_N-420_004,N-420_EC004,N-420 existing cluster 4,22.0,6,0.4,8,169.57056240650093,0.0,462.465170199548,0,0.026763030682844215
EC_N-420_005,N-420_EC005,N-420 existing cluster 5,50.0,7,0.4,25,639.8160149782514,0.0,772.4121079628492,0,0.03831409265688736
EC_N-420_006,N-420_EC006,N-420 existing cluster 6,60.0,7,0.4,0,0.0,0.0,0.0,0,0.0
EC_N-420_007,N-420_EC007,N-420 existing cluster 7,55.0,7,0.4,3,75.88166630802164,0.0,82.77999960875087,0,0.004106150774243595
EC_N-420_008,N-420_EC008,N-420 existing cluster 8,60.0,11,0.4,1,35.17979602868606,0.0,35.17979602868606,0,0.001110473359491353
EC_N-420_009,N-420_EC009,N-420 existing cluster 9,100.0,8,0.4,1,27.38586214067434,0.0,16.431517284404602,0,0.0007131734932467275
EC_N-420_010,N-420_EC010,N-420 existing cluster 10,50.0,10,0.4,1,41.76291680328076,0.0,50.11550016393691,0,0.0017401215334700315
EC_N-420_011,N-420_EC011,N-420 existing cluster 11,50.0,7,0.4,0,0.0,0.0,0.0,0,0.0
EC_N-420_012,N-420_EC012,N-420 existing cluster 12,50.0,10,0.4,0,0.0,0.0,0.0,0,0.0
EC_N-420_013,N-420_EC013,N-420 existing cluster 13,22.0,18,0.4,0,0.0,0.0,0.0,0,0.0
EC_N-420_014,N-420_EC014,N-420 existing cluster 14,100.0,15,0.4,0,0.0,0.0,0.0,0,0.0
EC_N-420_015,N-420_EC015,N-420 existing cluster 15,7.6,12,0.4,2,64.10703743663353,0.0,506.1081902892122,0,0.014644334209757297
EC_N-420A_000,N-420A_EC000,N-420A existing cluster 0,22.0,2,0.4,0,0.0,0.0,0.0,0,0.0
EC_N-420A_001,N-420A_EC001,N-420A existing cluster 1,60.0,1,0.4,0,0.0,0.0,0.0,0,0.0
EC_N-420A_002,N-420A_EC002,N-420A existing cluster 2,50.0,4,0.4,0,0.0,0.0,0.0,0,0.0
EC_N-420A_003,N-420A_EC003,N-420A existing cluster 3,50.0,3,0.4,0,0.0,0.0,0.0,0,0.0
EC_N-420A_004,N-420A_EC004,N-420A existing cluster 4,60.0,2,0.4,0,0.0,0.0,0.0,0,0.0
EC_N-420A_005,N-420A_EC005,N-420A existing cluster 5,21.0,2,0.4,0,0.0,0.0,0.0,0,0.0
EC_N-420A_006,N-420A_EC006,N-420A existing cluster 6,55.0,3,0.4,0,0.0,0.0,0.0,0,0.0
EC_N-420A_007,N-420A_EC007,N-420A existing cluster 7,50.0,3,0.4,0,0.0,0.0,0.0,0,0.0
EC_N-420A_008,N-420A_EC008,N-420A existing cluster 8,7.0,1,0.4,0,0.0,0.0,0.0,0,0.0
EC_N-430_000,N-430_EC000,N-430 existing cluster 0,50.0,8,0.4,0,0.0,0.0,0.0,0,0.0
EC_N-430_001,N-430_EC001,N-430 existing cluster 1,50.0,7,0.4,0,0.0,0.0,0.0,0,0.0
EC_N-430_002,N-430_EC002,N-430 existing cluster 2,150.0,4,0.4,0,0.0,0.0,0.0,0,0.0
EC_N-430_003,N-430_EC003,N-430 existing cluster 3,150.0,7,0.4,0,0.0,0.0,0.0,0,0.0
EC_N-430_004,N-430_EC004,N-430 existing cluster 4,100.0,8,0.4,0,0.0,0.0,0.0,0,0.0
EC_N-430_005,N-430_EC005,N-430 existing cluster 5,60.0,5,0.4,0,0.0,0.0,0.0,0,0.0
EC_N-430_006,N-430_EC006,N-430 existing cluster 6,150.0,7,0.4,0,0.0,0.0,0.0,0,0.0
EC_N-430_007,N-430_EC007,N-430 existing cluster 7,100.0,7,0.4,0,0.0,0.0,0.0,0,0.0
EC_N-430_008,N-430_EC008,N-430 existing cluster 8,100.0,5,0.4,0,0.0,0.0,0.0,0,0.0
EC_N-430_009,N-430_EC009,N-430 existing cluster 9,50.0,8,0.4,3,86.8272200797845,0.0,107.44881027514337,0,0.004663576834858654
EC_N-430_010,N-430_EC010,N-430 existing cluster 10,120.0,5,0.4,0,0.0,0.0,0.0,0,0.0
EC_N-430_011,N-430_EC011,N-430 existing cluster 11,120.0,3,0.4,3,136.13381550497397,0.0,68.06690775248698,0,0.007878114323204512
EC_N-430_012,N-430_EC012,N-430 existing cluster 12,50.0,9,0.4,4,175.34429305183733,0.0,210.41315166220477,0,0.008117791344992468
EC_N-430_013,N-430_EC013,N-430 existing cluster 13,150.0,26,0.4,4,170.79890352438952,0.0,70.57775637608155,0,0.0009425448233985251
EC_N-430_014,N-430_EC014,N-430 existing cluster 14,60.0,5,0.4,9,77.47707005248654,0.0,82.76666213581058,0,0.0057476848705424015
EC_N-430_015,N-430_EC015,N-430 existing cluster 15,50.0,6,0.4,2,95.37594562449857,0.0,117.70728092880027,0,0.006811763942638905
EC_N-432_000,N-432_EC000,N-432 existing cluster 0,50.0,11,0.4,2,40.44830766691694,0.0,48.53796920030033,0,0.0015321328661710963
EC_N-432_001,N-432_EC001,N-432 existing cluster 1,150.0,10,0.4,3,112.11859359528387,0.0,49.073066707952705,0,0.001703925927359469
EC_N-432_002,N-432_EC002,N-432 existing cluster 2,150.0,6,0.4,3,99.19311312111617,0.0,41.140037648347956,0,0.002380789215760877
EC_N-432_003,N-432_EC003,N-432 existing cluster 3,50.0,9,0.4,0,0.0,0.0,0.0,0,0.0
EC_N-432_004,N-432_EC004,N-432 existing cluster 4,150.0,8,0.4,1,41.567647391383616,0.0,16.627058956553448,0,0.000721660544989299
EC_N-432_005,N-432_EC005,N-432 existing cluster 5,50.0,5,0.4,3,82.11441418272146,0.0,98.53729701926575,0,0.006842867848560121
EC_N-432_006,N-432_EC006,N-432 existing cluster 6,22.0,9,0.4,2,63.64724361343865,0.0,173.5833916730145,0,0.006696890110841608
EC_N-432_007,N-432_EC007,N-432 existing cluster 7,50.0,5,0.4,2,64.84272824963362,0.0,77.81127389956035,0,0.0054035606874694685
EC_N-432_008,N-432_EC008,N-432 existing cluster 8,50.0,11,0.4,1,34.36297579872976,0.0,41.235570958475705,0,0.0013016278711640058
EC_N-432_009,N-432_EC009,N-432 existing cluster 9,150.0,9,0.4,1,22.56414838680524,0.0,13.538489032083143,0,0.0005223182496945657
EC_N-432_010,N-432_EC010,N-432 existing cluster 10,150.0,4,0.4,0,0.0,0.0,0.0,0,0.0
EC_N-432_011,N-432_EC011,N-432 existing cluster 11,120.0,10,0.4,0,0.0,0.0,0.0,0,0.0
EC_N-432_012,N-432_EC012,N-432 existing cluster 12,100.0,24,0.4,0,0.0,0.0,0.0,0,0.0
EC_N-432_013,N-432_EC013,N-432 existing cluster 13,50.0,5,0.4,0,0.0,0.0,0.0,0,0.0
EC_N-432_014,N-432_EC014,N-432 existing cluster 14,60.0,4,0.4,0,0.0,0.0,0.0,0,0.0
EC_N-432_015,N-432_EC015,N-432 existing cluster 15,50.0,6,0.4,0,0.0,0.0,0.0,0,0.0
EC_N-432A_000,N-432A_EC000,N-432A existing cluster 0,22.0,6,0.4,70,1649.5653569276328,24.218177313128308,4538.230536937374,1,0.26262908199869067
EC_N-432A_001,N-432A_EC001,N-432A existing cluster 1,30.0,3,0.4,0,0.0,0.0,0.0,0,0.0
EC_N-432A_002,N-432A_EC002,N-432A existing cluster 2,22.0,6,0.4,0,0.0,0.0,0.0,0,0.0
EC_N-432A_003,N-432A_EC003,N-432A existing cluster 3,22.0,2,0.4,0,0.0,0.0,0.0,0,0.0
EC_N-432A_004,N-432A_EC004,N-432A existing cluster 4,22.0,2,0.4,0,0.0,0.0,0.0,0,0.0
EC_N-432A_005,N-432A_EC005,N-432A existing cluster 5,7.4,1,0.4,0,0.0,0.0,0.0,0,0.0
EC_N-432A_006,N-432A_EC006,N-432A existing cluster 6,22.0,2,0.4,0,0.0,0.0,0.0,0,0.0
EC_N-5_000,N-5_EC000,N-5 existing cluster 0,22.0,2,0.4,1,31.3601077638983,0.0,85.52756662881355,0,0.014848535873057907
EC_N-5_001,N-5_EC001,N-5 existing cluster 1,300.0,8,0.4,0,0.0,0.0,0.0,0,0.0
EC_N-5_002,N-5_EC002,N-5 existing cluster 2,150.0,20,0.4,0,0.0,0.0,0.0,0,0.0
EC_N-5_003,N-5_EC003,N-5 existing cluster 3,24.0,3,0.4,0,0.0,0.0,0.0,0,0.0
EC_N-5_004,N-5_EC004,N-5 existing cluster 4,22.0,2,0.4,0,0.0,0.0,0.0,0,0.0
EC_N-5_005,N-5_EC005,N-5 existing cluster 5,22.0,2,0.4,0,0.0,0.0,0.0,0,0.0
EC_N-5_006,N-5_EC006,N-5 existing cluster 6,22.0,2,0.4,0,0.0,0.0,0.0,0,0.0
EC_N-5_007,N-5_EC007,N-5 existing cluster 7,22.0,2,0.4,0,0.0,0.0,0.0,0,0.0
EC_N-5_008,N-5_EC008,N-5 existing cluster 8,7.4,2,0.4,0,0.0,0.0,0.0,0,0.0
EC_N-5_009,N-5_EC009,N-5 existing cluster 9,22.0,2,0.4,0,0.0,0.0,0.0,0,0.0
EC_N-5_010,N-5_EC010,N-5 existing cluster 10,25.0,3,0.4,0,0.0,0.0,0.0,0,0.0
EC_N-5_011,N-5_EC011,N-5 existing cluster 11,100.0,4,0.4,0,0.0,0.0,0.0,0,0.0
EC_N-5_012,N-5_EC012,N-5 existing cluster 12,22.0,4,0.4,0,0.0,0.0,0.0,0,0.0
EC_N-5_013,N-5_EC013,N-5 existing cluster 13,100.0,4,0.4,0,0.0,0.0,0.0,0,0.0
EC_N-5_014,N-5_EC014,N-5 existing cluster 14,50.0,3,0.4,0,0.0,0.0,0.0,0,0.0
EC_N-5_015,N-5_EC015,N-5 existing cluster 15,50.0,3,0.4,0,0.0,0.0,0.0,0,0.0
EC_N-501_000,N-501_EC000,N-501 existing cluster 0,7.4,2,0.4,1,33.87312528303402,0.0,274.6469617543299,0,0.04768176419346005
EC_N-501_001,N-501_EC001,N-501 existing cluster 1,100.0,3,0.4,8,192.51298360525468,0.0,115.5077901631528,0,0.013368957194809352
EC_N-501_002,N-501_EC002,N-501 existing cluster 2,50.0,5,0.4,1,32.930025928939145,0.0,39.51603111472697,0,0.0027441688274115954
EC_N-501_003,N-501_EC003,N-501 existing cluster 3,22.0,2,0.4,0,0.0,0.0,0.0,0,0.0
EC_N-501_004,N-501_EC004,N-501 existing cluster 4,50.0,3,0.4,0,0.0,0.0,0.0,0,0.0
EC_N-501_005,N-501_EC005,N-501 existing cluster 5,50.0,3,0.4,0,0.0,0.0,0.0,0,0.0
EC_N-523_000,N-523_EC000,N-523 existing cluster 0,22.0,2,0.4,9,179.13195079179633,0.0,488.54168397762635,0,0.08481626457944902
EC_N-523_001,N-523_EC001,N-523 existing cluster 1,100.0,4,0.4,6,103.95301919183682,0.0,62.3718115151021,0,0.005414219749574835
EC_N-523_002,N-523_EC002,N-523 existing cluster 2,100.0,4,0.4,0,0.0,0.0,0.0,0,0.0
EC_N-525_000,N-525_EC000,N-525 existing cluster 0,90.0,15,0.4,0,0.0,0.0,0.0,0,0.0
EC_N-525_001,N-525_EC001,N-525 existing cluster 1,22.0,4,0.4,0,0.0,0.0,0.0,0,0.0
EC_N-525_002,N-525_EC002,N-525 existing cluster 2,350.0,12,0.4,0,0.0,0.0,0.0,0,0.0
EC_N-525_003,N-525_EC003,N-525 existing cluster 3,100.0,7,0.4,0,0.0,0.0,0.0,0,0.0
EC_N-525_004,N-525_EC004,N-525 existing cluster 4,400.0,12,0.4,0,0.0,0.0,0.0,0,0.0
EC_N-525_005,N-525_EC005,N-525 existing cluster 5,100.0,9,0.4,0,0.0,0.0,0.0,0,0.0
EC_N-525_006,N-525_EC006,N-525 existing cluster 6,50.0,5,0.4,0,0.0,0.0,0.0,0,0.0
EC_N-525_007,N-525_EC007,N-525 existing cluster 7,50.0,6,0.4,0,0.0,0.0,0.0,0,0.0
EC_N-525_008,N-525_EC008,N-525 existing cluster 8,100.0,6,0.4,2,68.46571191579172,0.0,41.07942714947503,0,0.002377281663742768
EC_N-525_009,N-525_EC009,N-525 existing cluster 9,50.0,7,0.4,4,131.1542844491845,0.0,157.3851413390214,0,0.007806802645784792
EC_N-525_010,N-525_EC010,N-525 existing cluster 10,60.0,6,0.4,8,156.54673307797967,0.0,156.54673307797967,0,0.009059417423494193
EC_N-525_011,N-525_EC011,N-525 existing cluster 11,50.0,4,0.4,0,0.0,0.0,0.0,0,0.0
EC_N-525_012,N-525_EC012,N-525 existing cluster 12,60.0,4,0.4,0,0.0,0.0,0.0,0,0.0
EC_N-525_013,N-525_EC013,N-525 existing cluster 13,50.0,6,0.4,0,0.0,0.0,0.0,0,0.0
EC_N-525_014,N-525_EC014,N-525 existing cluster 14,50.0,6,0.4,0,0.0,0.0,0.0,0,0.0
EC_N-525_015,N-525_EC015,N-525 existing cluster 15,60.0,5,0.4,6,151.2888970625387,0.0,151.2888970625387,0,0.010506173407120742
EC_N-540_000,N-540_EC000,N-540 existing cluster 0,50.0,3,0.4,2,70.58906361135381,0.0,84.70687633362456,0,0.009804036612688027
EC_N-540_001,N-540_EC001,N-540 existing cluster 1,50.0,3,0.4,3,116.61384174658238,0.0,139.93661009589886,0,0.016196366909247552
EC_N-540_002,N-540_EC002,N-540 existing cluster 2,50.0,3,0.4,12,284.09560568880994,0.0,340.91472682657184,0,0.0394577230123347
EC_N-540_003,N-540_EC003,N-540 existing cluster 3,50.0,3,0.4,14,314.36117023053794,0.0,377.23340427664556,0,0.04366127364313027
EC_N-541_000,N-541_EC000,N-541 existing cluster 0,22.0,2,0.4,0,0.0,0.0,0.0,0,0.0
EC_N-541_001,N-541_EC001,N-541 existing cluster 1,150.0,2,0.4,0,0.0,0.0,0.0,0,0.0
EC_N-541_002,N-541_EC002,N-541 existing cluster 2,50.0,3,0.4,0,0.0,0.0,0.0,0,0.0
EC_N-541_003,N-541_EC003,N-541 existing cluster 3,150.0,2,0.4,0,0.0,0.0,0.0,0,0.0
EC_N-541_004,N-541_EC004,N-541 existing cluster 4,22.0,4,0.4,0,0.0,0.0,0.0,0,0.0
EC_N-541_005,N-541_EC005,N-541 existing cluster 5,50.0,3,0.4,0,0.0,0.0,0.0,0,0.0
EC_N-541_006,N-541_EC006,N-541 existing cluster 6,50.0,3,0.4,0,0.0,0.0,0.0,0,0.0
EC_N-547_000,N-547_EC000,N-547 existing cluster 0,150.0,2,0.4,0,0.0,0.0,0.0,0,0.0
EC_N-547_001,N-547_EC001,N-547 existing cluster 1,6.9,2,0.4,0,0.0,0.0,0.0,0,0.0
EC_N-550_000,N-550_EC000,N-550 existing cluster 0,320.0,4,0.4,0,0.0,0.0,0.0,0,0.0
EC_N-550_001,N-550_EC001,N-550 existing cluster 1,22.0,22,0.4,0,0.0,0.0,0.0,0,0.0
EC_N-550_002,N-550_EC002,N-550 existing cluster 2,42.0,3,0.4,0,0.0,0.0,0.0,0,0.0
EC_N-550_003,N-550_EC003,N-550 existing cluster 3,320.0,1,0.4,0,0.0,0.0,0.0,0,0.0
EC_N-550_004,N-550_EC004,N-550 existing cluster 4,50.0,5,0.4,0,0.0,0.0,0.0,0,0.0
EC_N-550_005,N-550_EC005,N-550 existing cluster 5,50.0,3,0.4,0,0.0,0.0,0.0,0,0.0
EC_N-550_006,N-550_EC006,N-550 existing cluster 6,60.0,7,0.4,0,0.0,0.0,0.0,0,0.0
EC_N-550_007,N-550_EC007,N-550 existing cluster 7,50.0,3,0.4,0,0.0,0.0,0.0,0,0.0
EC_N-550_008,N-550_EC008,N-550 existing cluster 8,22.0,2,0.4,0,0.0,0.0,0.0,0,0.0
EC_N-550_009,N-550_EC009,N-550 existing cluster 9,40.0,7,0.4,0,0.0,0.0,0.0,0,0.0
EC_N-550_010,N-550_EC010,N-550 existing cluster 10,120.0,6,0.4,0,0.0,0.0,0.0,0,0.0
EC_N-550_011,N-550_EC011,N-550 existing cluster 11,22.17,4,0.4,0,0.0,0.0,0.0,0,0.0
EC_N-550_012,N-550_EC012,N-550 existing cluster 12,22.0,2,0.4,0,0.0,0.0,0.0,0,0.0
EC_N-550_013,N-550_EC013,N-550 existing cluster 13,22.0,4,0.4,1,34.712614739024716,0.0,94.6707674700674,0,0.008217948565110017
EC_N-550_014,N-550_EC014,N-550 existing cluster 14,50.0,3,0.4,2,54.776560212037545,0.0,65.73187225444505,0,0.007607855585005215
EC_N-550_015,N-550_EC015,N-550 existing cluster 15,60.0,1,0.4,0,0.0,0.0,0.0,0,0.0
EC_N-6_000,N-6_EC000,N-6 existing cluster 0,100.0,19,0.4,0,0.0,0.0,0.0,0,0.0
EC_N-6_001,N-6_EC001,N-6 existing cluster 1,160.0,7,0.4,2,42.64425937796075,0.0,15.991597266735283,0,0.00079323399140552
EC_N-6_002,N-6_EC002,N-6 existing cluster 2,100.0,8,0.4,1,35.672000934480145,0.0,21.403200560688088,0,0.0009289583576687538
EC_N-6_003,N-6_EC003,N-6 existing cluster 3,150.0,20,0.4,2,77.34674361621637,0.0,30.938697446486547,0,0.0005371301640015025
EC_N-6_004,N-6_EC004,N-6 existing cluster 4,50.0,12,0.4,0,0.0,0.0,0.0,0,0.0
EC_N-6_005,N-6_EC005,N-6 existing cluster 5,50.0,12,0.4,1,26.17370175166331,0.0,31.40844210199597,0,0.0009088090885994204
EC_N-6_006,N-6_EC006,N-6 existing cluster 6,50.0,9,0.4,0,0.0,0.0,0.0,0,0.0
EC_N-6_007,N-6_EC007,N-6 existing cluster 7,100.0,11,0.4,0,0.0,0.0,0.0,0,0.0
EC_N-6_008,N-6_EC008,N-6 existing cluster 8,50.0,11,0.4,3,64.49923103047982,0.0,79.14101272044675,0,0.00249813802779188
EC_N-6_009,N-6_EC009,N-6 existing cluster 9,50.0,17,0.4,0,0.0,0.0,0.0,0,0.0
EC_N-6_010,N-6_EC010,N-6 existing cluster 10,50.0,14,0.4,0,0.0,0.0,0.0,0,0.0
EC_N-6_011,N-6_EC011,N-6 existing cluster 11,250.0,29,0.4,0,0.0,0.0,0.0,0,0.0
EC_N-6_012,N-6_EC012,N-6 existing cluster 12,150.0,18,0.4,2,50.37588923294069,0.0,21.589666814117443,0,0.0004164673382352902
EC_N-6_013,N-6_EC013,N-6 existing cluster 13,150.0,21,0.4,0,0.0,0.0,0.0,0,0.0
EC_N-6_014,N-6_EC014,N-6 existing cluster 14,150.0,14,0.4,0,0.0,0.0,0.0,0,0.0
EC_N-6_015,N-6_EC015,N-6 existing cluster 15,180.0,9,0.4,0,0.0,0.0,0.0,0,0.0
EC_N-601_000,N-601_EC000,N-601 existing cluster 0,50.0,8,0.4,0,0.0,0.0,0.0,0,0.0
EC_N-601_001,N-601_EC001,N-601 existing cluster 1,50.0,7,0.4,0,0.0,0.0,0.0,0,0.0
EC_N-601_002,N-601_EC002,N-601 existing cluster 2,170.0,12,0.4,0,0.0,0.0,0.0,0,0.0
EC_N-601_003,N-601_EC003,N-601 existing cluster 3,50.0,6,0.4,0,0.0,0.0,0.0,0,0.0
EC_N-601_004,N-601_EC004,N-601 existing cluster 4,50.0,6,0.4,0,0.0,0.0,0.0,0,0.0
EC_N-601_005,N-601_EC005,N-601 existing cluster 5,50.0,7,0.4,0,0.0,0.0,0.0,0,0.0
EC_N-601_006,N-601_EC006,N-601 existing cluster 6,60.0,26,0.4,0,0.0,0.0,0.0,0,0.0
EC_N-601_007,N-601_EC007,N-601 existing cluster 7,200.0,5,0.4,0,0.0,0.0,0.0,0,0.0
EC_N-601_008,N-601_EC008,N-601 existing cluster 8,22.0,8,0.4,0,0.0,0.0,0.0,0,0.0
EC_N-601_009,N-601_EC009,N-601 existing cluster 9,7.0,6,0.4,0,0.0,0.0,0.0,0,0.0
EC_N-601_010,N-601_EC010,N-601 existing cluster 10,22.0,8,0.4,0,0.0,0.0,0.0,0,0.0
EC_N-601_011,N-601_EC011,N-601 existing cluster 11,100.0,4,0.4,0,0.0,0.0,0.0,0,0.0
EC_N-601_012,N-601_EC012,N-601 existing cluster 12,100.0,9,0.4,0,0.0,0.0,0.0,0,0.0
EC_N-601_013,N-601_EC013,N-601 existing cluster 13,100.0,6,0.4,2,43.230691926926724,0.0,25.938415156156033,0,0.0015010656919071778
EC_N-601_014,N-601_EC014,N-601 existing cluster 14,60.0,8,0.4,0,0.0,0.0,0.0,0,0.0
EC_N-601_015,N-601_EC015,N-601 existing cluster 15,50.0,8,0.4,0,0.0,0.0,0.0,0,0.0
EC_N-611_000,N-611_EC000,N-611 existing cluster 0,50.0,7,0.4,0,0.0,0.0,0.0,0,0.0
EC_N-611_001,N-611_EC001,N-611 existing cluster 1,150.0,15,0.4,0,0.0,0.0,0.0,0,0.0
EC_N-611_002,N-611_EC002,N-611 existing cluster 2,50.0,10,0.4,0,0.0,0.0,0.0,0,0.0
EC_N-611_003,N-611_EC003,N-611 existing cluster 3,180.0,6,0.4,0,0.0,0.0,0.0,0,0.0
EC_N-611_004,N-611_EC004,N-611 existing cluster 4,60.0,7,0.4,0,0.0,0.0,0.0,0,0.0
EC_N-611_005,N-611_EC005,N-611 existing cluster 5,22.17,14,0.4,0,0.0,0.0,0.0,0,0.0
EC_N-611_006,N-611_EC006,N-611 existing cluster 6,7.36,2,0.4,0,0.0,0.0,0.0,0,0.0
EC_N-611_007,N-611_EC007,N-611 existing cluster 7,50.0,12,0.4,0,0.0,0.0,0.0,0,0.0
EC_N-611_008,N-611_EC008,N-611 existing cluster 8,50.0,5,0.4,0,0.0,0.0,0.0,0,0.0
EC_N-611_009,N-611_EC009,N-611 existing cluster 9,22.0,6,0.4,0,0.0,0.0,0.0,0,0.0
EC_N-611_010,N-611_EC010,N-611 existing cluster 10,100.0,28,0.4,0,0.0,0.0,0.0,0,0.0
EC_N-611_011,N-611_EC011,N-611 existing cluster 11,150.0,8,0.4,0,0.0,0.0,0.0,0,0.0
EC_N-611_012,N-611_EC012,N-611 existing cluster 12,22.0,13,0.4,0,0.0,0.0,0.0,0,0.0
EC_N-611_013,N-611_EC013,N-611 existing cluster 13,50.0,6,0.4,0,0.0,0.0,0.0,0,0.0
EC_N-611_014,N-611_EC014,N-611 existing cluster 14,50.0,8,0.4,0,0.0,0.0,0.0,0,0.0
EC_N-611_015,N-611_EC015,N-611 existing cluster 15,50.0,7,0.4,0,0.0,0.0,0.0,0,0.0
EC_N-620_000,N-620_EC000,N-620 existing cluster 0,100.0,4,0.4,2,41.26818923933888,0.0,24.76091354360333,0,0.002149384856215567
EC_N-620_001,N-620_EC001,N-620 existing cluster 1,100.0,4,0.4,10,171.14265157599982,0.0,102.6855909455999,0,0.008913679769583325
EC_N-620_002,N-620_EC002,N-620 existing cluster 2,100.0,4,0.4,0,0.0,0.0,0.0,0,0.0
EC_N-620_003,N-620_EC003,N-620 existing cluster 3,90.0,2,0.4,0,0.0,0.0,0.0,0,0.0
EC_N-620_004,N-620_EC004,N-620 existing cluster 4,100.0,4,0.4,0,0.0,0.0,0.0,0,0.0
EC_N-620_005,N-620_EC005,N-620 existing cluster 5,360.0,12,0.4,2,57.480459780179615,0.0,30.11812313069115,0,0.0008714734702167578
EC_N-620A_000,N-620A_EC000,N-620A existing cluster 0,22.0,2,0.4,0,0.0,0.0,0.0,0,0.0
EC_N-620A_001,N-620A_EC001,N-620A existing cluster 1,50.0,6,0.4,0,0.0,0.0,0.0,0,0.0
EC_N-620A_002,N-620A_EC002,N-620A existing cluster 2,50.0,3,0.4,0,0.0,0.0,0.0,0,0.0
EC_N-620A_003,N-620A_EC003,N-620A existing cluster 3,20.0,2,0.4,0,0.0,0.0,0.0,0,0.0
EC_N-623_000,N-623_EC000,N-623 existing cluster 0,22.0,4,0.4,20,695.7223220953653,0.0,1904.5748072814845,0,0.16532767424318442
EC_N-623_001,N-623_EC001,N-623 existing cluster 1,150.0,8,0.4,0,0.0,0.0,0.0,0,0.0
EC_N-623_002,N-623_EC002,N-623 existing cluster 2,120.0,2,0.4,6,218.87144319820692,0.0,109.43572159910346,0,0.018999257222066572
EC_N-623_003,N-623_EC003,N-623 existing cluster 3,100.0,4,0.4,3,102.6196302713194,0.0,61.57177816279164,0,0.005344772409964552
EC_N-623_004,N-623_EC004,N-623 existing cluster 4,200.0,8,0.4,0,0.0,0.0,0.0,0,0.0
EC_N-623_005,N-623_EC005,N-623 existing cluster 5,11.0,6,0.4,0,0.0,0.0,0.0,0,0.0
EC_N-623_006,N-623_EC006,N-623 existing cluster 6,150.0,2,0.4,0,0.0,0.0,0.0,0,0.0
EC_N-623_007,N-623_EC007,N-623 existing cluster 7,60.0,1,0.4,0,0.0,0.0,0.0,0,0.0
EC_N-623_008,N-623_EC008,N-623 existing cluster 8,50.0,2,0.4,2,51.00286253065775,0.0,61.20343503678929,0,0.010625596360553696
EC_N-623_009,N-623_EC009,N-623 existing cluster 9,50.0,3,0.4,26,645.9514934943181,0.0,775.1417921931817,0,0.08971548520754417
EC_N-632_000,N-632_EC000,N-632 existing cluster 0,60.0,5,0.4,0,0.0,0.0,0.0,0,0.0
EC_N-632_001,N-632_EC001,N-632 existing cluster 1,50.0,5,0.4,0,0.0,0.0,0.0,0,0.0
EC_N-632_002,N-632_EC002,N-632 existing cluster 2,150.0,6,0.4,0,0.0,0.0,0.0,0,0.0
EC_N-632_003,N-632_EC003,N-632 existing cluster 3,60.0,2,0.4,0,0.0,0.0,0.0,0,0.0
EC_N-632_004,N-632_EC004,N-632 existing cluster 4,120.0,10,0.4,0,0.0,0.0,0.0,0,0.0
EC_N-632_005,N-632_EC005,N-632 existing cluster 5,60.0,4,0.4,0,0.0,0.0,0.0,0,0.0
EC_N-632_006,N-632_EC006,N-632 existing cluster 6,7.4,1,0.4,0,0.0,0.0,0.0,0,0.0
EC_N-632_007,N-632_EC007,N-632 existing cluster 7,150.0,6,0.4,0,0.0,0.0,0.0,0,0.0
EC_N-632_008,N-632_EC008,N-632 existing cluster 8,120.0,9,0.4,0,0.0,0.0,0.0,0,0.0
EC_N-632_009,N-632_EC009,N-632 existing cluster 9,50.0,3,0.4,0,0.0,0.0,0.0,0,0.0
EC_N-632_010,N-632_EC010,N-632 existing cluster 10,15.0,2,0.4,0,0.0,0.0,0.0,0,0.0
EC_N-632_011,N-632_EC011,N-632 existing cluster 11,15.0,2,0.4,0,0.0,0.0,0.0,0,0.0
EC_N-632_012,N-632_EC012,N-632 existing cluster 12,15.0,1,0.4,0,0.0,0.0,0.0,0,0.0
EC_N-632_013,N-632_EC013,N-632 existing cluster 13,50.0,4,0.4,0,0.0,0.0,0.0,0,0.0
EC_N-632_014,N-632_EC014,N-632 existing cluster 14,50.0,4,0.4,0,0.0,0.0,0.0,0,0.0
EC_N-632_015,N-632_EC015,N-632 existing cluster 15,22.17,2,0.4,0,0.0,0.0,0.0,0,0.0
EC_N-632A_000,N-632A_EC000,N-632A existing cluster 0,15.0,1,0.4,0,0.0,0.0,0.0,0,0.0
EC_N-632A_001,N-632A_EC001,N-632A existing cluster 1,15.0,1,0.4,0,0.0,0.0,0.0,0,0.0
EC_N-632A_002,N-632A_EC002,N-632A existing cluster 2,7.4,2,0.4,0,0.0,0.0,0.0,0,0.0
EC_N-632A_003,N-632A_EC003,N-632A existing cluster 3,7.4,2,0.4,0,0.0,0.0,0.0,0,0.0
EC_N-632A_004,N-632A_EC004,N-632A existing cluster 4,50.0,3,0.4,0,0.0,0.0,0.0,0,0.0
EC_N-632A_005,N-632A_EC005,N-632A existing cluster 5,15.0,1,0.4,0,0.0,0.0,0.0,0,0.0
EC_N-632A_006,N-632A_EC006,N-632A existing cluster 6,15.0,1,0.4,0,0.0,0.0,0.0,0,0.0
EC_N-632A_007,N-632A_EC007,N-632A existing cluster 7,120.0,3,0.4,0,0.0,0.0,0.0,0,0.0
EC_N-632A_008,N-632A_EC008,N-632A existing cluster 8,22.0,4,0.4,0,0.0,0.0,0.0,0,0.0
EC_N-632A_009,N-632A_EC009,N-632A existing cluster 9,50.0,3,0.4,0,0.0,0.0,0.0,0,0.0
EC_N-633_000,N-633_EC000,N-633 existing cluster 0,15.0,3,0.4,18,529.8696696358228,572.3894225745125,2155.5579720329883,3,0.24948587639270697
EC_N-633_001,N-633_EC001,N-633 existing cluster 1,7.36,2,0.4,0,0.0,0.0,0.0,0,0.0
EC_N-633_002,N-633_EC002,N-633 existing cluster 2,7.36,4,0.4,0,0.0,0.0,0.0,0,0.0
EC_N-633_003,N-633_EC003,N-633 existing cluster 3,7.36,2,0.4,0,0.0,0.0,0.0,0,0.0
EC_N-633_004,N-633_EC004,N-633 existing cluster 4,22.17,2,0.4,0,0.0,0.0,0.0,0,0.0
EC_N-633_005,N-633_EC005,N-633 existing cluster 5,50.0,7,0.4,0,0.0,0.0,0.0,0,0.0
EC_N-633_006,N-633_EC006,N-633 existing cluster 6,7.36,6,0.4,0,0.0,0.0,0.0,0,0.0
EC_N-633_007,N-633_EC007,N-633 existing cluster 7,22.0,8,0.4,0,0.0,0.0,0.0,0,0.0
EC_N-633_008,N-633_EC008,N-633 existing cluster 8,50.0,4,0.4,0,0.0,0.0,0.0,0,0.0
EC_N-633_009,N-633_EC009,N-633 existing cluster 9,50.0,5,0.4,0,0.0,0.0,0.0,0,0.0
EC_N-633_010,N-633_EC010,N-633 existing cluster 10,7.4,10,0.4,0,0.0,0.0,0.0,0,0.0
EC_N-633_011,N-633_EC011,N-633 existing cluster 11,100.0,6,0.4,0,0.0,0.0,0.0,0,0.0
EC_N-633_012,N-633_EC012,N-633 existing cluster 12,22.0,4,0.4,0,0.0,0.0,0.0,0,0.0
EC_N-633_013,N-633_EC013,N-633 existing cluster 13,22.0,4,0.4,0,0.0,0.0,0.0,0,0.0
EC_N-633_014,N-633_EC014,N-633 existing cluster 14,7.4,4,0.4,0,0.0,0.0,0.0,0,0.0
EC_N-633_015,N-633_EC015,N-633 existing cluster 15,7.36,4,0.4,0,0.0,0.0,0.0,0,0.0
EC_N-634_000,N-634_EC000,N-634 existing cluster 0,55.0,32,0.4,2,57.199026109447125,0.0,62.39893757394231,0,0.0006770718052728115
EC_N-634_001,N-634_EC001,N-634 existing cluster 1,150.0,37,0.4,1,33.49144120734981,0.0,14.88508498104436,0,0.00013968735905634723
EC_N-634_002,N-634_EC002,N-634 existing cluster 2,50.0,33,0.4,0,0.0,0.0,0.0,0,0.0
EC_N-634_003,N-634_EC003,N-634 existing cluster 3,50.0,45,0.4,0,0.0,0.0,0.0,0,0.0
EC_N-634_004,N-634_EC004,N-634 existing cluster 4,320.0,45,0.4,0,0.0,0.0,0.0,0,0.0
EC_N-634_005,N-634_EC005,N-634 existing cluster 5,320.0,38,0.4,0,0.0,0.0,0.0,0,0.0
EC_N-634_006,N-634_EC006,N-634 existing cluster 6,150.0,22,0.4,1,40.09608085705918,0.0,16.038432342823672,0,0.0002531318235925453
EC_N-634_007,N-634_EC007,N-634 existing cluster 7,50.0,25,0.4,2,41.59282510944743,0.0,49.911390131336915,0,0.0006932137518241238
EC_N-634_008,N-634_EC008,N-634 existing cluster 8,360.0,33,0.4,3,68.83391411193185,0.0,36.80623942898315,0,0.00038727103776286983
EC_N-634_009,N-634_EC009,N-634 existing cluster 9,150.0,25,0.4,2,56.193644504743084,0.0,23.846723003150018,0,0.00033120448615486136
EC_N-634_010,N-634_EC010,N-634 existing cluster 10,100.0,27,0.4,4,118.94351288171427,0.0,71.36610772902856,0,0.0009177740191490298
EC_N-634_011,N-634_EC011,N-634 existing cluster 11,200.0,29,0.4,1,18.479839478690813,0.0,9.239919739345407,0,0.00011063122293277546
EC_N-634_012,N-634_EC012,N-634 existing cluster 12,110.0,23,0.4,8,246.23289685626386,0.0,137.30845415959305,0,0.002072893329704001
EC_N-634_013,N-634_EC013,N-634 existing cluster 13,150.0,22,0.4,9,290.54394936965355,0.0,124.30512800096412,0,0.0019618864899142064
EC_N-634_014,N-634_EC014,N-634 existing cluster 14,360.0,34,0.4,11,291.1665298333778,0.0,91.66693124604328,0,0.0009361410462218471
EC_N-634_015,N-634_EC015,N-634 existing cluster 15,100.0,19,0.4,0,0.0,0.0,0.0,0,0.0
EC_N-640_000,N-640_EC000,N-640 existing cluster 0,100.0,3,0.4,0,0.0,0.0,0.0,0,0.0
EC_N-640_001,N-640_EC001,N-640 existing cluster 1,120.0,4,0.4,0,0.0,0.0,0.0,0,0.0
EC_N-640_002,N-640_EC002,N-640 existing cluster 2,22.0,4,0.4,0,0.0,0.0,0.0,0,0.0
EC_N-640_003,N-640_EC003,N-640 existing cluster 3,50.0,5,0.4,0,0.0,0.0,0.0,0,0.0
EC_N-640_004,N-640_EC004,N-640 existing cluster 4,100.0,2,0.4,0,0.0,0.0,0.0,0,0.0
EC_N-640_005,N-640_EC005,N-640 existing cluster 5,175.0,5,0.4,0,0.0,0.0,0.0,0,0.0
EC_N-640_006,N-640_EC006,N-640 existing cluster 6,22.0,2,0.4,0,0.0,0.0,0.0,0,0.0
EC_N-640_007,N-640_EC007,N-640 existing cluster 7,50.0,2,0.4,0,0.0,0.0,0.0,0,0.0
EC_N-640_008,N-640_EC008,N-640 existing cluster 8,150.0,5,0.4,0,0.0,0.0,0.0,0,0.0
EC_N-640_009,N-640_EC009,N-640 existing cluster 9,22.17,2,0.4,0,0.0,0.0,0.0,0,0.0
EC_N-640_010,N-640_EC010,N-640 existing cluster 10,180.0,4,0.4,0,0.0,0.0,0.0,0,0.0
EC_N-640_011,N-640_EC011,N-640 existing cluster 11,22.0,6,0.4,0,0.0,0.0,0.0,0,0.0
EC_N-640_012,N-640_EC012,N-640 existing cluster 12,22.0,2,0.4,0,0.0,0.0,0.0,0,0.0
EC_N-640_013,N-640_EC013,N-640 existing cluster 13,26.0,7,0.4,0,0.0,0.0,0.0,0,0.0
EC_N-640_014,N-640_EC014,N-640 existing cluster 14,22.0,2,0.4,0,0.0,0.0,0.0,0,0.0
EC_N-640_015,N-640_EC015,N-640 existing cluster 15,22.0,6,0.4,0,0.0,0.0,0.0,0,0.0
EC_N-641_000,N-641_EC000,N-641 existing cluster 0,50.0,14,0.4,0,0.0,0.0,0.0,0,0.0
EC_N-641_001,N-641_EC001,N-641 existing cluster 1,120.0,7,0.4,0,0.0,0.0,0.0,0,0.0
EC_N-641_002,N-641_EC002,N-641 existing cluster 2,100.0,16,0.4,0,0.0,0.0,0.0,0,0.0
EC_N-641_003,N-641_EC003,N-641 existing cluster 3,22.0,3,0.4,0,0.0,0.0,0.0,0,0.0
EC_N-641_004,N-641_EC004,N-641 existing cluster 4,150.0,5,0.4,0,0.0,0.0,0.0,0,0.0
EC_N-641_005,N-641_EC005,N-641 existing cluster 5,22.0,4,0.4,0,0.0,0.0,0.0,0,0.0
EC_N-641_006,N-641_EC006,N-641 existing cluster 6,60.0,6,0.4,0,0.0,0.0,0.0,0,0.0
EC_N-641_007,N-641_EC007,N-641 existing cluster 7,50.0,4,0.4,0,0.0,0.0,0.0,0,0.0
EC_N-641_008,N-641_EC008,N-641 existing cluster 8,22.0,7,0.4,0,0.0,0.0,0.0,0,0.0
EC_N-641_009,N-641_EC009,N-641 existing cluster 9,22.0,10,0.4,0,0.0,0.0,0.0,0,0.0
EC_N-641_010,N-641_EC010,N-641 existing cluster 10,22.0,5,0.4,0,0.0,0.0,0.0,0,0.0
EC_N-641_011,N-641_EC011,N-641 existing cluster 11,7.4,4,0.4,0,0.0,0.0,0.0,0,0.0
EC_N-641_012,N-641_EC012,N-641 existing cluster 12,22.0,4,0.4,0,0.0,0.0,0.0,0,0.0
EC_N-641_013,N-641_EC013,N-641 existing cluster 13,7.4,3,0.4,0,0.0,0.0,0.0,0,0.0
EC_N-641_014,N-641_EC014,N-641 existing cluster 14,50.0,5,0.4,0,0.0,0.0,0.0,0,0.0
EC_N-641_015,N-641_EC015,N-641 existing cluster 15,50.0,22,0.4,0,0.0,0.0,0.0,0,0.0
