station_id,node_id,name,max_power_kw,num_connectors,price_per_kwh,total_sessions,total_energy_kwh,total_wait_min,total_charge_min,peak_queue,utilization_rate
EC_AP-2_000,AP-2_EC000,AP-2 existing cluster 0,15.0,3,0.4,17,588.8467545853908,254.5857291511437,2469.420494205637,2,0.28581255719972654
EC_AP-2_001,AP-2_EC001,AP-2 existing cluster 1,22.0,2,0.4,26,911.07416504189,2269.653174681727,2607.7734990554454,7,0.4527384546971259
EC_AP-2_002,AP-2_EC002,AP-2 existing cluster 2,60.0,2,0.4,57,1671.2652270442204,1198.235957729936,1776.706531226799,6,0.3084559950046526
EC_AP-2_003,AP-2_EC003,AP-2 existing cluster 3,60.0,2,0.4,56,1951.1229439971833,3026.7705723844565,2056.1206792411563,15,0.35696539570158964
EC_AP-2_004,AP-2_EC004,AP-2 existing cluster 4,22.0,2,0.4,27,1179.9692911598395,5551.7796036889895,3374.0770346908866,11,0.5857772629671678
EC_AP-2_005,AP-2_EC005,AP-2 existing cluster 5,22.0,2,0.4,17,591.1455080175022,373.641853273734,1696.5216839003217,2,0.2945350145660281
EC_AP-2_006,AP-2_EC006,AP-2 existing cluster 6,22.0,2,0.4,13,502.9036659202934,388.9120702583409,1434.5001765934203,2,0.2490451695474688
EC_AP-2_007,AP-2_EC007,AP-2 existing cluster 7,22.0,2,0.4,36,1717.494315392416,30811.986006220766,4909.35803576441,131,0.8523191034313211
EC_AP-2_008,AP-2_EC008,AP-2 existing cluster 8,50.0,3,0.4,57,2527.6113786112483,4354.012667549629,3172.3379820999808,15,0.3671687479282385
EC_AP-2_009,AP-2_EC009,AP-2 existing cluster 9,50.0,3,0.4,83,2526.106541807184,4675.032224703537,3205.489880364577,10,0.37100577319034456
STA_0003,STA_0003,Proposed AP-2 (STA_0003),150.0,4,0.4,617,18981.358118579257,375746.3948884258,8833.544447867658,457,0.7668007333218453
EC_A-2_000,A-2_EC000,A-2 existing cluster 0,350.0,37,0.4,1,38.351158333519166,0.0,17.04495925934185,0,0.00015995644950583568
EC_A-2_001,A-2_EC001,A-2 existing cluster 1,150.0,46,0.4,3,113.75784930864089,0.0,47.221082962131284,0,0.00035643933395328566
EC_A-2_002,A-2_EC002,A-2 existing cluster 2,50.0,27,0.4,0,0.0,0.0,0.0,0,0.0
EC_A-2_003,A-2_EC003,A-2 existing cluster 3,150.0,34,0.4,2,90.6178486713382,0.0,41.51273894436737,0,0.00042394545490571255
EC_A-2_004,A-2_EC004,A-2 existing cluster 4,50.0,67,0.4,1,51.11278890990086,0.0,64.59149287128302,0,0.00033474032375250325
EC_A-2_005,A-2_EC005,A-2 existing cluster 5,150.0,22,0.4,2,89.60910098148622,0.0,38.639266909446754,0,0.0006098369146061672
EC_A-2_006,A-2_EC006,A-2 existing cluster 6,150.0,24,0.4,2,104.43775362401507,0.0,48.89305845821859,0,0.0007073648503793198
EC_A-2_007,A-2_EC007,A-2 existing cluster 7,50.0,22,0.4,1,41.36186679318417,0.0,49.63531002353723,0,0.0007833855748664336
EC_A-2_008,A-2_EC008,A-2 existing cluster 8,150.0,35,0.4,1,31.63907878971706,0.0,13.559605195593027,0,0.0001345198928134229
EC_A-2_009,A-2_EC009,A-2 existing cluster 9,150.0,64,0.4,1,38.309638664211434,0.0,15.323855465684575,0,8.313723668448663e-05
EC_A-2_010,A-2_EC010,A-2 existing cluster 10,172.0,37,0.4,0,0.0,0.0,0.0,0,0.0
EC_A-2_011,A-2_EC011,A-2 existing cluster 11,150.0,17,0.4,22,898.6618479977806,0.0,412.32810039264945,0,0.008421734076647251
EC_A-2_012,A-2_EC012,A-2 existing cluster 12,150.0,17,0.4,9,320.8192038502989,0.0,151.8124572265543,0,0.0031007446328953085
EC_A-2_013,A-2_EC013,A-2 existing cluster 13,300.0,21,0.4,10,400.767665198727,0.0,160.1091001675521,0,0.0026473065503894197
EC_A-2_014,A-2_EC014,A-2 existing cluster 14,150.0,40,0.4,5,188.4338850900588,0.0,81.4108885621985,0,0.0007066917409913064
EC_A-2_015,A-2_EC015,A-2 existing cluster 15,200.0,32,0.4,2,102.02209337216632,0.0,32.23470110135089,0,0.0003497688921587554
EC_A-2_016,A-2_EC016,A-2 existing cluster 16,320.0,49,0.4,3,149.477423255718,0.0,71.43038036929904,0,0.0005061676613470738
EC_A-2_017,A-2_EC017,A-2 existing cluster 17,120.0,34,0.4,4,146.73115325056696,0.0,76.17772863588888,0,0.000777958830023375
EC_A-2_018,A-2_EC018,A-2 existing cluster 18,360.0,34,0.4,0,0.0,0.0,0.0,0,0.0
EC_A-2_019,A-2_EC019,A-2 existing cluster 19,50.0,31,0.4,2,71.6087842232154,0.0,87.70731526140686,0,0.0009823848035551844
EC_A-2_020,A-2_EC020,A-2 existing cluster 20,150.0,45,0.4,0,0.0,0.0,0.0,0,0.0
EC_A-2_021,A-2_EC021,A-2 existing cluster 21,300.0,36,0.4,246,6733.994322254045,0.0,2893.0132453619867,0,0.02790329133258089
EC_A-2_022,A-2_EC022,A-2 existing cluster 22,350.0,71,0.4,534,18411.434429880275,0.0,7782.852929033811,0,0.038061682947152835
EC_A-2_023,A-2_EC023,A-2 existing cluster 23,300.0,34,0.4,138,6112.898375682756,0.0,2096.415323766729,0,0.021409470218205977
EC_A-2_024,A-2_EC024,A-2 existing cluster 24,300.0,22,0.4,45,1726.4191527573496,0.0,572.0603676686782,0,0.00902873055032636
EC_A-2_025,A-2_EC025,A-2 existing cluster 25,300.0,43,0.4,11,415.5354965264634,0.0,154.93116719713663,0,0.0012510591666435452
EC_A-2_026,A-2_EC026,A-2 existing cluster 26,150.0,37,0.4,619,11864.75529530563,0.0,5806.755563660047,0,0.05449282623554849
EC_A-2_027,A-2_EC027,A-2 existing cluster 27,250.0,37,0.4,754,14872.400229404508,0.0,5824.679419519514,0,0.05466103058858403
EC_A-2_028,A-2_EC028,A-2 existing cluster 28,350.0,28,0.4,242,7617.7871226595635,0.0,3045.218301573083,0,0.037763123779428115
EC_A-2_029,A-2_EC029,A-2 existing cluster 29,300.0,25,0.4,340,6205.269114841214,0.0,2614.9463922908444,0,0.036318699892928394
EC_A-2_030,A-2_EC030,A-2 existing cluster 30,150.0,40,0.4,0,0.0,0.0,0.0,0,0.0
EC_A-2_031,A-2_EC031,A-2 existing cluster 31,350.0,32,0.4,6,178.12387317047353,0.0,81.46360554673583,0,0.0008839366921303801
EC_A-2_032,A-2_EC032,A-2 existing cluster 32,240.0,33,0.4,124,3981.770973597949,0.0,1552.4115399305376,0,0.01633429650600313
EC_A-2_033,A-2_EC033,A-2 existing cluster 33,150.0,27,0.4,16,482.830573108834,0.0,226.1927768952763,0,0.0029088577275627097
EC_A-2_034,A-2_EC034,A-2 existing cluster 34,60.0,31,0.4,10,350.7855163086645,0.0,350.7855163086645,0,0.003929049241808518
EC_A-2_035,A-2_EC035,A-2 existing cluster 35,350.0,31,0.4,0,0.0,0.0,0.0,0,0.0
EC_A-2_036,A-2_EC036,A-2 existing cluster 36,60.0,31,0.4,10,325.00221532029815,0.0,325.00221532029815,0,0.003640257788085777
EC_A-2_037,A-2_EC037,A-2 existing cluster 37,80.0,32,0.4,13,379.9253091900273,0.0,284.94398189252036,0,0.003091840081299049
EC_A-2_038,A-2_EC038,A-2 existing cluster 38,50.0,51,0.4,138,4120.6740001400785,0.0,4944.808800168095,0,0.0336656372560464
EC_A-2_039,A-2_EC039,A-2 existing cluster 39,320.0,29,0.4,3,100.1247999257111,0.0,33.51453671836404,0,0.0004012755833137457
EC_A-2_040,A-2_EC040,A-2 existing cluster 40,300.0,49,0.4,0,0.0,0.0,0.0,0,0.0
EC_AP-7_000,AP-7_EC000,AP-7 existing cluster 0,150.0,27,0.4,0,0.0,0.0,0.0,0,0.0
EC_AP-7_001,AP-7_EC001,AP-7 existing cluster 1,250.0,43,0.4,0,0.0,0.0,0.0,0,0.0
EC_AP-7_002,AP-7_EC002,AP-7 existing cluster 2,60.0,32,0.4,0,0.0,0.0,0.0,0,0.0
EC_AP-7_003,AP-7_EC003,AP-7 existing cluster 3,250.0,28,0.4,0,0.0,0.0,0.0,0,0.0
EC_AP-7_004,AP-7_EC004,AP-7 existing cluster 4,320.0,28,0.4,0,0.0,0.0,0.0,0,0.0
EC_AP-7_005,AP-7_EC005,AP-7 existing cluster 5,100.0,35,0.4,0,0.0,0.0,0.0,0,0.0
EC_AP-7_006,AP-7_EC006,AP-7 existing cluster 6,150.0,25,0.4,0,0.0,0.0,0.0,0,0.0
EC_AP-7_007,AP-7_EC007,AP-7 existing cluster 7,320.0,23,0.4,0,0.0,0.0,0.0,0,0.0
EC_AP-7_008,AP-7_EC008,AP-7 existing cluster 8,100.0,35,0.4,0,0.0,0.0,0.0,0,0.0
EC_AP-7_009,AP-7_EC009,AP-7 existing cluster 9,180.0,38,0.4,0,0.0,0.0,0.0,0,0.0
EC_AP-7_010,AP-7_EC010,AP-7 existing cluster 10,50.0,28,0.4,0,0.0,0.0,0.0,0,0.0
EC_AP-7_011,AP-7_EC011,AP-7 existing cluster 11,250.0,37,0.4,0,0.0,0.0,0.0,0,0.0
EC_AP-7_012,AP-7_EC012,AP-7 existing cluster 12,150.0,47,0.4,0,0.0,0.0,0.0,0,0.0
EC_AP-7_013,AP-7_EC013,AP-7 existing cluster 13,50.0,33,0.4,0,0.0,0.0,0.0,0,0.0
EC_AP-7_014,AP-7_EC014,AP-7 existing cluster 14,60.0,56,0.4,0,0.0,0.0,0.0,0,0.0
EC_AP-7_015,AP-7_EC015,AP-7 existing cluster 15,200.0,40,0.4,0,0.0,0.0,0.0,0,0.0
EC_AP-7_016,AP-7_EC016,AP-7 existing cluster 16,200.0,35,0.4,0,0.0,0.0,0.0,0,0.0
EC_AP-7_017,AP-7_EC017,AP-7 existing cluster 17,150.0,57,0.4,0,0.0,0.0,0.0,0,0.0
EC_AP-7_018,AP-7_EC018,AP-7 existing cluster 18,240.0,51,0.4,0,0.0,0.0,0.0,0,0.0
EC_AP-7_019,AP-7_EC019,AP-7 existing cluster 19,150.0,20,0.4,0,0.0,0.0,0.0,0,0.0
EC_AP-7_020,AP-7_EC020,AP-7 existing cluster 20,150.0,85,0.4,0,0.0,0.0,0.0,0,0.0
EC_AP-7_021,AP-7_EC021,AP-7 existing cluster 21,50.0,26,0.4,0,0.0,0.0,0.0,0,0.0
EC_AP-7_022,AP-7_EC022,AP-7 existing cluster 22,55.0,32,0.4,0,0.0,0.0,0.0,0,0.0
EC_AP-7_023,AP-7_EC023,AP-7 existing cluster 23,150.0,30,0.4,218,7010.878978373863,0.0,2923.517812926392,0,0.03383701172368509
EC_AP-7_024,AP-7_EC024,AP-7 existing cluster 24,150.0,47,0.4,141,2735.4288335282913,0.0,1252.8370847848735,0,0.009255593120455626
EC_AP-7_025,AP-7_EC025,AP-7 existing cluster 25,250.0,42,0.4,312,4964.7845876127185,0.0,1837.4150418405643,0,0.015190269856486147
EC_AP-7_026,AP-7_EC026,AP-7 existing cluster 26,150.0,32,0.4,216,4682.807733403174,0.0,2184.1132719186844,0,0.023699145745645446
EC_AP-7_027,AP-7_EC027,AP-7 existing cluster 27,250.0,37,0.4,38,1311.5919381235647,0.0,623.4938925366284,0,0.0058511063488797714
EC_AP-7_028,AP-7_EC028,AP-7 existing cluster 28,350.0,23,0.4,198,7365.135342563407,0.0,2934.162356671878,0,0.0442959292975827
EC_AP-7_029,AP-7_EC029,AP-7 existing cluster 29,60.0,24,0.4,15,559.6207056085883,0.0,580.9172977018171,0,0.008404474793139716
EC_AP-7_030,AP-7_EC030,AP-7 existing cluster 30,50.0,27,0.4,7,334.6027022403329,0.0,423.82061129473897,0,0.005450367943605182
EC_AP-7_031,AP-7_EC031,AP-7 existing cluster 31,350.0,30,0.4,19,640.3257740912281,0.0,315.6425399739613,0,0.003653270138587515
EC_AP-7_032,AP-7_EC032,AP-7 existing cluster 32,100.0,32,0.4,100,3473.941874025543,0.0,2087.1254555695423,0,0.022646760585607013
EC_AP-7_033,AP-7_EC033,AP-7 existing cluster 33,350.0,30,0.4,3,111.25696087884812,0.0,43.25672330634623,0,0.0005006565197493777
EC_AP-7_034,AP-7_EC034,AP-7 existing cluster 34,250.0,42,0.4,0,0.0,0.0,0.0,0,0.0
EC_AP-7_035,AP-7_EC035,AP-7 existing cluster 35,150.0,26,0.4,138,3409.999613017437,0.0,1603.9642351640741,0,0.021420462542255263
EC_AP-7_036,AP-7_EC036,AP-7 existing cluster 36,60.0,30,0.4,3,128.5806701319657,0.0,131.24368383059584,0,0.001519024118409674
EC_A-7_000,A-7_EC000,A-7 existing cluster 0,30.0,27,0.4,0,0.0,0.0,0.0,0,0.0
EC_A-7_001,A-7_EC001,A-7 existing cluster 1,250.0,29,0.4,0,0.0,0.0,0.0,0,0.0
EC_A-7_002,A-7_EC002,A-7 existing cluster 2,175.0,28,0.4,0,0.0,0.0,0.0,0,0.0
EC_A-7_003,A-7_EC003,A-7 existing cluster 3,250.0,30,0.4,0,0.0,0.0,0.0,0,0.0
EC_A-7_004,A-7_EC004,A-7 existing cluster 4,320.0,29,0.4,0,0.0,0.0,0.0,0,0.0
EC_A-7_005,A-7_EC005,A-7 existing cluster 5,150.0,32,0.4,0,0.0,0.0,0.0,0,0.0
EC_A-7_006,A-7_EC006,A-7 existing cluster 6,350.0,38,0.4,0,0.0,0.0,0.0,0,0.0
EC_A-7_007,A-7_EC007,A-7 existing cluster 7,50.0,37,0.4,404,10655.32872892164,0.0,12842.392212811143,0,0.1205179449400445
EC_A-7_008,A-7_EC008,A-7 existing cluster 8,120.0,22,0.4,336,10290.501116362964,0.0,5145.854615322626,0,0.0812161397620364
EC_A-7_009,A-7_EC009,A-7 existing cluster 9,250.0,49,0.4,361,8629.48122560506,0.0,3165.7325043689757,0,0.022432911737308502
EC_A-7_010,A-7_EC010,A-7 existing cluster 10,120.0,31,0.4,7,214.54834706492147,0.0,107.27417353246074,0,0.0012015476426126875
EC_A-7_011,A-7_EC011,A-7 existing cluster 11,150.0,35,0.4,14,508.64046631539236,0.0,222.26180385786822,0,0.002204978212875677
EC_A-7_012,A-7_EC012,A-7 existing cluster 12,150.0,36,0.4,23,695.253429599229,0.0,317.4645193576499,0,0.0030619648857798023
EC_A-7_013,A-7_EC013,A-7 existing cluster 13,150.0,29,0.4,7,143.2017859273512,0.0,66.31736754967719,0,0.0007940297838802345
EC_A-7_014,A-7_EC014,A-7 existing cluster 14,150.0,25,0.4,7,155.23777060134503,0.0,68.04844220180026,0,0.0009451172528027813
EC_A-7_015,A-7_EC015,A-7 existing cluster 15,120.0,29,0.4,37,749.2164941391862,0.0,374.6082470695931,0,0.004485252000354324
EC_A-7_016,A-7_EC016,A-7 existing cluster 16,150.0,36,0.4,281,10296.98247327457,0.0,4635.490770711723,0,0.04470959462492016
EC_A-7_017,A-7_EC017,A-7 existing cluster 17,150.0,33,0.4,356,13516.998751146482,0.0,5759.482780399603,0,0.060600618480635554
EC_A-7_018,A-7_EC018,A-7 existing cluster 18,360.0,57,0.4,259,7383.748689379462,0.0,2776.71384223144,0,0.016914679838154485
EC_A-7_019,A-7_EC019,A-7 existing cluster 19,50.0,44,0.4,0,0.0,0.0,0.0,0,0.0
EC_A-7_020,A-7_EC020,A-7 existing cluster 20,1000.0,30,0.4,0,0.0,0.0,0.0,0,0.0
EC_A-7_021,A-7_EC021,A-7 existing cluster 21,250.0,33,0.4,0,0.0,0.0,0.0,0,0.0
EC_A-7_022,A-7_EC022,A-7 existing cluster 22,350.0,21,0.4,0,0.0,0.0,0.0,0,0.0
EC_A-7_023,A-7_EC023,A-7 existing cluster 23,350.0,56,0.4,23,916.2870436670418,0.0,288.85692729264485,0,0.0017910275749791968
EC_A-7_024,A-7_EC024,A-7 existing cluster 24,120.0,68,0.4,43,1724.7034723456625,0.0,862.3517361728312,0,0.004403348326045911
EC_A-7_025,A-7_EC025,A-7 existing cluster 25,250.0,40,0.4,180,3820.094524903266,0.0,1590.5649868814742,0,0.01380698773334613
EC_A-7_026,A-7_EC026,A-7 existing cluster 26,230.0,36,0.4,0,0.0,0.0,0.0,0,0.0
EC_A-7_027,A-7_EC027,A-7 existing cluster 27,150.0,23,0.4,0,0.0,0.0,0.0,0,0.0
EC_A-7_028,A-7_EC028,A-7 existing cluster 28,60.0,32,0.4,0,0.0,0.0,0.0,0,0.0
EC_A-7_029,A-7_EC029,A-7 existing cluster 29,150.0,26,0.4,0,0.0,0.0,0.0,0,0.0
EC_A-7_030,A-7_EC030,A-7 existing cluster 30,60.0,23,0.4,0,0.0,0.0,0.0,0,0.0
EC_A-7_031,A-7_EC031,A-7 existing cluster 31,250.0,34,0.4,0,0.0,0.0,0.0,0,0.0
EC_A-7_032,A-7_EC032,A-7 existing cluster 32,150.0,32,0.4,0,0.0,0.0,0.0,0,0.0
EC_A-7_033,A-7_EC033,A-7 existing cluster 33,60.0,27,0.4,0,0.0,0.0,0.0,0,0.0
EC_A-7_034,A-7_EC034,A-7 existing cluster 34,250.0,37,0.4,0,0.0,0.0,0.0,0,0.0
EC_A-7_035,A-7_EC035,A-7 existing cluster 35,98.0,27,0.4,0,0.0,0.0,0.0,0,0.0
EC_A-7_036,A-7_EC036,A-7 existing cluster 36,150.0,25,0.4,0,0.0,0.0,0.0,0,0.0
EC_A-7_037,A-7_EC037,A-7 existing cluster 37,100.0,39,0.4,0,0.0,0.0,0.0,0,0.0
EC_A-7_038,A-7_EC038,A-7 existing cluster 38,100.0,28,0.4,0,0.0,0.0,0.0,0,0.0
EC_A-7_039,A-7_EC039,A-7 existing cluster 39,100.0,29,0.4,0,0.0,0.0,0.0,0,0.0
EC_A-7_040,A-7_EC040,A-7 existing cluster 40,100.0,32,0.4,0,0.0,0.0,0.0,0,0.0
EC_A-7S_000,A-7S_EC000,A-7S existing cluster 0,30.0,27,0.4,131,3218.6956150198293,0.0,6437.391895288887,0,0.08278538959990853
EC_A-7S_001,A-7S_EC001,A-7S existing cluster 1,250.0,29,0.4,0,0.0,0.0,0.0,0,0.0
EC_A-7S_002,A-7S_EC002,A-7S existing cluster 2,175.0,28,0.4,0,0.0,0.0,0.0,0,0.0
EC_A-7S_003,A-7S_EC003,A-7S existing cluster 3,250.0,30,0.4,0,0.0,0.0,0.0,0,0.0
EC_A-7S_004,A-7S_EC004,A-7S existing cluster 4,320.0,29,0.4,0,0.0,0.0,0.0,0,0.0
EC_A-7S_005,A-7S_EC005,A-7S existing cluster 5,150.0,32,0.4,1,25.223098592848963,0.0,10.80989939693527,0,0.00011729491533132889
EC_A-7S_006,A-7S_EC006,A-7S existing cluster 6,350.0,38,0.4,1,25.17272923045829,0.0,10.788312527339267,0,9.857741709922575e-05
EC_A-7S_007,A-7S_EC007,A-7S existing cluster 7,50.0,37,0.4,0,0.0,0.0,0.0,0,0.0
EC_A-7S_008,A-7S_EC008,A-7S existing cluster 8,120.0,22,0.4,0,0.0,0.0,0.0,0,0.0
EC_A-7S_009,A-7S_EC009,A-7S existing cluster 9,250.0,49,0.4,0,0.0,0.0,0.0,0,0.0
EC_A-7S_010,A-7S_EC010,A-7S existing cluster 10,120.0,31,0.4,0,0.0,0.0,0.0,0,0.0
EC_A-7S_011,A-7S_EC011,A-7S existing cluster 11,150.0,35,0.4,0,0.0,0.0,0.0,0,0.0
EC_A-7S_012,A-7S_EC012,A-7S existing cluster 12,150.0,36,0.4,0,0.0,0.0,0.0,0,0.0
EC_A-7S_013,A-7S_EC013,A-7S existing cluster 13,150.0,29,0.4,0,0.0,0.0,0.0,0,0.0
EC_A-7S_014,A-7S_EC014,A-7S existing cluster 14,150.0,25,0.4,0,0.0,0.0,0.0,0,0.0
EC_A-7S_015,A-7S_EC015,A-7S existing cluster 15,120.0,29,0.4,0,0.0,0.0,0.0,0,0.0
EC_A-7S_016,A-7S_EC016,A-7S existing cluster 16,150.0,36,0.4,206,5294.248819281247,0.0,2363.220922405312,0,0.022793411674433953
EC_A-7S_017,A-7S_EC017,A-7S existing cluster 17,150.0,33,0.4,54,1620.9485999824487,0.0,745.6515172308654,0,0.007845659903523415
EC_A-7S_018,A-7S_EC018,A-7S existing cluster 18,360.0,57,0.4,61,1261.4795290875163,0.0,613.5803029896147,0,0.0037376967774708494
EC_A-7S_019,A-7S_EC019,A-7S existing cluster 19,50.0,44,0.4,248,8671.443841460157,0.0,10405.732609752175,0,0.08211594546837259
EC_A-7S_020,A-7S_EC020,A-7S existing cluster 20,1000.0,30,0.4,30,1062.8351023993516,0.0,366.55528426341175,0,0.004242538012308007
EC_A-7S_021,A-7S_EC021,A-7S existing cluster 21,250.0,33,0.4,13,443.9435995761852,0.0,186.5492542678481,0,0.001962849897599412
EC_A-7S_022,A-7S_EC022,A-7S existing cluster 22,350.0,21,0.4,7,220.69937634818933,0.0,100.0709693936273,0,0.0016546125891803455
EC_A-7S_023,A-7S_EC023,A-7S existing cluster 23,350.0,56,0.4,0,0.0,0.0,0.0,0,0.0
EC_A-7S_024,A-7S_EC024,A-7S existing cluster 24,120.0,68,0.4,0,0.0,0.0,0.0,0,0.0
EC_A-7S_025,A-7S_EC025,A-7S existing cluster 25,250.0,40,0.4,0,0.0,0.0,0.0,0,0.0
EC_A-7S_026,A-7S_EC026,A-7S existing cluster 26,230.0,36,0.4,220,6240.555463879099,0.0,2498.8923395886413,0,0.024101970867946
EC_A-7S_027,A-7S_EC027,A-7S existing cluster 27,150.0,23,0.4,102,2605.6274647666187,0.0,1235.8937302800464,0,0.018657815976449974
EC_A-7S_028,A-7S_EC028,A-7S existing cluster 28,60.0,32,0.4,19,495.4302948078106,0.0,495.43062743242467,0,0.005375766356688636
EC_A-7S_029,A-7S_EC029,A-7S existing cluster 29,150.0,26,0.4,22,813.2379281033966,0.0,357.5500829908549,0,0.004774974398916331
EC_A-7S_030,A-7S_EC030,A-7S existing cluster 30,60.0,23,0.4,44,1431.5098376402216,0.0,1435.6788535670105,0,0.021673895736216947
EC_A-7S_031,A-7S_EC031,A-7S existing cluster 31,250.0,34,0.4,111,3374.3977319134906,0.0,1259.4134693474218,0,0.012861657162453246
EC_A-7S_032,A-7S_EC032,A-7S existing cluster 32,150.0,32,0.4,2,66.69894581187319,0.0,36.748528057438946,0,0.00039874704923436357
EC_A-7S_033,A-7S_EC033,A-7S existing cluster 33,60.0,27,0.4,1,31.181652696269452,0.0,31.181652696269456,0,0.00040099862006519365
EC_A-7S_034,A-7S_EC034,A-7S existing cluster 34,250.0,37,0.4,73,2461.5332945394653,0.0,989.7776338590688,0,0.00928845377119997
EC_A-7S_035,A-7S_EC035,A-7S existing cluster 35,98.0,27,0.4,5,185.3633339507135,0.0,113.98824801409266,0,0.0014658982512100393
EC_A-7S_036,A-7S_EC036,A-7S existing cluster 36,150.0,25,0.4,0,0.0,0.0,0.0,0,0.0
EC_A-7S_037,A-7S_EC037,A-7S existing cluster 37,100.0,39,0.4,0,0.0,0.0,0.0,0,0.0
EC_A-7S_038,A-7S_EC038,A-7S existing cluster 38,100.0,28,0.4,0,0.0,0.0,0.0,0,0.0
EC_A-7S_039,A-7S_EC039,A-7S existing cluster 39,100.0,29,0.4,0,0.0,0.0,0.0,0,0.0
EC_A-7S_040,A-7S_EC040,A-7S existing cluster 40,100.0,32,0.4,1,52.22459455636033,0.0,33.006245105909215,0,0.00035814068040266076
EC_A-3_000,A-3_EC000,A-3 existing cluster 0,22.0,37,0.4,340,7461.659595133657,197.61476095938542,20368.741371956985,7,0.1911480984605573
EC_A-3_001,A-3_EC001,A-3 existing cluster 1,100.0,37,0.4,0,0.0,0.0,0.0,0,0.0
EC_A-3_002,A-3_EC002,A-3 existing cluster 2,150.0,19,0.4,0,0.0,0.0,0.0,0,0.0
EC_A-3_003,A-3_EC003,A-3 existing cluster 3,120.0,36,0.4,3,99.64447851268588,0.0,51.137147049554,0,0.0004932209399069637
EC_A-3_004,A-3_EC004,A-3 existing cluster 4,100.0,44,0.4,1,43.7649912524962,0.0,27.39125281601385,0,0.00021615571982334163
EC_A-3_005,A-3_EC005,A-3 existing cluster 5,150.0,29,0.4,0,0.0,0.0,0.0,0,0.0
EC_A-3_006,A-3_EC006,A-3 existing cluster 6,60.0,41,0.4,1,50.49008845352899,0.0,53.20354360303065,0,0.0004505720156083219
EC_A-3_007,A-3_EC007,A-3 existing cluster 7,60.0,68,0.4,3,71.10065078178107,0.0,71.10065078178107,0,0.00036305479361612065
EC_A-3_008,A-3_EC008,A-3 existing cluster 8,60.0,27,0.4,0,0.0,0.0,0.0,0,0.0
EC_A-3_009,A-3_EC009,A-3 existing cluster 9,150.0,31,0.4,84,2610.8368604512766,0.0,1243.4161500890448,0,0.013927152218739301
EC_A-3_010,A-3_EC010,A-3 existing cluster 10,350.0,35,0.4,364,12255.400367238553,0.0,4333.5513324817675,0,0.042991580679382614
EC_A-3_011,A-3_EC011,A-3 existing cluster 11,350.0,54,0.4,644,15148.597153664266,0.0,6232.880729165369,0,0.040077679585682674
EC_A-3_012,A-3_EC012,A-3 existing cluster 12,300.0,41,0.4,663,18745.807726168263,0.0,6417.972586511597,0,0.054352748869508784
EC_A-3_013,A-3_EC013,A-3 existing cluster 13,320.0,27,0.4,37,1508.1751872072389,0.0,573.1862719274159,0,0.007371222632811418
EC_A-3_014,A-3_EC014,A-3 existing cluster 14,320.0,41,0.4,2,90.55671734725782,0.0,35.7562450741093,0,0.00030281372860864925
EC_A-3_015,A-3_EC015,A-3 existing cluster 15,120.0,37,0.4,0,0.0,0.0,0.0,0,0.0
EC_A-3_016,A-3_EC016,A-3 existing cluster 16,150.0,40,0.4,216,4596.7965403294365,0.0,1963.0870526283861,0,0.01704068622073252
EC_A-3_017,A-3_EC017,A-3 existing cluster 17,120.0,24,0.4,0,0.0,0.0,0.0,0,0.0
EC_AP-4_000,AP-4_EC000,AP-4 existing cluster 0,50.0,4,0.4,0,0.0,0.0,0.0,0,0.0
EC_AP-4_001,AP-4_EC001,AP-4 existing cluster 1,150.0,2,0.4,0,0.0,0.0,0.0,0,0.0
EC_AP-4_002,AP-4_EC002,AP-4 existing cluster 2,50.0,3,0.4,0,0.0,0.0,0.0,0,0.0
EC_AP-4_003,AP-4_EC003,AP-4 existing cluster 3,50.0,3,0.4,0,0.0,0.0,0.0,0,0.0
EC_AP-4_004,AP-4_EC004,AP-4 existing cluster 4,100.0,12,0.4,0,0.0,0.0,0.0,0,0.0
EC_AP-4_005,AP-4_EC005,AP-4 existing cluster 5,22.17,2,0.4,0,0.0,0.0,0.0,0,0.0
EC_AP-4_006,AP-4_EC006,AP-4 existing cluster 6,100.0,4,0.4,0,0.0,0.0,0.0,0,0.0
EC_AP-4_007,AP-4_EC007,AP-4 existing cluster 7,100.0,4,0.4,0,0.0,0.0,0.0,0,0.0
EC_AP-4_008,AP-4_EC008,AP-4 existing cluster 8,22.17,2,0.4,0,0.0,0.0,0.0,0,0.0
EC_A-4_000,A-4_EC000,A-4 existing cluster 0,100.0,49,0.4,0,0.0,0.0,0.0,0,0.0
EC_A-4_001,A-4_EC001,A-4 existing cluster 1,240.0,38,0.4,0,0.0,0.0,0.0,0,0.0
EC_A-4_002,A-4_EC002,A-4 existing cluster 2,180.0,48,0.4,0,0.0,0.0,0.0,0,0.0
EC_A-4_003,A-4_EC003,A-4 existing cluster 3,100.0,63,0.4,0,0.0,0.0,0.0,0,0.0
EC_A-4_004,A-4_EC004,A-4 existing cluster 4,150.0,41,0.4,0,0.0,0.0,0.0,0,0.0
EC_A-4_005,A-4_EC005,A-4 existing cluster 5,180.0,52,0.4,0,0.0,0.0,0.0,0,0.0
EC_A-4_006,A-4_EC006,A-4 existing cluster 6,150.0,33,0.4,0,0.0,0.0,0.0,0,0.0
EC_A-4_007,A-4_EC007,A-4 existing cluster 7,150.0,29,0.4,0,0.0,0.0,0.0,0,0.0
EC_A-4_008,A-4_EC008,A-4 existing cluster 8,150.0,50,0.4,0,0.0,0.0,0.0,0,0.0
EC_A-4_009,A-4_EC009,A-4 existing cluster 9,100.0,28,0.4,0,0.0,0.0,0.0,0,0.0
EC_A-4_010,A-4_EC010,A-4 existing cluster 10,250.0,42,0.4,4,79.85891638145715,0.0,41.98492375537125,0,0.0003470975839564422
EC_A-4_011,A-4_EC011,A-4 existing cluster 11,210.0,35,0.4,2,49.52103923632441,0.0,20.480664193507206,0,0.00020318119239590482
EC_A-4_012,A-4_EC012,A-4 existing cluster 12,100.0,29,0.4,4,71.30597224105281,0.0,42.78358334463168,0,0.0005122555477087127
EC_A-4_013,A-4_EC013,A-4 existing cluster 13,350.0,25,0.4,1,32.99515401571626,0.0,7.918836963771902,0,0.0001099838467190542
EC_A-4_014,A-4_EC014,A-4 existing cluster 14,350.0,25,0.4,1,22.252259499086925,0.0,11.126129749543463,0,0.0001545295798547703
EC_A-4_015,A-4_EC015,A-4 existing cluster 15,350.0,36,0.4,0,0.0,0.0,0.0,0,0.0
EC_A-4_016,A-4_EC016,A-4 existing cluster 16,350.0,49,0.4,4,116.2450520377825,0.0,55.036807732336385,0,0.0003900000547926331
EC_A-4_017,A-4_EC017,A-4 existing cluster 17,150.0,28,0.4,2,55.366250877860054,0.0,25.089878278009152,0,0.00031113440324912145
EC_A-4_018,A-4_EC018,A-4 existing cluster 18,350.0,36,0.4,0,0.0,0.0,0.0,0,0.0
EC_A-4_019,A-4_EC019,A-4 existing cluster 19,150.0,25,0.4,0,0.0,0.0,0.0,0,0.0
EC_A-4_020,A-4_EC020,A-4 existing cluster 20,150.0,26,0.4,0,0.0,0.0,0.0,0,0.0
EC_A-4_021,A-4_EC021,A-4 existing cluster 21,250.0,43,0.4,0,0.0,0.0,0.0,0,0.0
EC_A-4_022,A-4_EC022,A-4 existing cluster 22,150.0,20,0.4,1,37.817932248545276,0.0,15.12717289941811,0,0.0002626245295037866
EC_A-4_023,A-4_EC023,A-4 existing cluster 23,50.0,22,0.4,1,39.244175095742975,0.0,47.09301011489157,0,0.0007432608919648291
EC_A-4_024,A-4_EC024,A-4 existing cluster 24,100.0,23,0.4,63,2454.53908626391,0.0,1472.7234517583463,0,0.02223314389731803
EC_A-4_025,A-4_EC025,A-4 existing cluster 25,60.0,24,0.4,0,0.0,0.0,0.0,0,0.0
EC_A-4_026,A-4_EC026,A-4 existing cluster 26,360.0,36,0.4,0,0.0,0.0,0.0,0,0.0
EC_A-4_027,A-4_EC027,A-4 existing cluster 27,150.0,47,0.4,0,0.0,0.0,0.0,0,0.0
EC_A-4_028,A-4_EC028,A-4 existing cluster 28,150.0,30,0.4,0,0.0,0.0,0.0,0,0.0
EC_A-4_029,A-4_EC029,A-4 existing cluster 29,150.0,39,0.4,0,0.0,0.0,0.0,0,0.0
EC_A-1_000,A-1_EC000,A-1 existing cluster 0,350.0,43,0.4,9,290.1643218880559,0.0,125.35529985285264,0,0.0010122359484241977
EC_A-1_001,A-1_EC001,A-1 existing cluster 1,350.0,33,0.4,177,5247.341176213418,0.0,2012.2607513131827,0,0.02117277726550066
EC_A-1_002,A-1_EC002,A-1 existing cluster 2,50.0,55,0.4,7,208.13183478966704,0.0,249.75820174760042,0,0.001576756324164144
EC_A-1_003,A-1_EC003,A-1 existing cluster 3,150.0,38,0.4,5,179.691287345079,0.0,72.59565181193369,0,0.0006633374617318503
EC_A-1_004,A-1_EC004,A-1 existing cluster 4,150.0,20,0.4,14,424.2495259454045,0.0,187.00204095268208,0,0.003246563210984064
EC_A-1_005,A-1_EC005,A-1 existing cluster 5,250.0,52,0.4,5,138.84257636347127,0.0,61.79919112169739,0,0.0004126548552463768
EC_A-1_006,A-1_EC006,A-1 existing cluster 6,150.0,73,0.4,21,804.1497773225728,0.0,325.1409291892345,0,0.0015465226844997835
EC_A-1_007,A-1_EC007,A-1 existing cluster 7,150.0,78,0.4,1,25.224397079828403,0.0,10.81045589135503,0,4.8123468177328306e-05
EC_A-1_008,A-1_EC008,A-1 existing cluster 8,150.0,45,0.4,17,659.9622576735371,0.0,263.98490306941494,0,0.002036920548375115
EC_A-1_009,A-1_EC009,A-1 existing cluster 9,150.0,46,0.4,0,0.0,0.0,0.0,0,0.0
EC_A-1_010,A-1_EC010,A-1 existing cluster 10,400.0,36,0.4,147,4674.747781669949,0.0,1895.411689842027,0,0.018281362749247947
EC_A-1_011,A-1_EC011,A-1 existing cluster 11,350.0,36,0.4,599,12382.843108793813,0.0,4933.9573848909085,0,0.047588323542543484
EC_A-1_012,A-1_EC012,A-1 existing cluster 12,350.0,41,0.4,358,7083.869352191679,0.0,2921.6123466078056,0,0.024742651986854724
EC_A-1_013,A-1_EC013,A-1 existing cluster 13,560.0,49,0.4,0,0.0,0.0,0.0,0,0.0
EC_A-1_014,A-1_EC014,A-1 existing cluster 14,250.0,41,0.4,75,2293.0122986753754,0.0,939.4840029737517,0,0.007956334713531094
EC_A-1_015,A-1_EC015,A-1 existing cluster 15,400.0,40,0.4,18,502.69137729652755,0.0,191.48229730347822,0,0.0016621727196482485
EC_A-1_016,A-1_EC016,A-1 existing cluster 16,150.0,39,0.4,430,11683.063131797559,0.0,5183.69623949708,0,0.04615114173341417
EC_A-1_017,A-1_EC017,A-1 existing cluster 17,320.0,26,0.4,2,76.00580860699355,0.0,26.114875052876975,0,0.00034875634418906216
EC_A-1_018,A-1_EC018,A-1 existing cluster 18,150.0,30,0.4,5,174.20134768504226,0.0,73.11452392229657,0,0.0008462329157673214
EC_A-1_019,A-1_EC019,A-1 existing cluster 19,50.0,27,0.4,12,425.9528342849094,0.0,511.1434011418912,0,0.0065733462081004525
EC_AP-1_000,AP-1_EC000,AP-1 existing cluster 0,180.0,26,0.4,786,23106.362532155432,0.0,9079.524635272423,0,0.12125433540695009
EC_AP-1_001,AP-1_EC001,AP-1 existing cluster 1,44.0,4,0.4,66,1851.8713303932134,162.33635553335864,2531.16469565304,3,0.2197191576087708
EC_AP-1_002,AP-1_EC002,AP-1 existing cluster 2,44.0,4,0.4,31,1471.4112727835372,292.5458418626407,2006.469917432096,3,0.17417273588820278
EC_AP-1_003,AP-1_EC003,AP-1 existing cluster 3,350.0,4,0.4,44,1635.4200164758329,0.0,662.1207131414191,0,0.05747575634908152
EC_AP-1_004,AP-1_EC004,AP-1 existing cluster 4,350.0,5,0.4,166,6973.95215627757,207.55574453708914,2498.7542506014297,5,0.1735246007362104
EC_AP-1_005,AP-1_EC005,AP-1 existing cluster 5,50.0,5,0.4,37,1090.8496871433808,0.0,1318.485925503046,0,0.09156152260437819
EC_AP-1_006,AP-1_EC006,AP-1 existing cluster 6,11.09,6,0.4,2,75.97288170766787,0.0,411.034526822369,0,0.02378672030222043
EC_AP-1_007,AP-1_EC007,AP-1 existing cluster 7,22.0,12,0.4,0,0.0,0.0,0.0,0,0.0
EC_AP-1_008,AP-1_EC008,AP-1 existing cluster 8,100.0,24,0.4,5,185.1865546958357,0.0,111.11193281750144,0,0.0016075221761791296
EC_AP-1_009,AP-1_EC009,AP-1 existing cluster 9,50.0,6,0.4,3,111.95683978601167,0.0,134.348207743214,0,0.007774780540695255
EC_AP-1_010,AP-1_EC010,AP-1 existing cluster 10,120.0,16,0.4,0,0.0,0.0,0.0,0,0.0
EC_AP-1_011,AP-1_EC011,AP-1 existing cluster 11,60.0,3,0.4,146,5293.229602566613,53038.86791721603,5293.229602566613,62,0.6126423151118765
EC_AP-1_012,AP-1_EC012,AP-1 existing cluster 12,11.09,6,0.4,19,504.84657432481737,211.50790032262967,2731.3610874201127,5,0.15806487774421948
EC_AP-1_013,AP-1_EC013,AP-1 existing cluster 13,50.0,6,0.4,1,38.45279227228857,0.0,46.143350726746284,0,0.0026703327966867063
EC_AP-1_014,AP-1_EC014,AP-1 existing cluster 14,7.4,4,0.4,15,401.8283760757338,571.473708510013,3258.067914127571,7,0.2828183953235739
EC_AP-1_015,AP-1_EC015,AP-1 existing cluster 15,50.0,6,0.4,86,2226.83527121189,981.3104116120209,2672.2023254542673,9,0.15464133827860344
EC_A-6_000,A-6_EC000,A-6 existing cluster 0,180.0,25,0.4,160,5123.067810843621,0.0,1981.2281146774617,0,0.02751705714829808
EC_A-6_001,A-6_EC001,A-6 existing cluster 1,100.0,20,0.4,1,29.272440585112243,0.0,17.563464351067346,0,0.0003049212560949192
EC_A-6_002,A-6_EC002,A-6 existing cluster 2,180.0,45,0.4,17,521.736853594854,0.0,241.79225704675846,0,0.001865680995731161
EC_A-6_003,A-6_EC003,A-6 existing cluster 3,50.0,20,0.4,20,608.8412077707051,0.0,730.6094493248461,0,0.012684191828556356
EC_A-6_004,A-6_EC004,A-6 existing cluster 4,100.0,23,0.4,5,151.2305366502024,0.0,90.73832199012143,0,0.0013698418174837173
EC_A-6_005,A-6_EC005,A-6 existing cluster 5,50.0,28,0.4,2,62.532701701561564,0.0,75.03924204187388,0,0.0009305461562732376
EC_A-6_006,A-6_EC006,A-6 existing cluster 6,240.0,30,0.4,6,172.62691042427844,0.0,74.6358261578939,0,0.0008638405805311794
EC_A-6_007,A-6_EC007,A-6 existing cluster 7,60.0,18,0.4,1,39.53550902978222,0.0,39.53550902978222,0,0.0007626448501115397
EC_A-6_008,A-6_EC008,A-6 existing cluster 8,60.0,26,0.4,12,366.7552886150308,0.0,369.4183023136609,0,0.004933470917650386
EC_A-6_009,A-6_EC009,A-6 existing cluster 9,50.0,19,0.4,399,5715.9822933160385,0.0,6859.1787519792415,0,0.12535048888850953
EC_A-6_010,A-6_EC010,A-6 existing cluster 10,220.0,27,0.4,467,13638.364602816542,0.0,5285.08988996449,0,0.06796669097176555
EC_A-6_011,A-6_EC011,A-6 existing cluster 11,400.0,33,0.4,210,2711.866806290546,0.0,960.3530463497079,0,0.010104724814285648
EC_A-6_012,A-6_EC012,A-6 existing cluster 12,350.0,49,0.4,0,0.0,0.0,0.0,0,0.0
EC_A-6_013,A-6_EC013,A-6 existing cluster 13,350.0,40,0.4,0,0.0,0.0,0.0,0,0.0
EC_A-6_014,A-6_EC014,A-6 existing cluster 14,350.0,29,0.4,0,0.0,0.0,0.0,0,0.0
EC_A-6_015,A-6_EC015,A-6 existing cluster 15,180.0,33,0.4,0,0.0,0.0,0.0,0,0.0
EC_AP-68_000,AP-68_EC000,AP-68 existing cluster 0,50.0,8,0.4,5,239.39943071801227,0.0,295.59086988807746,0,0.012829464838892251
EC_AP-68_001,AP-68_EC001,AP-68 existing cluster 1,350.0,9,0.4,1,46.78548750511665,0.0,20.969320411446223,0,0.0008090015590835734
EC_AP-68_002,AP-68_EC002,AP-68 existing cluster 2,180.0,10,0.4,71,2786.489757315336,0.0,1213.3924459551695,0,0.042131682151221164
EC_AP-68_003,AP-68_EC003,AP-68 existing cluster 3,180.0,6,0.4,121,4070.0236378391432,18.45802845896867,1755.3417929518916,3,0.10158227968471595
EC_AP-68_004,AP-68_EC004,AP-68 existing cluster 4,120.0,6,0.4,116,2846.255190243311,0.0,1442.5603077871588,0,0.08348149929323835
EC_AP-68_005,AP-68_EC005,AP-68 existing cluster 5,180.0,7,0.4,186,4948.328371654179,644.247721656081,2022.327079743887,10,0.10031384324126423
EC_AP-68_006,AP-68_EC006,AP-68 existing cluster 6,120.0,13,0.4,2,80.69137793562895,0.0,42.05445609110215,0,0.001123249361407643
EC_AP-68_007,AP-68_EC007,AP-68 existing cluster 7,120.0,10,0.4,2,64.19362887088619,0.0,32.09681443544309,0,0.001114472723452885
EC_AP-68_008,AP-68_EC008,AP-68 existing cluster 8,150.0,4,0.4,5,194.4398470912989,0.0,83.21863323920466,0,0.007223839690903183
EC_AP-68_009,AP-68_EC009,AP-68 existing cluster 9,22.0,6,0.4,29,754.4948628750648,14.55693676732767,2057.71326238654,1,0.11908062861033218
EC_AP-68_010,AP-68_EC010,AP-68 existing cluster 10,140.0,9,0.4,104,2749.040106068174,0.0,1276.2289405061715,0,0.049237227642985014
EC_AP-68_011,AP-68_EC011,AP-68 existing cluster 11,100.0,8,0.4,0,0.0,0.0,0.0,0,0.0
EC_AP-68_012,AP-68_EC012,AP-68 existing cluster 12,350.0,8,0.4,470,12363.264774895499,559.7755888591854,4711.872163862514,10,0.2045083404454216
EC_AP-68_013,AP-68_EC013,AP-68 existing cluster 13,350.0,8,0.4,457,10436.454357349972,137.07541624101475,4270.43792319098,6,0.18534886819405294
EC_AP-68_014,AP-68_EC014,AP-68 existing cluster 14,350.0,8,0.4,86,2102.930261976965,0.0,859.3168707539663,0,0.03729673918202979
EC_AP-68_015,AP-68_EC015,AP-68 existing cluster 15,180.0,4,0.4,387,9375.418434758092,25639.876558582655,3778.8674215844003,72,0.32802668590142364
EC_A-68_000,A-68_EC000,A-68 existing cluster 0,50.0,10,0.4,1,34.14134229050067,0.0,40.9696107486008,0,0.001422555928770861
EC_A-68_001,A-68_EC001,A-68 existing cluster 1,50.0,6,0.4,1,33.65261949064853,0.0,42.07890413941646,0,0.002435121767327341
EC_A-68_002,A-68_EC002,A-68 existing cluster 2,50.0,11,0.4,35,557.9500980810427,0.0,670.0718892076521,0,0.021151259129029425
EC_A-68_003,A-68_EC003,A-68 existing cluster 3,300.0,12,0.4,1,49.88758596507888,0.0,22.172260428923945,0,0.0006415584614850678
EC_A-68_004,A-68_EC004,A-68 existing cluster 4,300.0,7,0.4,452,6493.686779311326,42.73833964638084,2495.851245486944,4,0.12380214511343969
EC_A-68_005,A-68_EC005,A-68 existing cluster 5,400.0,12,0.4,5,183.71501813682733,0.0,75.24508347813511,0,0.002177230424714558
EC_A-68_006,A-68_EC006,A-68 existing cluster 6,300.0,3,0.4,2,75.56356705280396,0.0,28.618189176301847,0,0.0033122904139238248
EC_A-68_007,A-68_EC007,A-68 existing cluster 7,150.0,6,0.4,1,52.982428059561215,0.0,23.54774580424943,0,0.0013627167710792494
EC_A-68_008,A-68_EC008,A-68 existing cluster 8,50.0,7,0.4,1,32.888791631355595,0.0,39.46654995762672,0,0.0019576661685330714
EC_A-68_009,A-68_EC009,A-68 existing cluster 9,50.0,5,0.4,0,0.0,0.0,0.0,0,0.0
EC_A-68_010,A-68_EC010,A-68 existing cluster 10,150.0,6,0.4,1,50.150764414122385,0.0,25.075382207061192,0,0.0014511216555012263
EC_A-68_011,A-68_EC011,A-68 existing cluster 11,320.0,3,0.4,0,0.0,0.0,0.0,0,0.0
EC_A-68_012,A-68_EC012,A-68 existing cluster 12,320.0,3,0.4,0,0.0,0.0,0.0,0,0.0
EC_A-68_013,A-68_EC013,A-68 existing cluster 13,350.0,5,0.4,21,745.4064503409031,0.0,263.97415188636205,0,0.01833153832544181
EC_A-68_014,A-68_EC014,A-68 existing cluster 14,350.0,15,0.4,3,79.95279407922689,0.0,33.39261426215316,0,0.0007729771819942861
EC_A-68_015,A-68_EC015,A-68 existing cluster 15,50.0,7,0.4,61,1892.2460262153572,14.314622140093661,2307.398050395668,2,0.114454268372801
EC_A-8_000,A-8_EC000,A-8 existing cluster 0,350.0,62,0.4,67,1068.5241254374398,0.0,406.48757015228335,0,0.0022764760873223754
EC_A-8_001,A-8_EC001,A-8 existing cluster 1,50.0,23,0.4,1,38.568396322143315,0.0,46.28207558657198,0,0.0006987028319228861
EC_A-8_002,A-8_EC002,A-8 existing cluster 2,120.0,34,0.4,0,0.0,0.0,0.0,0,0.0
EC_A-8_003,A-8_EC003,A-8 existing cluster 3,400.0,21,0.4,0,0.0,0.0,0.0,0,0.0
EC_A-8_004,A-8_EC004,A-8 existing cluster 4,150.0,19,0.4,0,0.0,0.0,0.0,0,0.0
EC_A-8_005,A-8_EC005,A-8 existing cluster 5,100.0,32,0.4,0,0.0,0.0,0.0,0,0.0
EC_A-8_006,A-8_EC006,A-8 existing cluster 6,150.0,43,0.4,0,0.0,0.0,0.0,0,0.0
EC_A-8_007,A-8_EC007,A-8 existing cluster 7,60.0,13,0.4,0,0.0,0.0,0.0,0,0.0
EC_A-8_008,A-8_EC008,A-8 existing cluster 8,50.0,15,0.4,0,0.0,0.0,0.0,0,0.0
EC_A-8_009,A-8_EC009,A-8 existing cluster 9,100.0,18,0.4,0,0.0,0.0,0.0,0,0.0
EC_A-8_010,A-8_EC010,A-8 existing cluster 10,210.0,15,0.4,0,0.0,0.0,0.0,0,0.0
EC_A-8_011,A-8_EC011,A-8 existing cluster 11,150.0,15,0.4,0,0.0,0.0,0.0,0,0.0
EC_A-8_012,A-8_EC012,A-8 existing cluster 12,50.0,11,0.4,0,0.0,0.0,0.0,0,0.0
EC_A-8_013,A-8_EC013,A-8 existing cluster 13,70.0,15,0.4,0,0.0,0.0,0.0,0,0.0
EC_A-8_014,A-8_EC014,A-8 existing cluster 14,400.0,21,0.4,0,0.0,0.0,0.0,0,0.0
EC_A-8_015,A-8_EC015,A-8 existing cluster 15,350.0,22,0.4,0,0.0,0.0,0.0,0,0.0
EC_A-66_000,A-66_EC000,A-66 existing cluster 0,150.0,16,0.4,0,0.0,0.0,0.0,0,0.0
EC_A-66_001,A-66_EC001,A-66 existing cluster 1,50.0,8,0.4,0,0.0,0.0,0.0,0,0.0
EC_A-66_002,A-66_EC002,A-66 existing cluster 2,60.0,25,0.4,0,0.0,0.0,0.0,0,0.0
EC_A-66_003,A-66_EC003,A-66 existing cluster 3,150.0,20,0.4,0,0.0,0.0,0.0,0,0.0
EC_A-66_004,A-66_EC004,A-66 existing cluster 4,150.0,11,0.4,0,0.0,0.0,0.0,0,0.0
EC_A-66_005,A-66_EC005,A-66 existing cluster 5,120.0,27,0.4,0,0.0,0.0,0.0,0,0.0
EC_A-66_006,A-66_EC006,A-66 existing cluster 6,320.0,23,0.4,0,0.0,0.0,0.0,0,0.0
EC_A-66_007,A-66_EC007,A-66 existing cluster 7,100.0,12,0.4,0,0.0,0.0,0.0,0,0.0
EC_A-66_008,A-66_EC008,A-66 existing cluster 8,320.0,17,0.4,0,0.0,0.0,0.0,0,0.0
EC_A-66_009,A-66_EC009,A-66 existing cluster 9,350.0,13,0.4,0,0.0,0.0,0.0,0,0.0
EC_A-66_010,A-66_EC010,A-66 existing cluster 10,50.0,17,0.4,273,8452.955649125535,0.7277950637374033,10285.909574857058,1,0.2100880223622765
EC_A-66_011,A-66_EC011,A-66 existing cluster 11,60.0,13,0.4,102,3082.7782651573734,0.0,3280.9025661103033,0,0.08763094460764699
EC_A-66_012,A-66_EC012,A-66 existing cluster 12,150.0,21,0.4,469,12196.047398772522,0.0,5487.373981070329,0,0.09073038989864962
EC_A-66_013,A-66_EC013,A-66 existing cluster 13,150.0,19,0.4,1324,32950.35654265083,19566.791030330085,15226.06252592718,84,0.2782540666287862
EC_A-66_014,A-66_EC014,A-66 existing cluster 14,180.0,17,0.4,1432,31489.679549388486,7988.28034063337,13520.639383721373,41,0.2761568501577078
EC_A-66_015,A-66_EC015,A-66 existing cluster 15,350.0,10,0.4,1123,26763.70095465877,22582.04829654574,10340.223994289187,74,0.35903555535726345
EC_AP-46_000,AP-46_EC000,AP-46 existing cluster 0,50.0,3,0.4,88,2906.509650251951,6026.719490639003,3518.3954341777417,9,0.40722169377057194
EC_AP-46_001,AP-46_EC001,AP-46 existing cluster 1,50.0,3,0.4,186,6188.098313154688,149917.32225578,7425.7212111329145,169,0.859458473510754
EC_A-23_000,A-23_EC000,A-23 existing cluster 0,320.0,15,0.4,183,5730.365725288362,0.0,2122.353837501681,0,0.04912856105327965
EC_A-23_001,A-23_EC001,A-23 existing cluster 1,250.0,14,0.4,33,1013.7320827746645,0.0,405.60796602760365,0,0.010059721379652869
EC_A-23_002,A-23_EC002,A-23 existing cluster 2,30.0,4,0.4,93,2191.963204913563,9168.946160339747,4411.176112340313,27,0.3829145930850966
EC_A-23_003,A-23_EC003,A-23 existing cluster 3,300.0,4,0.4,122,1836.8813961382807,10.171735437659663,704.2144028258417,3,0.061129722467520985
EC_A-23_004,A-23_EC004,A-23 existing cluster 4,50.0,5,0.4,89,2277.224338264369,274.88574468760623,2746.957469042676,5,0.19076093535018585
EC_A-23_005,A-23_EC005,A-23 existing cluster 5,60.0,5,0.4,41,1298.0705639911669,0.0,1308.3260133044707,0,0.0908559731461438
EC_A-23_006,A-23_EC006,A-23 existing cluster 6,50.0,9,0.4,0,0.0,0.0,0.0,0,0.0
EC_A-23_007,A-23_EC007,A-23 existing cluster 7,50.0,6,0.4,8,266.2239841525335,0.0,319.4687809830401,0,0.018487776677259267
EC_A-23_008,A-23_EC008,A-23 existing cluster 8,50.0,10,0.4,1,45.51788606032835,0.0,55.83595394950392,0,0.0019387484010244416
EC_A-23_009,A-23_EC009,A-23 existing cluster 9,50.0,6,0.4,58,2025.9131556760608,50.31031119337979,2431.0957868112732,2,0.14068841358861534
EC_A-23_010,A-23_EC010,A-23 existing cluster 10,100.0,5,0.4,3,107.03791806209045,0.0,64.22275083725427,0,0.004459913252587102
EC_A-23_011,A-23_EC011,A-23 existing cluster 11,100.0,8,0.4,2,63.212359076266935,0.0,37.92741544576016,0,0.0016461551842777847
EC_A-23_012,A-23_EC012,A-23 existing cluster 12,50.0,5,0.4,1,31.600068208960504,0.0,37.9200818507526,0,0.002633339017413375
EC_A-23_013,A-23_EC013,A-23 existing cluster 13,22.0,6,0.4,2,69.13165941101072,0.0,188.5408893027565,0,0.01091093109390952
EC_A-23_014,A-23_EC014,A-23 existing cluster 14,100.0,4,0.4,0,0.0,0.0,0.0,0,0.0
EC_A-23_015,A-23_EC015,A-23 existing cluster 15,120.0,12,0.4,0,0.0,0.0,0.0,0,0.0
STA_0004,STA_0004,Proposed A-23 (STA_0004),150.0,4,0.4,220,5182.805002217024,299.9430594663007,2311.783626268037,4,0.20067566200243378
EC_AP-9_000,AP-9_EC000,AP-9 existing cluster 0,60.0,13,0.4,8,309.01361293090724,0.0,309.01361293090724,0,0.008253568721445172
EC_AP-9_001,AP-9_EC001,AP-9 existing cluster 1,150.0,7,0.4,29,893.8499212214342,0.0,386.67348388413507,0,0.019180232335522573
EC_AP-9_002,AP-9_EC002,AP-9 existing cluster 2,125.0,13,0.4,201,5653.139879713958,0.0,2745.3855479127674,0,0.07332760544638801
EC_AP-9_003,AP-9_EC003,AP-9 existing cluster 3,21.0,4,0.4,21,589.8054934013926,0.0,1685.1585525754076,0,0.14628112435550414
EC_AP-9_004,AP-9_EC004,AP-9 existing cluster 4,60.0,15,0.4,111,2999.997313702095,0.0,2999.997313702095,0,0.06944438226162257
EC_AP-9_005,AP-9_EC005,AP-9 existing cluster 5,50.0,6,0.4,3,99.14016961866835,0.0,118.96820354240202,0,0.0068847340012964135
EC_AP-9_006,AP-9_EC006,AP-9 existing cluster 6,22.0,32,0.4,244,6260.086324017364,631.9365358129645,17072.96270186554,11,0.18525350153933964
EC_AP-9_007,AP-9_EC007,AP-9 existing cluster 7,50.0,10,0.4,11,348.5640387924301,0.0,418.276846550916,0,0.014523501616351249
EC_AP-9_008,AP-9_EC008,AP-9 existing cluster 8,22.17,5,0.4,3,93.92193350749618,0.0,254.18655888361616,0,0.017651844366917788
EC_AP-9_009,AP-9_EC009,AP-9 existing cluster 9,120.0,23,0.4,4,131.87736900775354,0.0,65.93868450387677,0,0.0009954511549498306
EC_AP-9_010,AP-9_EC010,AP-9 existing cluster 10,50.0,21,0.4,44,1314.9457051218328,0.0,1577.9348461461989,0,0.02609019256194112
EC_AP-9_011,AP-9_EC011,AP-9 existing cluster 11,50.0,13,0.4,73,2405.720437187635,0.0,2886.864524625164,0,0.0771064242688345
EC_AP-9_012,AP-9_EC012,AP-9 existing cluster 12,150.0,33,0.4,3,117.03399673892406,0.0,46.81359869556962,0,0.0004925673263422729
EC_AP-9_013,AP-9_EC013,AP-9 existing cluster 13,150.0,8,0.4,1,35.782556485960704,0.0,15.903358438204759,0,0.0006902499322137482
EC_AP-9_014,AP-9_EC014,AP-9 existing cluster 14,22.0,10,0.4,138,3914.1386148147753,9588.522280195471,10674.92349494939,23,0.3706570657968538
EC_AP-9_015,AP-9_EC015,AP-9 existing cluster 15,22.0,5,0.4,0,0.0,0.0,0.0,0,0.0
STA_0008,STA_0008,Proposed AP-9 (STA_0008),150.0,4,0.4,15,436.5236798158216,0.0,202.2775847083154,0,0.017558818117041266
EC_N-322_000,N-322_EC000,N-322 existing cluster 0,150.0,7,0.4,1,24.393457865087136,0.0,10.454339085037345,0,0.0005185684069959
EC_N-322_001,N-322_EC001,N-322 existing cluster 1,150.0,5,0.4,5,161.97511654829952,0.0,73.09589251208453,0,0.005076103646672537
EC_N-322_002,N-322_EC002,N-322 existing cluster 2,150.0,12,0.4,1,25.59397904362838,0.0,10.237591617451352,0,0.00029622660930125444
EC_N-322_003,N-322_EC003,N-322 existing cluster 3,100.0,4,0.4,3,114.22408713317525,0.0,68.53445227990515,0,0.005949171204852878
EC_N-322_004,N-322_EC004,N-322 existing cluster 4,50.0,10,0.4,9,307.3973830670191,0.0,370.61879516429394,0,0.012868708165426873
EC_N-322_005,N-322_EC005,N-322 existing cluster 5,22.0,6,0.4,6,224.83268390242694,0.0,613.1800470066188,0,0.03548495642399414
EC_N-322_006,N-322_EC006,N-322 existing cluster 6,50.0,8,0.4,22,652.9658722449873,0.0,788.5008602751789,0,0.0342231276161102
EC_N-322_007,N-322_EC007,N-322 existing cluster 7,150.0,4,0.4,0,0.0,0.0,0.0,0,0.0
EC_N-322_008,N-322_EC008,N-322 existing cluster 8,50.0,5,0.4,0,0.0,0.0,0.0,0,0.0
EC_N-322_009,N-322_EC009,N-322 existing cluster 9,150.0,11,0.4,0,0.0,0.0,0.0,0,0.0
EC_N-322_010,N-322_EC010,N-322 existing cluster 10,22.0,4,0.4,0,0.0,0.0,0.0,0,0.0
EC_N-322_011,N-322_EC011,N-322 existing cluster 11,50.0,16,0.4,0,0.0,0.0,0.0,0,0.0
EC_N-322_012,N-322_EC012,N-322 existing cluster 12,100.0,5,0.4,0,0.0,0.0,0.0,0,0.0
EC_N-322_013,N-322_EC013,N-322 existing cluster 13,120.0,39,0.4,0,0.0,0.0,0.0,0,0.0
EC_N-322_014,N-322_EC014,N-322 existing cluster 14,150.0,5,0.4,18,444.7028671963599,0.0,200.1532453081107,0,0.013899530924174355
EC_N-322_015,N-322_EC015,N-322 existing cluster 15,50.0,5,0.4,0,0.0,0.0,0.0,0,0.0
STA_0001,STA_0001,Proposed N-322 (STA_0001),150.0,4,0.4,11,425.5211755843164,0.0,190.76581863824458,0,0.016559532867903175
EC_N-433_000,N-433_EC000,N-433 existing cluster 0,22.0,2,0.4,0,0.0,0.0,0.0,0,0.0
EC_N-433_001,N-433_EC001,N-433 existing cluster 1,22.0,2,0.4,0,0.0,0.0,0.0,0,0.0
EC_N-433_002,N-433_EC002,N-433 existing cluster 2,22.0,2,0.4,0,0.0,0.0,0.0,0,0.0
EC_N-433_003,N-433_EC003,N-433 existing cluster 3,22.0,2,0.4,0,0.0,0.0,0.0,0,0.0
EC_N-433_004,N-433_EC004,N-433 existing cluster 4,22.0,2,0.4,0,0.0,0.0,0.0,0,0.0
EC_N-433_005,N-433_EC005,N-433 existing cluster 5,22.0,2,0.4,0,0.0,0.0,0.0,0,0.0
EC_N-433_006,N-433_EC006,N-433 existing cluster 6,22.17,6,0.4,0,0.0,0.0,0.0,0,0.0
STA_0002,STA_0002,Proposed N-433 (STA_0002),150.0,4,0.4,0,0.0,0.0,0.0,0,0.0
EC_N-435_000,N-435_EC000,N-435 existing cluster 0,50.0,3,0.4,0,0.0,0.0,0.0,0,0.0
EC_N-435_001,N-435_EC001,N-435 existing cluster 1,22.0,2,0.4,1,17.750087645670526,0.0,48.4093299427378,0,0.00840439755950309
EC_N-435_002,N-435_EC002,N-435 existing cluster 2,22.0,2,0.4,0,0.0,0.0,0.0,0,0.0
EC_N-435_003,N-435_EC003,N-435 existing cluster 3,22.0,2,0.4,0,0.0,0.0,0.0,0,0.0
EC_N-435_004,N-435_EC004,N-435 existing cluster 4,22.0,2,0.4,1,18.32268865724709,0.0,49.97096906521934,0,0.008675515462711692
EC_N-435_005,N-435_EC005,N-435 existing cluster 5,21.0,2,0.4,0,0.0,0.0,0.0,0,0.0
EC_N-435_006,N-435_EC006,N-435 existing cluster 6,100.0,3,0.4,0,0.0,0.0,0.0,0,0.0
STA_0005,STA_0005,Proposed N-435 (STA_0005),150.0,2,0.4,0,0.0,0.0,0.0,0,0.0
EC_N-502_000,N-502_EC000,N-502 existing cluster 0,22.0,2,0.4,20,427.31462773892315,547.0459945361372,1165.403530197063,6,0.20232700177032342
EC_N-502_001,N-502_EC001,N-502 existing cluster 1,100.0,4,0.4,6,154.80324283983936,0.0,92.88194570390363,0,0.0080626688979083
EC_N-502_002,N-502_EC002,N-502 existing cluster 2,100.0,3,0.4,7,78.82139717689913,0.0,47.29283830613948,0,0.005473708137284662
EC_N-502_003,N-502_EC003,N-502 existing cluster 3,100.0,4,0.4,0,0.0,0.0,0.0,0,0.0
STA_0007,STA_0007,Proposed N-502 (STA_0007),150.0,2,0.4,20,593.8290854804052,0.0,259.9896007870965,0,0.04513708346998203
EC_N-621_000,N-621_EC000,N-621 existing cluster 0,3.7,2,0.4,2,46.111218529743695,0.0,747.7494896715193,0,0.12981761973463876
STA_0006,STA_0006,Proposed N-621 (STA_0006),150.0,2,0.4,0,0.0,0.0,0.0,0,0.0
EC_A-67_000,A-67_EC000,A-67 existing cluster 0,60.0,11,0.4,162,4531.48223271592,161.4622811480042,4531.4860219899765,6,0.14303933150220885
EC_A-67_001,A-67_EC001,A-67 existing cluster 1,60.0,3,0.4,28,451.7291024931854,0.0,451.7291024931854,0,0.052283460936711275
EC_A-67_002,A-67_EC002,A-67 existing cluster 2,50.0,4,0.4,117,3308.2601602794493,3022.853364883426,3969.912192335337,8,0.34461043336244246
EC_A-67_003,A-67_EC003,A-67 existing cluster 3,50.0,6,0.4,79,1749.2382562096655,85.1197325637022,2099.090454580467,3,0.12147514204748072
EC_A-67_004,A-67_EC004,A-67 existing cluster 4,150.0,2,0.4,18,657.936912915314,16.426113655846734,283.75245448344197,2,0.04926257890337534
EC_A-67_005,A-67_EC005,A-67 existing cluster 5,22.0,4,0.4,35,1127.8885277559011,703.3397233226257,3076.059621152457,4,0.2670190643361508
EC_A-67_006,A-67_EC006,A-67 existing cluster 6,50.0,3,0.4,9,309.99639001932496,11.277090677899082,371.9956680231899,1,0.04305505416935069
EC_A-67_007,A-67_EC007,A-67 existing cluster 7,22.17,6,0.4,38,1182.5114212721535,411.4931395080854,3200.3015460680763,6,0.1852026357678285
EC_A-67_008,A-67_EC008,A-67 existing cluster 8,60.0,3,0.4,11,394.04254967212955,0.0,394.04254967212955,0,0.045606776582422404
EC_A-67_009,A-67_EC009,A-67 existing cluster 9,50.0,3,0.4,70,1577.1431116270971,1145.305089130431,1892.5717339525174,10,0.21904765439265247
EC_A-67_010,A-67_EC010,A-67 existing cluster 10,100.0,8,0.4,42,1141.841021547283,0.0,685.1046129283696,0,0.02973544326946049
EC_A-67_011,A-67_EC011,A-67 existing cluster 11,22.0,6,0.4,31,1097.9518683812455,327.3978623351618,2994.414186494305,4,0.17328785801471672
EC_A-67_012,A-67_EC012,A-67 existing cluster 12,80.0,3,0.4,54,1762.0070417919324,90.96839314305964,1321.5052813439493,3,0.1529520001555497
EC_A-67_013,A-67_EC013,A-67 existing cluster 13,150.0,7,0.4,4,148.91453141186827,0.0,60.8972818235809,0,0.0030206985031538142
EC_A-67_014,A-67_EC014,A-67 existing cluster 14,150.0,4,0.4,6,225.08245629411405,0.0,91.76030779128423,0,0.007965304495771201
EC_A-67_015,A-67_EC015,A-67 existing cluster 15,50.0,3,0.4,17,592.1338458635838,34.37872933031235,710.5606150363005,2,0.08224081192549774
EC_A-62_000,A-62_EC000,A-62 existing cluster 0,360.0,21,0.4,0,0.0,0.0,0.0,0,0.0
EC_A-62_001,A-62_EC001,A-62 existing cluster 1,100.0,23,0.4,0,0.0,0.0,0.0,0,0.0
EC_A-62_002,A-62_EC002,A-62 existing cluster 2,60.0,17,0.4,0,0.0,0.0,0.0,0,0.0
EC_A-62_003,A-62_EC003,A-62 existing cluster 3,360.0,13,0.4,0,0.0,0.0,0.0,0,0.0
EC_A-62_004,A-62_EC004,A-62 existing cluster 4,50.0,13,0.4,0,0.0,0.0,0.0,0,0.0
EC_A-62_005,A-62_EC005,A-62 existing cluster 5,50.0,13,0.4,0,0.0,0.0,0.0,0,0.0
EC_A-62_006,A-62_EC006,A-62 existing cluster 6,150.0,15,0.4,0,0.0,0.0,0.0,0,0.0
EC_A-62_007,A-62_EC007,A-62 existing cluster 7,50.0,16,0.4,0,0.0,0.0,0.0,0,0.0
EC_A-62_008,A-62_EC008,A-62 existing cluster 8,200.0,18,0.4,0,0.0,0.0,0.0,0,0.0
EC_A-62_009,A-62_EC009,A-62 existing cluster 9,250.0,34,0.4,0,0.0,0.0,0.0,0,0.0
EC_A-62_010,A-62_EC010,A-62 existing cluster 10,200.0,14,0.4,0,0.0,0.0,0.0,0,0.0
EC_A-62_011,A-62_EC011,A-62 existing cluster 11,150.0,12,0.4,0,0.0,0.0,0.0,0,0.0
EC_A-62_012,A-62_EC012,A-62 existing cluster 12,150.0,13,0.4,0,0.0,0.0,0.0,0,0.0
EC_A-62_013,A-62_EC013,A-62 existing cluster 13,120.0,17,0.4,0,0.0,0.0,0.0,0,0.0
EC_A-62_014,A-62_EC014,A-62 existing cluster 14,400.0,21,0.4,0,0.0,0.0,0.0,0,0.0
EC_A-62_015,A-62_EC015,A-62 existing cluster 15,400.0,31,0.4,0,0.0,0.0,0.0,0,0.0
EC_N-630_000,N-630_EC000,N-630 existing cluster 0,120.0,24,0.4,0,0.0,0.0,0.0,0,0.0
EC_N-630_001,N-630_EC001,N-630 existing cluster 1,50.0,24,0.4,0,0.0,0.0,0.0,0,0.0
EC_N-630_002,N-630_EC002,N-630 existing cluster 2,100.0,47,0.4,0,0.0,0.0,0.0,0,0.0
EC_N-630_003,N-630_EC003,N-630 existing cluster 3,50.0,25,0.4,0,0.0,0.0,0.0,0,0.0
EC_N-630_004,N-630_EC004,N-630 existing cluster 4,60.0,32,0.4,0,0.0,0.0,0.0,0,0.0
EC_N-630_005,N-630_EC005,N-630 existing cluster 5,200.0,23,0.4,0,0.0,0.0,0.0,0,0.0
EC_N-630_006,N-630_EC006,N-630 existing cluster 6,120.0,14,0.4,0,0.0,0.0,0.0,0,0.0
EC_N-630_007,N-630_EC007,N-630 existing cluster 7,50.0,45,0.4,0,0.0,0.0,0.0,0,0.0
EC_N-630_008,N-630_EC008,N-630 existing cluster 8,360.0,38,0.4,1,22.131103283394005,0.0,14.149629711971887,0,0.0001292912071634858
EC_N-630_009,N-630_EC009,N-630 existing cluster 9,190.0,30,0.4,1,23.669549284251687,0.0,15.072697312486497,0,0.00017445251519081594
EC_N-630_010,N-630_EC010,N-630 existing cluster 10,240.0,48,0.4,0,0.0,0.0,0.0,0,0.0
EC_N-630_011,N-630_EC011,N-630 existing cluster 11,350.0,34,0.4,0,0.0,0.0,0.0,0,0.0
EC_N-630_012,N-630_EC012,N-630 existing cluster 12,150.0,38,0.4,0,0.0,0.0,0.0,0,0.0
EC_N-630_013,N-630_EC013,N-630 existing cluster 13,150.0,54,0.4,0,0.0,0.0,0.0,0,0.0
EC_N-630_014,N-630_EC014,N-630 existing cluster 14,50.0,26,0.4,0,0.0,0.0,0.0,0,0.0
EC_N-630_015,N-630_EC015,N-630 existing cluster 15,22.0,17,0.4,0,0.0,0.0,0.0,0,0.0
EC_N-630_016,N-630_EC016,N-630 existing cluster 16,250.0,63,0.4,0,0.0,0.0,0.0,0,0.0
EC_N-630_017,N-630_EC017,N-630 existing cluster 17,150.0,22,0.4,0,0.0,0.0,0.0,0,0.0
EC_N-630_018,N-630_EC018,N-630 existing cluster 18,60.0,17,0.4,0,0.0,0.0,0.0,0,0.0
EC_A-45_000,A-45_EC000,A-45 existing cluster 0,45.0,4,0.4,93,2756.0319463802552,2175.313501808297,3678.7836634434443,7,0.31933885967391007
EC_A-45_001,A-45_EC001,A-45 existing cluster 1,22.0,2,0.4,23,600.0746379556061,603.7065500439835,1636.8078063043718,13,0.2841680219278423
EC_A-45_002,A-45_EC002,A-45 existing cluster 2,22.0,2,0.4,21,547.2884984650949,567.6837113812077,1492.6049958138954,8,0.2591328117732457
EC_A-45_003,A-45_EC003,A-45 existing cluster 3,22.0,2,0.4,23,641.1942619231644,649.4160806165542,1748.7116234268117,20,0.3035957679560437
EC_A-45_004,A-45_EC004,A-45 existing cluster 4,50.0,3,0.4,74,2162.977087042724,2228.682177082014,2595.5725044512683,7,0.3004134843114894
EC_A-45_005,A-45_EC005,A-45 existing cluster 5,50.0,3,0.4,56,1560.8072398706327,1357.3053481844302,1873.1043147548203,12,0.2167944808744005
EC_A-45_006,A-45_EC006,A-45 existing cluster 6,22.0,2,0.4,25,773.177240655385,1099.9412166563616,2108.665201787414,6,0.36608770864364826
EC_A-45_007,A-45_EC007,A-45 existing cluster 7,7.36,2,0.4,10,303.89412084602793,321.61555720751664,2477.397724288271,10,0.43010377157782487
EC_A-45_008,A-45_EC008,A-45 existing cluster 8,150.0,2,0.4,139,3872.157725291734,3329.653490876284,1680.244915207947,12,0.29170918666804635
EC_A-45_009,A-45_EC009,A-45 existing cluster 9,350.0,4,0.4,109,3671.22938968355,65.27984009190982,1387.0483267897716,4,0.1204035005893899
EC_A-45_010,A-45_EC010,A-45 existing cluster 10,7.4,2,0.4,5,172.7135465364774,30.936819540757824,1400.3801070525196,1,0.24312154636328465
EC_A-45_011,A-45_EC011,A-45 existing cluster 11,50.0,3,0.4,66,2162.527743501045,875.7504000817419,2597.357216870635,4,0.3006200482489161
EC_A-45_012,A-45_EC012,A-45 existing cluster 12,22.0,2,0.4,23,765.0003854125993,6077.658064551775,2086.364687488907,13,0.3622160915779352
EC_A-92_000,A-92_EC000,A-92 existing cluster 0,150.0,36,0.4,340,8642.941198245915,0.0,3826.3527192152246,0,0.03690540817144314
EC_A-92_001,A-92_EC001,A-92 existing cluster 1,150.0,16,0.4,124,2681.2693214379256,0.0,1250.289935099653,0,0.027133028105461216
EC_A-92_002,A-92_EC002,A-92 existing cluster 2,60.0,15,0.4,66,1608.1490182996233,0.0,1619.9638043141438,0,0.03749916213690148
EC_A-92_003,A-92_EC003,A-92 existing cluster 3,50.0,26,0.4,63,1598.5967554919707,0.0,1922.3769949785938,0,0.025672769697897887
EC_A-92_004,A-92_EC004,A-92 existing cluster 4,150.0,11,0.4,5,187.001576605448,0.0,75.70147562831761,0,0.002389566781196894
EC_A-92_005,A-92_EC005,A-92 existing cluster 5,400.0,38,0.4,60,2043.792584881873,0.0,712.5023565131919,0,0.006510438199133698
EC_A-92_006,A-92_EC006,A-92 existing cluster 6,180.0,28,0.4,60,2003.34786876213,0.0,783.5061656280386,0,0.00971609828407786
EC_A-92_007,A-92_EC007,A-92 existing cluster 7,100.0,21,0.4,120,3675.9732999121206,0.0,2252.195789975086,0,0.037238687003556314
EC_A-92_008,A-92_EC008,A-92 existing cluster 8,150.0,16,0.4,156,4578.1562446249545,0.0,2061.209821457026,0,0.04473111591703616
EC_A-92_009,A-92_EC009,A-92 existing cluster 9,150.0,22,0.4,16,571.7824934346737,0.0,255.79469290770155,0,0.004037163713821047
EC_A-92_010,A-92_EC010,A-92 existing cluster 10,120.0,18,0.4,76,2619.781760038914,0.0,1310.834428406554,0,0.025286157955373343
EC_A-92_011,A-92_EC011,A-92 existing cluster 11,400.0,29,0.4,37,1296.4775566934986,0.0,529.5702697455896,0,0.006340640202892596
EC_A-92_012,A-92_EC012,A-92 existing cluster 12,150.0,35,0.4,189,5085.064660803788,0.0,2191.072158984246,0,0.02173682697405006
EC_A-92_013,A-92_EC013,A-92 existing cluster 13,400.0,28,0.4,49,1828.4242268772562,0.0,591.4637255911824,0,0.0073346196129858935
EC_A-92_014,A-92_EC014,A-92 existing cluster 14,100.0,19,0.4,636,16812.416135674797,718.3562175492262,10101.077236359048,13,0.18459570972878375
EC_A-92_015,A-92_EC015,A-92 existing cluster 15,60.0,16,0.4,102,3663.4219883087662,0.0,3704.050279539485,0,0.08038303558028397
EC_N-340_000,N-340_EC000,N-340 existing cluster 0,120.0,28,0.4,0,0.0,0.0,0.0,0,0.0
EC_N-340_001,N-340_EC001,N-340 existing cluster 1,60.0,30,0.4,0,0.0,0.0,0.0,0,0.0
EC_N-340_002,N-340_EC002,N-340 existing cluster 2,250.0,42,0.4,0,0.0,0.0,0.0,0,0.0
EC_N-340_003,N-340_EC003,N-340 existing cluster 3,350.0,40,0.4,0,0.0,0.0,0.0,0,0.0
EC_N-340_004,N-340_EC004,N-340 existing cluster 4,150.0,33,0.4,0,0.0,0.0,0.0,0,0.0
EC_N-340_005,N-340_EC005,N-340 existing cluster 5,150.0,27,0.4,0,0.0,0.0,0.0,0,0.0
EC_N-340_006,N-340_EC006,N-340 existing cluster 6,150.0,34,0.4,0,0.0,0.0,0.0,0,0.0
EC_N-340_007,N-340_EC007,N-340 existing cluster 7,150.0,28,0.4,0,0.0,0.0,0.0,0,0.0
EC_N-340_008,N-340_EC008,N-340 existing cluster 8,180.0,32,0.4,0,0.0,0.0,0.0,0,0.0
EC_N-340_009,N-340_EC009,N-340 existing cluster 9,250.0,47,0.4,0,0.0,0.0,0.0,0,0.0
EC_N-340_010,N-340_EC010,N-340 existing cluster 10,180.0,55,0.4,0,0.0,0.0,0.0,0,0.0
EC_N-340_011,N-340_EC011,N-340 existing cluster 11,207.0,34,0.4,0,0.0,0.0,0.0,0,0.0
EC_N-340_012,N-340_EC012,N-340 existing cluster 12,60.0,22,0.4,0,0.0,0.0,0.0,0,0.0
EC_N-340_013,N-340_EC013,N-340 existing cluster 13,350.0,22,0.4,0,0.0,0.0,0.0,0,0.0
EC_N-340_014,N-340_EC014,N-340 existing cluster 14,150.0,31,0.4,0,0.0,0.0,0.0,0,0.0
EC_N-340_015,N-340_EC015,N-340 existing cluster 15,150.0,37,0.4,0,0.0,0.0,0.0,0,0.0
EC_N-340_016,N-340_EC016,N-340 existing cluster 16,50.0,21,0.4,0,0.0,0.0,0.0,0,0.0
EC_N-340_017,N-340_EC017,N-340 existing cluster 17,150.0,27,0.4,0,0.0,0.0,0.0,0,0.0
EC_N-340_018,N-340_EC018,N-340 existing cluster 18,150.0,33,0.4,0,0.0,0.0,0.0,0,0.0
EC_N-340_019,N-340_EC019,N-340 existing cluster 19,150.0,31,0.4,0,0.0,0.0,0.0,0,0.0
EC_N-340_020,N-340_EC020,N-340 existing cluster 20,150.0,23,0.4,0,0.0,0.0,0.0,0,0.0
EC_N-340_021,N-340_EC021,N-340 existing cluster 21,150.0,23,0.4,0,0.0,0.0,0.0,0,0.0
EC_N-340_022,N-340_EC022,N-340 existing cluster 22,50.0,21,0.4,0,0.0,0.0,0.0,0,0.0
EC_N-340_023,N-340_EC023,N-340 existing cluster 23,120.0,28,0.4,0,0.0,0.0,0.0,0,0.0
EC_N-340_024,N-340_EC024,N-340 existing cluster 24,50.0,42,0.4,0,0.0,0.0,0.0,0,0.0
EC_N-340_025,N-340_EC025,N-340 existing cluster 25,150.0,82,0.4,0,0.0,0.0,0.0,0,0.0
EC_N-340_026,N-340_EC026,N-340 existing cluster 26,150.0,24,0.4,0,0.0,0.0,0.0,0,0.0
EC_N-340_027,N-340_EC027,N-340 existing cluster 27,120.0,24,0.4,0,0.0,0.0,0.0,0,0.0
EC_AP-8_000,AP-8_EC000,AP-8 existing cluster 0,150.0,17,0.4,0,0.0,0.0,0.0,0,0.0
EC_AP-8_001,AP-8_EC001,AP-8 existing cluster 1,150.0,14,0.4,0,0.0,0.0,0.0,0,0.0
EC_AP-8_002,AP-8_EC002,AP-8 existing cluster 2,150.0,15,0.4,0,0.0,0.0,0.0,0,0.0
EC_AP-8_003,AP-8_EC003,AP-8 existing cluster 3,120.0,17,0.4,113,2998.8304997012833,0.0,1504.3697700469331,0,0.03072650674115468
EC_AP-8_004,AP-8_EC004,AP-8 existing cluster 4,120.0,25,0.4,0,0.0,0.0,0.0,0,0.0
EC_AP-8_005,AP-8_EC005,AP-8 existing cluster 5,150.0,20,0.4,1,21.258792730322583,0.0,9.11091117013825,0,0.0001581755411482335
EC_AP-8_006,AP-8_EC006,AP-8 existing cluster 6,22.17,10,0.4,29,885.2627490843843,0.0,2395.83964569522,0,0.08318887658663958
EC_AP-8_007,AP-8_EC007,AP-8 existing cluster 7,250.0,18,0.4,3,101.78430999079765,0.0,35.93658897648697,0,0.0006932212379723567
EC_AP-8_008,AP-8_EC008,AP-8 existing cluster 8,60.0,22,0.4,220,6032.625963351979,0.0,6032.625963351979,0,0.09521189967411584
EC_AP-8_009,AP-8_EC009,AP-8 existing cluster 9,170.0,17,0.4,86,2961.7637646864214,0.0,1141.6920080302643,0,0.023318872713036443
EC_AP-8_010,AP-8_EC010,AP-8 existing cluster 10,120.0,54,0.4,205,4972.389953569974,0.0,2504.568813792942,0,0.016104480541364083
EC_AP-8_011,AP-8_EC011,AP-8 existing cluster 11,180.0,25,0.4,1,38.500951246404874,0.0,17.111533887291053,0,0.0002376601928790424
EC_AP-8_012,AP-8_EC012,AP-8 existing cluster 12,50.0,21,0.4,0,0.0,0.0,0.0,0,0.0
EC_AP-8_013,AP-8_EC013,AP-8 existing cluster 13,250.0,48,0.4,0,0.0,0.0,0.0,0,0.0
EC_AP-8_014,AP-8_EC014,AP-8 existing cluster 14,150.0,9,0.4,1,40.97870371903047,0.0,16.391481487612186,0,0.0006323874030714578
EC_AP-8_015,AP-8_EC015,AP-8 existing cluster 15,180.0,16,0.4,3,122.42230840983781,0.0,40.8074361366126,0,0.0008855780411591277
EC_AP-6_000,AP-6_EC000,AP-6 existing cluster 0,22.0,4,0.4,41,1093.743260739549,953.67738615003,2982.9361666858294,8,0.2589354311359227
EC_AP-6_001,AP-6_EC001,AP-6 existing cluster 1,22.17,4,0.4,4,166.08922147224877,0.0,449.49721643369077,0,0.039018855593202326
EC_AP-6_002,AP-6_EC002,AP-6 existing cluster 2,50.0,3,0.4,7,249.8446767278712,74.42234947485031,299.8136120734454,3,0.034700649545537664
EC_AP-6_003,AP-6_EC003,AP-6 existing cluster 3,22.0,18,0.4,0,0.0,0.0,0.0,0,0.0
EC_AP-6_004,AP-6_EC004,AP-6 existing cluster 4,150.0,4,0.4,3,103.85188445232649,0.0,53.70454458111243,0,0.004661852828221565
EC_AP-6_005,AP-6_EC005,AP-6 existing cluster 5,150.0,8,0.4,0,0.0,0.0,0.0,0,0.0
EC_AP-6_006,AP-6_EC006,AP-6 existing cluster 6,20.0,3,0.4,4,167.53689175651246,0.0,502.6106752695374,0,0.058172531859900165
EC_AP-6_007,AP-6_EC007,AP-6 existing cluster 7,22.0,2,0.4,31,739.905296481256,2667.701945352972,2017.9235358579708,7,0.3503339471975644
EC_AP-6_008,AP-6_EC008,AP-6 existing cluster 8,90.0,2,0.4,33,983.6290025585212,641.9755453772583,655.7526683723473,7,0.11384594937019919
EC_AP-6_009,AP-6_EC009,AP-6 existing cluster 9,150.0,2,0.4,30,1041.323464510098,475.100007340439,446.31799387640905,6,0.07748576282576546
EC_AP-6_010,AP-6_EC010,AP-6 existing cluster 10,200.0,6,0.4,30,905.6595604244178,0.0,363.06167690699107,0,0.021010513709895318
EC_AP-6_011,AP-6_EC011,AP-6 existing cluster 11,60.0,1,0.4,6,235.40047940504303,145.29757888514064,235.40047940504303,5,0.08173627757119549
EC_AP-6_012,AP-6_EC012,AP-6 existing cluster 12,7.36,2,0.4,16,590.5077852650752,13956.227271913634,4813.922162487025,28,0.8357503754317752
EC_AP-6_013,AP-6_EC013,AP-6 existing cluster 13,22.17,4,0.4,2,73.87223746356678,0.0,199.92486458340127,0,0.01735458893953136
EC_AP-6_014,AP-6_EC014,AP-6 existing cluster 14,150.0,2,0.4,99,2959.878970434343,1254.8820420497943,1336.8649288329204,7,0.2320946057001598
EC_AP-6_015,AP-6_EC015,AP-6 existing cluster 15,150.0,2,0.4,105,3272.4966726174694,1977.8182713280542,1423.381110914206,11,0.24711477620038297
EC_AP-15_000,AP-15_EC000,AP-15 existing cluster 0,50.0,9,0.4,28,1018.7996882839867,0.0,1222.5596259407841,0,0.04716665223536976
EC_AP-15_001,AP-15_EC001,AP-15 existing cluster 1,350.0,2,0.4,5,191.15099520367053,0.0,54.252014788008,0,0.0094187525673625
EC_AP-15_002,AP-15_EC002,AP-15 existing cluster 2,50.0,3,0.4,32,1165.0767799876342,99.06217810391956,1398.0921359851613,3,0.161816219442727
EC_AP-15_003,AP-15_EC003,AP-15 existing cluster 3,100.0,8,0.4,7,245.7920669983937,0.0,147.4752401990362,0,0.006400835078083168
EC_AP-15_004,AP-15_EC004,AP-15 existing cluster 4,50.0,3,0.4,1,42.383657333567406,0.0,50.86038880028089,0,0.005886619074106584
EC_AP-15_005,AP-15_EC005,AP-15 existing cluster 5,50.0,4,0.4,13,417.93571517812717,45.04491452650586,501.5228582137526,2,0.04353497033105491
EC_AP-15_006,AP-15_EC006,AP-15 existing cluster 6,50.0,3,0.4,25,922.2933944677159,91.61281918612644,1106.752073361259,2,0.12809630478718276
EC_AP-15_007,AP-15_EC007,AP-15 existing cluster 7,22.0,2,0.4,0,0.0,0.0,0.0,0,0.0
EC_AP-15_008,AP-15_EC008,AP-15 existing cluster 8,320.0,1,0.4,0,0.0,0.0,0.0,0,0.0
EC_AP-15_009,AP-15_EC009,AP-15 existing cluster 9,50.0,3,0.4,3,122.91493928329714,0.0,147.49792713995657,0,0.01707151934490238
EC_AP-15_010,AP-15_EC010,AP-15 existing cluster 10,320.0,3,0.4,1,42.66848726854,0.0,18.96377211935111,0,0.0021948810323323045
EC_AP-15_011,AP-15_EC011,AP-15 existing cluster 11,50.0,3,0.4,40,1205.9238149309829,630.1238295358877,1447.108577917179,5,0.16748941874041423
EC_AP-15_012,AP-15_EC012,AP-15 existing cluster 12,50.0,3,0.4,28,872.2800556044886,315.88447176206455,1046.7360667253865,4,0.12115000772284566
EC_AP-15_013,AP-15_EC013,AP-15 existing cluster 13,50.0,3,0.4,3,100.7444259216613,0.0,120.89331110599356,0,0.013992281378008514
EC_AP-15_014,AP-15_EC014,AP-15 existing cluster 14,50.0,3,0.4,0,0.0,0.0,0.0,0,0.0
EC_AP-15_015,AP-15_EC015,AP-15 existing cluster 15,50.0,3,0.4,0,0.0,0.0,0.0,0,0.0
EC_A-12_000,A-12_EC000,A-12 existing cluster 0,180.0,4,0.4,11,264.8921563161258,0.0,95.39746415545028,0,0.008281029874605059
EC_A-12_001,A-12_EC001,A-12 existing cluster 1,100.0,4,0.4,0,0.0,0.0,0.0,0,0.0
EC_A-12_002,A-12_EC002,A-12 existing cluster 2,50.0,5,0.4,3,95.6209581957427,0.0,114.74514983489124,0,0.007968413182978558
EC_A-12_003,A-12_EC003,A-12 existing cluster 3,150.0,2,0.4,0,0.0,0.0,0.0,0,0.0
EC_A-12_004,A-12_EC004,A-12 existing cluster 4,100.0,2,0.4,8,230.08684185766856,0.0,138.05210511460112,0,0.023967379360173804
EC_A-12_005,A-12_EC005,A-12 existing cluster 5,150.0,1,0.4,48,1161.474703519509,1340.9426537566437,529.6818211791976,12,0.18391729902055473
EC_A-12_006,A-12_EC006,A-12 existing cluster 6,150.0,1,0.4,31,710.8568145649041,161.0231197733703,319.17924209094525,2,0.11082612572602266
EC_A-12_007,A-12_EC007,A-12 existing cluster 7,50.0,3,0.4,6,171.6388911379744,0.0,205.96666936556932,0,0.023838734880274225
EC_A-12_008,A-12_EC008,A-12 existing cluster 8,50.0,3,0.4,9,151.3555863615201,27.536496164040955,181.62670363382412,2,0.02102160921687779
EC_A-12_009,A-12_EC009,A-12 existing cluster 9,50.0,3,0.4,26,474.06449705595605,110.79186465960811,568.8773964671473,3,0.06584229125777168
EC_A-12_010,A-12_EC010,A-12 existing cluster 10,100.0,4,0.4,0,0.0,0.0,0.0,0,0.0
EC_A-12_011,A-12_EC011,A-12 existing cluster 11,14.8,2,0.4,0,0.0,0.0,0.0,0,0.0
EC_A-12_012,A-12_EC012,A-12 existing cluster 12,22.0,6,0.4,2,71.94777089001286,0.0,196.2211933363987,0,0.011355393132893443
EC_A-12_013,A-12_EC013,A-12 existing cluster 13,120.0,4,0.4,0,0.0,0.0,0.0,0,0.0
EC_A-12_014,A-12_EC014,A-12 existing cluster 14,22.0,6,0.4,67,1290.7677928629976,474.22353022469827,3520.275798717266,7,0.20371966427761956
EC_A-15_000,A-15_EC000,A-15 existing cluster 0,60.0,9,0.4,0,0.0,0.0,0.0,0,0.0
EC_A-15_001,A-15_EC001,A-15 existing cluster 1,50.0,13,0.4,69,2235.8228741924477,0.0,2682.987449030937,0,0.07166098955745025
EC_A-15_002,A-15_EC002,A-15 existing cluster 2,50.0,13,0.4,80,2566.9965111535057,0.0,3080.395813384208,0,0.08227552920363804
EC_A-15_003,A-15_EC003,A-15 existing cluster 3,50.0,23,0.4,0,0.0,0.0,0.0,0,0.0
EC_A-15_004,A-15_EC004,A-15 existing cluster 4,50.0,19,0.4,0,0.0,0.0,0.0,0,0.0
EC_A-15_005,A-15_EC005,A-15 existing cluster 5,150.0,9,0.4,0,0.0,0.0,0.0,0,0.0
EC_A-15_006,A-15_EC006,A-15 existing cluster 6,150.0,12,0.4,5,191.65323031700888,0.0,82.91364493348436,0,0.0023991216705290612
EC_A-15_007,A-15_EC007,A-15 existing cluster 7,250.0,14,0.4,2,78.716628093439,0.0,18.891990742425357,0,0.0004685513576990416
EC_A-15_008,A-15_EC008,A-15 existing cluster 8,150.0,6,0.4,0,0.0,0.0,0.0,0,0.0
EC_A-15_009,A-15_EC009,A-15 existing cluster 9,100.0,24,0.4,0,0.0,0.0,0.0,0,0.0
EC_A-15_010,A-15_EC010,A-15 existing cluster 10,150.0,10,0.4,127,4033.9818861461654,0.0,1791.5226529181534,0,0.062205647670769214
EC_A-15_011,A-15_EC011,A-15 existing cluster 11,150.0,12,0.4,49,1493.1378660262014,0.0,664.6481654287848,0,0.019231717749675484
EC_A-15_012,A-15_EC012,A-15 existing cluster 12,60.0,7,0.4,97,3174.901130749569,53.38309236349403,3174.901130749569,3,0.15748517513638735
EC_A-15_013,A-15_EC013,A-15 existing cluster 13,100.0,11,0.4,30,781.2061287861554,0.0,468.72367727169336,0,0.014795570620949917
EC_A-15_014,A-15_EC014,A-15 existing cluster 14,150.0,11,0.4,0,0.0,0.0,0.0,0,0.0
EC_A-15_015,A-15_EC015,A-15 existing cluster 15,130.0,9,0.4,17,477.78149360682227,0.0,238.0190894241363,0,0.009182835240128716
EC_A-30_000,A-30_EC000,A-30 existing cluster 0,350.0,43,0.4,351,8853.499352556199,0.0,3477.680040437635,0,0.02808204167020054
EC_A-30_001,A-30_EC001,A-30 existing cluster 1,100.0,18,0.4,7,226.9766452048268,0.0,136.1859871228961,0,0.002627044504685496
EC_A-30_002,A-30_EC002,A-30 existing cluster 2,320.0,14,0.4,39,1453.2751198005863,0.0,547.5288446531088,0,0.013579584440801309
EC_A-30_003,A-30_EC003,A-30 existing cluster 3,320.0,17,0.4,2,80.42816477536407,0.0,35.74585101127292,0,0.0007301031660799207
EC_A-30_004,A-30_EC004,A-30 existing cluster 4,22.0,28,0.4,3,113.88778322285637,0.0,310.60304515324464,0,0.0038517242702535296
EC_A-30_005,A-30_EC005,A-30 existing cluster 5,50.0,22,0.4,4,148.29404460375582,0.0,177.95285352450702,0,0.002808599329616588
EC_A-30_006,A-30_EC006,A-30 existing cluster 6,120.0,30,0.4,4,147.26090158197908,0.0,73.63045079098954,0,0.0008522042915623789
EC_A-30_007,A-30_EC007,A-30 existing cluster 7,50.0,40,0.4,0,0.0,0.0,0.0,0,0.0
EC_A-30_008,A-30_EC008,A-30 existing cluster 8,50.0,18,0.4,0,0.0,0.0,0.0,0,0.0
EC_A-30_009,A-30_EC009,A-30 existing cluster 9,50.0,18,0.4,5,189.51200669633948,0.0,227.41440803560735,0,0.00438685200685971
EC_A-30_010,A-30_EC010,A-30 existing cluster 10,60.0,14,0.4,0,0.0,0.0,0.0,0,0.0
EC_A-30_011,A-30_EC011,A-30 existing cluster 11,60.0,25,0.4,0,0.0,0.0,0.0,0,0.0
EC_A-30_012,A-30_EC012,A-30 existing cluster 12,150.0,19,0.4,5,172.45000777848168,0.0,73.94666271611155,0,0.0013513644502213369
EC_A-30_013,A-30_EC013,A-30 existing cluster 13,50.0,18,0.4,207,6842.504791198932,51.029409035365006,8211.005825881874,4,0.1583913160856843
EC_A-30_014,A-30_EC014,A-30 existing cluster 14,180.0,20,0.4,5,178.8037363078197,0.0,77.28110096785325,0,0.0013416857806918968
EC_A-30_015,A-30_EC015,A-30 existing cluster 15,150.0,25,0.4,2,69.7957734863297,0.0,29.29164090039857,0,0.000406828345838869
EC_A-31_000,A-31_EC000,A-31 existing cluster 0,100.0,24,0.4,281,6423.122583462529,0.0,3862.9522109814116,0,0.05588761879313385
EC_A-31_001,A-31_EC001,A-31 existing cluster 1,360.0,29,0.4,3,86.69619450046633,0.0,39.3232444883578,0,0.0004708242874563913
EC_A-31_002,A-31_EC002,A-31 existing cluster 2,200.0,38,0.4,171,4313.205629317511,0.0,2191.937629101798,0,0.020028669856558826
EC_A-31_003,A-31_EC003,A-31 existing cluster 3,22.17,36,0.4,2,55.7503209227029,0.0,150.8804355147575,0,0.0014552511141469665
EC_A-31_004,A-31_EC004,A-31 existing cluster 4,200.0,24,0.4,4,137.03150544042256,0.0,55.37502374503062,0,0.0008011432833482439
EC_A-31_005,A-31_EC005,A-31 existing cluster 5,200.0,19,0.4,185,4905.665741631464,0.0,2125.2531615333096,0,0.03883869081749469
EC_A-31_006,A-31_EC006,A-31 existing cluster 6,100.0,15,0.4,113,2814.9618488207643,0.0,1693.5061415505224,0,0.039201531054410245
EC_A-31_007,A-31_EC007,A-31 existing cluster 7,320.0,15,0.4,10,317.3757131677193,0.0,138.33924764317538,0,0.0032022973991475785
EC_A-31_008,A-31_EC008,A-31 existing cluster 8,50.0,27,0.4,24,867.454626742978,0.0,1090.318348335644,0,0.014021583697732048
EC_A-31_009,A-31_EC009,A-31 existing cluster 9,150.0,16,0.4,158,4334.976634494896,0.0,1974.5694375536218,0,0.042850899252465754
EC_A-31_010,A-31_EC010,A-31 existing cluster 10,150.0,17,0.4,28,919.0921254615367,0.0,440.8034599169864,0,0.00900333864209531
EC_A-31_011,A-31_EC011,A-31 existing cluster 11,50.0,13,0.4,167,5076.505492523866,88.8042278747721,6282.995640816737,4,0.16781505450899406
EC_A-31_012,A-31_EC012,A-31 existing cluster 12,30.0,21,0.4,0,0.0,0.0,0.0,0,0.0
EC_A-31_013,A-31_EC013,A-31 existing cluster 13,50.0,19,0.4,0,0.0,0.0,0.0,0,0.0
EC_A-31_014,A-31_EC014,A-31 existing cluster 14,150.0,31,0.4,285,6394.063978549951,0.0,2818.070699609706,0,0.03156441195799402
EC_A-31_015,A-31_EC015,A-31 existing cluster 15,50.0,21,0.4,16,450.5269487519582,0.0,556.5073952743705,0,0.009201511165250836
EC_A-44_000,A-44_EC000,A-44 existing cluster 0,7.0,2,0.4,16,377.49024054700214,3551.166679671389,3235.630633260018,7,0.5617414293854198
EC_A-44_001,A-44_EC001,A-44 existing cluster 1,22.17,4,0.4,48,1151.9345292615242,816.5717577925886,3117.5494702612277,5,0.2706206137379538
EC_A-44_002,A-44_EC002,A-44 existing cluster 2,50.0,3,0.4,46,1077.13352294181,618.2769635517222,1292.5602275301724,5,0.14960187818636253
EC_A-44_003,A-44_EC003,A-44 existing cluster 3,70.0,4,0.4,170,3142.989522445434,437.0564450650247,2693.9910192389434,6,0.23385338708671383
EC_A-44_004,A-44_EC004,A-44 existing cluster 4,250.0,12,0.4,51,1241.1257579763928,0.0,478.5594376167558,0,0.013847205949558907
EC_A-44_005,A-44_EC005,A-44 existing cluster 5,22.0,2,0.4,44,732.0419845916686,1592.2407194529762,1996.47813979546,5,0.34661078815893404
EC_A-44_006,A-44_EC006,A-44 existing cluster 6,100.0,4,0.4,0,0.0,0.0,0.0,0,0.0
EC_A-44_007,A-44_EC007,A-44 existing cluster 7,120.0,3,0.4,0,0.0,0.0,0.0,0,0.0
EC_A-44_008,A-44_EC008,A-44 existing cluster 8,22.0,6,0.4,0,0.0,0.0,0.0,0,0.0
EC_A-44_009,A-44_EC009,A-44 existing cluster 9,100.0,4,0.4,0,0.0,0.0,0.0,0,0.0
EC_A-44_010,A-44_EC010,A-44 existing cluster 10,50.0,3,0.4,0,0.0,0.0,0.0,0,0.0
EC_A-49_000,A-49_EC000,A-49 existing cluster 0,21.06,16,0.4,3,77.84623684784759,0.0,221.7841505636684,0,0.004813024100774054
EC_A-49_001,A-49_EC001,A-49 existing cluster 1,150.0,4,0.4,1,23.021292399656474,0.0,9.866268171281346,0,0.0008564468898681724
EC_A-49_002,A-49_EC002,A-49 existing cluster 2,50.0,12,0.4,2,64.56475713502944,0.0,77.47770856203533,0,0.0022418318449663
EC_A-49_003,A-49_EC003,A-49 existing cluster 3,22.0,6,0.4,8,284.06615112779537,0.0,774.7258667121692,0,0.044833672842139426
EC_A-49_004,A-49_EC004,A-49 existing cluster 4,100.0,11,0.4,1,28.20794300026697,0.0,16.92476580016018,0,0.0005342413447020259
EC_A-49_005,A-49_EC005,A-49 existing cluster 5,50.0,6,0.4,160,3927.3208496965935,4726.940770155788,4712.78501963591,27,0.27273061456226333
EC_A-49_006,A-49_EC006,A-49 existing cluster 6,60.0,8,0.4,46,1405.7605678568257,0.0,1405.7605678568257,0,0.061013913535452505
EC_A-49_007,A-49_EC007,A-49 existing cluster 7,22.0,4,0.4,31,743.712000903433,1101.8039914165288,2028.3054570093632,8,0.1760681820320628
EC_A-49_008,A-49_EC008,A-49 existing cluster 8,50.0,9,0.4,241,5769.906300594389,2212.517865194596,6923.887560713264,16,0.2671252916941846
EC_A-49_009,A-49_EC009,A-49 existing cluster 9,100.0,10,0.4,5,171.27060567012347,0.0,102.76236340207409,0,0.0035681376181275724
EC_A-49_010,A-49_EC010,A-49 existing cluster 10,350.0,6,0.4,178,4241.540290293613,338.9100213741302,1680.449023618023,8,0.09724820738530225
EC_A-49_011,A-49_EC011,A-49 existing cluster 11,90.0,3,0.4,92,2250.846134320016,1017.0860297927381,1500.5640895466781,7,0.17367639925308775
EC_A-49_012,A-49_EC012,A-49 existing cluster 12,400.0,17,0.4,2,60.30748131590231,0.0,31.416420177840322,0,0.0006416752487303988
EC_A-49_013,A-49_EC013,A-49 existing cluster 13,100.0,6,0.4,58,1415.9230530447114,339.0790294898668,849.5538318268267,8,0.04916399489738581
EC_A-49_014,A-49_EC014,A-49 existing cluster 14,50.0,12,0.4,0,0.0,0.0,0.0,0,0.0
EC_A-49_015,A-49_EC015,A-49 existing cluster 15,50.0,9,0.4,20,567.2124044724575,0.0,680.654885366949,0,0.02625983354039155
EC_A-5_000,A-5_EC000,A-5 existing cluster 0,150.0,22,0.4,600,17856.374668396627,1.8016207057734164,7665.199220314173,2,0.12097852304788782
EC_A-5_001,A-5_EC001,A-5 existing cluster 1,150.0,15,0.4,2,94.69247691064933,0.0,43.9827491659086,0,0.0010181191936552917
EC_A-5_002,A-5_EC002,A-5 existing cluster 2,60.0,26,0.4,4,164.65044621813306,0.0,169.92604498083745,0,0.002269311498141526
EC_A-5_003,A-5_EC003,A-5 existing cluster 3,90.0,22,0.4,0,0.0,0.0,0.0,0,0.0
EC_A-5_004,A-5_EC004,A-5 existing cluster 4,150.0,20,0.4,4,121.4489791922692,0.0,57.591404771067644,0,0.00099985077727548
EC_A-5_005,A-5_EC005,A-5 existing cluster 5,50.0,29,0.4,1,32.113586227949966,0.0,38.53630347353996,0,0.0004614021009762926
EC_A-5_006,A-5_EC006,A-5 existing cluster 6,150.0,24,0.4,56,1769.3334034809716,0.0,871.7592592354937,0,0.012612257801439434
EC_A-5_007,A-5_EC007,A-5 existing cluster 7,80.0,31,0.4,8,216.00042730382427,0.0,162.3445065538822,0,0.001818374849393842
EC_A-5_008,A-5_EC008,A-5 existing cluster 8,100.0,36,0.4,620,18797.040925150024,0.0,11551.654433816399,0,0.11141642007924767
EC_A-5_009,A-5_EC009,A-5 existing cluster 9,360.0,52,0.4,1053,30888.744017527064,0.0,13110.30605569223,0,0.08754210774367141
EC_A-5_010,A-5_EC010,A-5 existing cluster 10,350.0,32,0.4,972,23323.512303241707,0.0,8856.964948883598,0,0.09610422036549043
EC_A-5_011,A-5_EC011,A-5 existing cluster 11,360.0,31,0.4,614,19954.30565593106,0.0,6982.529678019033,0,0.07820933779143183
EC_A-5_012,A-5_EC012,A-5 existing cluster 12,150.0,25,0.4,563,18081.629693717543,0.09742515921323047,7995.33917297872,1,0.11104637740248222
EC_A-5_013,A-5_EC013,A-5 existing cluster 13,250.0,41,0.4,486,11323.411362765357,0.0,4424.593657076293,0,0.037471152244887306
EC_A-5_014,A-5_EC014,A-5 existing cluster 14,100.0,25,0.4,0,0.0,0.0,0.0,0,0.0
EC_A-5_015,A-5_EC015,A-5 existing cluster 15,50.0,16,0.4,0,0.0,0.0,0.0,0,0.0
EC_AP-7N_000,AP-7N_EC000,AP-7N existing cluster 0,150.0,27,0.4,0,0.0,0.0,0.0,0,0.0
EC_AP-7N_001,AP-7N_EC001,AP-7N existing cluster 1,250.0,43,0.4,0,0.0,0.0,0.0,0,0.0
EC_AP-7N_002,AP-7N_EC002,AP-7N existing cluster 2,60.0,32,0.4,0,0.0,0.0,0.0,0,0.0
EC_AP-7N_003,AP-7N_EC003,AP-7N existing cluster 3,250.0,28,0.4,1,51.15335289800848,0.0,12.928033931402434,0,0.00016031788109378017
EC_AP-7N_004,AP-7N_EC004,AP-7N existing cluster 4,320.0,28,0.4,161,4091.0712434801703,0.0,1417.7508049430926,0,0.01758123518034589
EC_AP-7N_005,AP-7N_EC005,AP-7N existing cluster 5,100.0,35,0.4,0,0.0,0.0,0.0,0,0.0
EC_AP-7N_006,AP-7N_EC006,AP-7N existing cluster 6,150.0,25,0.4,8,255.07761549625602,0.0,126.37182752132107,0,0.0017551642711294592
EC_AP-7N_007,AP-7N_EC007,AP-7N existing cluster 7,320.0,23,0.4,2,64.16502521823357,0.0,32.08251260911678,0,0.00048433744880913015
EC_AP-7N_008,AP-7N_EC008,AP-7N existing cluster 8,100.0,35,0.4,3,96.43740933740722,0.0,57.86244560244434,0,0.0005740321984369478
EC_AP-7N_009,AP-7N_EC009,AP-7N existing cluster 9,180.0,38,0.4,5,160.55836597025635,0.0,80.27918298512817,0,0.0007335451661652794
EC_AP-7N_010,AP-7N_EC010,AP-7N existing cluster 10,50.0,28,0.4,5,157.35833232582672,0.0,188.82999879099208,0,0.0023416418500867074
EC_AP-7N_011,AP-7N_EC011,AP-7N existing cluster 11,250.0,37,0.4,6,195.36985298677658,0.0,86.29698412548426,0,0.0008098440702466616
EC_AP-7N_012,AP-7N_EC012,AP-7N existing cluster 12,150.0,47,0.4,6,199.1466205341343,0.0,97.43469347972504,0,0.0007198189530121531
EC_AP-7N_013,AP-7N_EC013,AP-7N existing cluster 13,50.0,33,0.4,6,197.9504033258839,0.0,237.54048399106068,0,0.002499373779367221
EC_AP-7N_014,AP-7N_EC014,AP-7N existing cluster 14,60.0,56,0.4,2,66.44749832510378,0.0,66.44749832510378,0,0.00041200085767053435
EC_AP-7N_015,AP-7N_EC015,AP-7N existing cluster 15,200.0,40,0.4,8,284.3416449066916,0.0,111.0819925970034,0,0.0009642534079600991
EC_AP-7N_016,AP-7N_EC016,AP-7N existing cluster 16,200.0,35,0.4,1,37.53599008881932,0.0,11.260797026645795,0,0.00011171425621672416
EC_AP-7N_017,AP-7N_EC017,AP-7N existing cluster 17,150.0,57,0.4,7,226.2026175276112,0.0,100.76131313797137,0,0.0006137994221367652
EC_AP-7N_018,AP-7N_EC018,AP-7N existing cluster 18,240.0,51,0.4,16,535.711674106155,0.0,192.717294416965,0,0.0013120730829041733
EC_AP-7N_019,AP-7N_EC019,AP-7N existing cluster 19,150.0,20,0.4,9,330.75735425436756,0.0,142.8625274450133,0,0.0024802522125870366
EC_AP-7N_020,AP-7N_EC020,AP-7N existing cluster 20,150.0,85,0.4,3,118.29589617168045,0.0,49.04745894445314,0,0.00020035726692995564
EC_AP-7N_021,AP-7N_EC021,AP-7N existing cluster 21,50.0,26,0.4,83,2679.107873272851,0.0,3214.929447927422,0,0.04293442104603929
EC_AP-7N_022,AP-7N_EC022,AP-7N existing cluster 22,55.0,32,0.4,158,4714.84604238405,0.0,5143.471307371437,0,0.05581023554005466
EC_AP-7N_023,AP-7N_EC023,AP-7N existing cluster 23,150.0,30,0.4,16,554.7997454984368,0.0,228.94210200276183,0,0.002649792847254188
EC_AP-7N_024,AP-7N_EC024,AP-7N existing cluster 24,150.0,47,0.4,298,10901.530704883955,0.0,5075.636309309797,0,0.0374973131597946
EC_AP-7N_025,AP-7N_EC025,AP-7N existing cluster 25,250.0,42,0.4,120,2812.076761890529,0.0,989.0482072533982,0,0.008176655152557855
EC_AP-7N_026,AP-7N_EC026,AP-7N existing cluster 26,150.0,32,0.4,831,15753.889526030274,0.0,7029.7398857650405,0,0.07627755952436024
EC_AP-7N_027,AP-7N_EC027,AP-7N existing cluster 27,250.0,37,0.4,8,267.8498939235394,0.0,133.25824806270953,0,0.001250546622210112
EC_AP-7N_028,AP-7N_EC028,AP-7N existing cluster 28,350.0,23,0.4,221,6471.355128133647,0.0,2909.172782075781,0,0.04391867122698945
EC_AP-7N_029,AP-7N_EC029,AP-7N existing cluster 29,60.0,24,0.4,6,250.36582281614324,0.0,262.1226045115671,0,0.0037922830513826256
EC_AP-7N_030,AP-7N_EC030,AP-7N existing cluster 30,50.0,27,0.4,3,145.77969268615323,0.0,183.79927027600417,0,0.0023636737432613706
EC_AP-7N_031,AP-7N_EC031,AP-7N existing cluster 31,350.0,30,0.4,0,0.0,0.0,0.0,0,0.0
EC_AP-7N_032,AP-7N_EC032,AP-7N existing cluster 32,100.0,32,0.4,0,0.0,0.0,0.0,0,0.0
EC_AP-7N_033,AP-7N_EC033,AP-7N existing cluster 33,350.0,30,0.4,0,0.0,0.0,0.0,0,0.0
EC_AP-7N_034,AP-7N_EC034,AP-7N existing cluster 34,250.0,42,0.4,0,0.0,0.0,0.0,0,0.0
EC_AP-7N_035,AP-7N_EC035,AP-7N existing cluster 35,150.0,26,0.4,0,0.0,0.0,0.0,0,0.0
EC_AP-7N_036,AP-7N_EC036,AP-7N existing cluster 36,60.0,30,0.4,33,1257.104661176318,0.0,1330.4307880798638,0,0.01539850449166509
EC_N-1_000,N-1_EC000,N-1 existing cluster 0,50.0,11,0.4,0,0.0,0.0,0.0,0,0.0
EC_N-1_001,N-1_EC001,N-1 existing cluster 1,180.0,5,0.4,0,0.0,0.0,0.0,0,0.0
EC_N-1_002,N-1_EC002,N-1 existing cluster 2,50.0,6,0.4,0,0.0,0.0,0.0,0,0.0
EC_N-1_003,N-1_EC003,N-1 existing cluster 3,120.0,5,0.4,0,0.0,0.0,0.0,0,0.0
EC_N-1_004,N-1_EC004,N-1 existing cluster 4,40.0,5,0.4,0,0.0,0.0,0.0,0,0.0
EC_N-1_005,N-1_EC005,N-1 existing cluster 5,50.0,8,0.4,0,0.0,0.0,0.0,0,0.0
EC_N-1_006,N-1_EC006,N-1 existing cluster 6,150.0,13,0.4,0,0.0,0.0,0.0,0,0.0
EC_N-1_007,N-1_EC007,N-1 existing cluster 7,150.0,12,0.4,0,0.0,0.0,0.0,0,0.0
EC_N-1_008,N-1_EC008,N-1 existing cluster 8,150.0,8,0.4,0,0.0,0.0,0.0,0,0.0
EC_N-1_009,N-1_EC009,N-1 existing cluster 9,150.0,8,0.4,0,0.0,0.0,0.0,0,0.0
EC_N-1_010,N-1_EC010,N-1 existing cluster 10,50.0,5,0.4,0,0.0,0.0,0.0,0,0.0
EC_N-1_011,N-1_EC011,N-1 existing cluster 11,150.0,21,0.4,0,0.0,0.0,0.0,0,0.0
EC_N-1_012,N-1_EC012,N-1 existing cluster 12,150.0,22,0.4,0,0.0,0.0,0.0,0,0.0
EC_N-1_013,N-1_EC013,N-1 existing cluster 13,120.0,12,0.4,0,0.0,0.0,0.0,0,0.0
EC_N-1_014,N-1_EC014,N-1 existing cluster 14,250.0,22,0.4,0,0.0,0.0,0.0,0,0.0
EC_N-1_015,N-1_EC015,N-1 existing cluster 15,60.0,7,0.4,0,0.0,0.0,0.0,0,0.0
EC_N-120_000,N-120_EC000,N-120 existing cluster 0,150.0,14,0.4,34,980.7102514682784,0.0,420.9009946586443,0,0.010439012764351299
EC_N-120_001,N-120_EC001,N-120 existing cluster 1,150.0,13,0.4,18,515.6464684012273,0.0,229.41404310193897,0,0.006127511834987686
EC_N-120_002,N-120_EC002,N-120 existing cluster 2,300.0,21,0.4,72,2159.1071203352153,0.0,911.2961874792433,0,0.01506772796758008
EC_N-120_003,N-120_EC003,N-120 existing cluster 3,50.0,16,0.4,20,554.4644030839197,0.0,679.5261496734015,0,0.014746661234231804
EC_N-120_004,N-120_EC004,N-120 existing cluster 4,50.0,13,0.4,0,0.0,0.0,0.0,0,0.0
EC_N-120_005,N-120_EC005,N-120 existing cluster 5,22.0,8,0.4,1,42.24302831040697,0.0,115.20825902838264,0,0.005000358464773552
EC_N-120_006,N-120_EC006,N-120 existing cluster 6,50.0,17,0.4,0,0.0,0.0,0.0,0,0.0
EC_N-120_007,N-120_EC007,N-120 existing cluster 7,150.0,20,0.4,1,39.87955609372365,0.0,15.95182243748946,0,0.0002769413617619698
EC_N-120_008,N-120_EC008,N-120 existing cluster 8,150.0,15,0.4,0,0.0,0.0,0.0,0,0.0
EC_N-120_009,N-120_EC009,N-120 existing cluster 9,100.0,11,0.4,29,739.9646285708736,0.0,447.62286923932925,0,0.014129509761342463
EC_N-120_010,N-120_EC010,N-120 existing cluster 10,250.0,14,0.4,2,73.49156818905735,0.0,26.92204037585777,0,0.0006677093347186947
EC_N-120_011,N-120_EC011,N-120 existing cluster 11,50.0,15,0.4,71,1841.86467054056,0.0,2294.1123488712797,0,0.05310445252016851
EC_N-120_012,N-120_EC012,N-120 existing cluster 12,100.0,13,0.4,10,269.89523521592,0.0,168.91126146785575,0,0.004511518735786746
EC_N-120_013,N-120_EC013,N-120 existing cluster 13,150.0,13,0.4,13,403.7664642410593,0.0,181.20393983929023,0,0.004839848820493863
EC_N-120_014,N-120_EC014,N-120 existing cluster 14,100.0,15,0.4,10,396.6946130118308,0.0,245.14381490742542,0,0.005674625345079292
EC_N-120_015,N-120_EC015,N-120 existing cluster 15,50.0,13,0.4,48,1388.5308938235805,0.0,1670.766104846361,0,0.04462516305679383
EC_N-121-A_000,N-121-A_EC000,N-121-A existing cluster 0,50.0,2,0.4,0,0.0,0.0,0.0,0,0.0
EC_N-121-A_001,N-121-A_EC001,N-121-A existing cluster 1,50.0,2,0.4,0,0.0,0.0,0.0,0,0.0
EC_N-121-A_002,N-121-A_EC002,N-121-A existing cluster 2,22.0,2,0.4,0,0.0,0.0,0.0,0,0.0
EC_N-121-A_003,N-121-A_EC003,N-121-A existing cluster 3,150.0,2,0.4,0,0.0,0.0,0.0,0,0.0
EC_N-121-A_004,N-121-A_EC004,N-121-A existing cluster 4,50.0,2,0.4,0,0.0,0.0,0.0,0,0.0
EC_N-121-A_005,N-121-A_EC005,N-121-A existing cluster 5,50.0,3,0.4,0,0.0,0.0,0.0,0,0.0
EC_N-121-A_006,N-121-A_EC006,N-121-A existing cluster 6,60.0,1,0.4,0,0.0,0.0,0.0,0,0.0
EC_N-121-A_007,N-121-A_EC007,N-121-A existing cluster 7,50.0,2,0.4,0,0.0,0.0,0.0,0,0.0
EC_N-121-A_008,N-121-A_EC008,N-121-A existing cluster 8,22.0,8,0.4,0,0.0,0.0,0.0,0,0.0
EC_N-121-A_009,N-121-A_EC009,N-121-A existing cluster 9,50.0,3,0.4,0,0.0,0.0,0.0,0,0.0
EC_N-121-A_010,N-121-A_EC010,N-121-A existing cluster 10,50.0,3,0.4,0,0.0,0.0,0.0,0,0.0
EC_N-121-A_011,N-121-A_EC011,N-121-A existing cluster 11,50.0,3,0.4,0,0.0,0.0,0.0,0,0.0
EC_N-2_000,N-2_EC000,N-2 existing cluster 0,180.0,17,0.4,9,349.65957912909005,0.0,160.35591375616656,0,0.0032752433365230097
EC_N-2_001,N-2_EC001,N-2 existing cluster 1,100.0,12,0.4,0,0.0,0.0,0.0,0,0.0
EC_N-2_002,N-2_EC002,N-2 existing cluster 2,60.0,13,0.4,64,1459.643345981067,0.0,1501.6372071647804,0,0.0401078313879482
EC_N-2_003,N-2_EC003,N-2 existing cluster 3,55.0,35,0.4,24,383.54097748440546,0.0,468.0014560418585,0,0.00464287158771685
EC_N-2_004,N-2_EC004,N-2 existing cluster 4,55.0,12,0.4,40,1512.0682501347621,0.0,1649.5290001470128,0,0.04772942708758717
EC_N-2_005,N-2_EC005,N-2 existing cluster 5,22.0,14,0.4,0,0.0,0.0,0.0,0,0.0
EC_N-2_006,N-2_EC006,N-2 existing cluster 6,50.0,13,0.4,0,0.0,0.0,0.0,0,0.0
EC_N-2_007,N-2_EC007,N-2 existing cluster 7,30.0,13,0.4,0,0.0,0.0,0.0,0,0.0
EC_N-2_008,N-2_EC008,N-2 existing cluster 8,150.0,7,0.4,0,0.0,0.0,0.0,0,0.0
EC_N-2_009,N-2_EC009,N-2 existing cluster 9,50.0,9,0.4,0,0.0,0.0,0.0,0,0.0
EC_N-2_010,N-2_EC010,N-2 existing cluster 10,50.0,8,0.4,0,0.0,0.0,0.0,0,0.0
EC_N-2_011,N-2_EC011,N-2 existing cluster 11,90.0,10,0.4,0,0.0,0.0,0.0,0,0.0
EC_N-2_012,N-2_EC012,N-2 existing cluster 12,150.0,8,0.4,0,0.0,0.0,0.0,0,0.0
EC_N-2_013,N-2_EC013,N-2 existing cluster 13,350.0,8,0.4,0,0.0,0.0,0.0,0,0.0
EC_N-2_014,N-2_EC014,N-2 existing cluster 14,250.0,22,0.4,0,0.0,0.0,0.0,0,0.0
EC_N-2_015,N-2_EC015,N-2 existing cluster 15,350.0,8,0.4,0,0.0,0.0,0.0,0,0.0
EC_N-232_000,N-232_EC000,N-232 existing cluster 0,50.0,8,0.4,0,0.0,0.0,0.0,0,0.0
EC_N-232_001,N-232_EC001,N-232 existing cluster 1,100.0,4,0.4,0,0.0,0.0,0.0,0,0.0
EC_N-232_002,N-232_EC002,N-232 existing cluster 2,50.0,6,0.4,0,0.0,0.0,0.0,0,0.0
EC_N-232_003,N-232_EC003,N-232 existing cluster 3,22.17,8,0.4,0,0.0,0.0,0.0,0,0.0
EC_N-232_004,N-232_EC004,N-232 existing cluster 4,120.0,5,0.4,0,0.0,0.0,0.0,0,0.0
EC_N-232_005,N-232_EC005,N-232 existing cluster 5,50.0,11,0.4,0,0.0,0.0,0.0,0,0.0
EC_N-232_006,N-232_EC006,N-232 existing cluster 6,22.17,6,0.4,0,0.0,0.0,0.0,0,0.0
EC_N-232_007,N-232_EC007,N-232 existing cluster 7,150.0,6,0.4,0,0.0,0.0,0.0,0,0.0
EC_N-232_008,N-232_EC008,N-232 existing cluster 8,70.0,6,0.4,0,0.0,0.0,0.0,0,0.0
EC_N-232_009,N-232_EC009,N-232 existing cluster 9,100.0,4,0.4,2,43.28152487804182,0.0,25.968914926825097,0,0.0022542460873980117
EC_N-232_010,N-232_EC010,N-232 existing cluster 10,100.0,10,0.4,0,0.0,0.0,0.0,0,0.0
EC_N-232_011,N-232_EC011,N-232 existing cluster 11,50.0,6,0.4,0,0.0,0.0,0.0,0,0.0
EC_N-232_012,N-232_EC012,N-232 existing cluster 12,120.0,12,0.4,0,0.0,0.0,0.0,0,0.0
EC_N-232_013,N-232_EC013,N-232 existing cluster 13,50.0,6,0.4,0,0.0,0.0,0.0,0,0.0
EC_N-232_014,N-232_EC014,N-232 existing cluster 14,22.0,4,0.4,2,43.00500868876185,0.0,117.28638733298686,0,0.010181110011543999
EC_N-232_015,N-232_EC015,N-232 existing cluster 15,100.0,4,0.4,0,0.0,0.0,0.0,0,0.0
EC_N-232A_000,N-232A_EC000,N-232A existing cluster 0,22.0,2,0.4,0,0.0,0.0,0.0,0,0.0
EC_N-232A_001,N-232A_EC001,N-232A existing cluster 1,50.0,5,0.4,0,0.0,0.0,0.0,0,0.0
EC_N-232A_002,N-232A_EC002,N-232A existing cluster 2,50.0,3,0.4,0,0.0,0.0,0.0,0,0.0
EC_N-232A_003,N-232A_EC003,N-232A existing cluster 3,50.0,3,0.4,0,0.0,0.0,0.0,0,0.0
EC_N-234_000,N-234_EC000,N-234 existing cluster 0,90.0,9,0.4,0,0.0,0.0,0.0,0,0.0
EC_N-234_001,N-234_EC001,N-234 existing cluster 1,150.0,10,0.4,0,0.0,0.0,0.0,0,0.0
EC_N-234_002,N-234_EC002,N-234 existing cluster 2,50.0,5,0.4,0,0.0,0.0,0.0,0,0.0
EC_N-234_003,N-234_EC003,N-234 existing cluster 3,22.17,4,0.4,1,41.36563935217998,0.0,111.95030947815962,0,0.009717908808868024
EC_N-234_004,N-234_EC004,N-234 existing cluster 4,50.0,5,0.4,3,117.93737516246699,0.0,145.07839858205713,0,0.010074888790420634
EC_N-234_005,N-234_EC005,N-234 existing cluster 5,100.0,7,0.4,3,110.08599155837612,0.0,66.05159493502568,0,0.0032763687963802417
EC_N-234_006,N-234_EC006,N-234 existing cluster 6,100.0,2,0.4,10,264.0103481651068,8.605265764833462,159.29459599583828,1,0.027655311804833035
EC_N-234_007,N-234_EC007,N-234 existing cluster 7,50.0,5,0.4,3,134.9720143751196,0.0,167.59153515491408,0,0.01163830105242459
EC_N-234_008,N-234_EC008,N-234 existing cluster 8,320.0,7,0.4,8,298.52927115749844,0.0,120.61792881160768,0,0.00598303218311546
EC_N-234_009,N-234_EC009,N-234 existing cluster 9,22.0,2,0.4,0,0.0,0.0,0.0,0,0.0
EC_N-234_010,N-234_EC010,N-234 existing cluster 10,120.0,6,0.4,17,574.0571997651703,0.0,290.00679829775834,0,0.01678280082741657
EC_N-234_011,N-234_EC011,N-234 existing cluster 11,100.0,7,0.4,17,549.7016561661521,0.0,331.00501471103365,0,0.01641889953923778
EC_N-234_012,N-234_EC012,N-234 existing cluster 12,50.0,3,0.4,26,636.1383169797717,2.244467486179474,763.4732424246545,1,0.08836495861396464
EC_N-234_013,N-234_EC013,N-234 existing cluster 13,50.0,9,0.4,27,691.6307306075856,0.0,863.8091322978873,0,0.033325969610258
EC_N-234_014,N-234_EC014,N-234 existing cluster 14,22.0,4,0.4,26,770.9522627415412,72.26744890113878,2115.1440399960993,2,0.1836062534718836
EC_N-234_015,N-234_EC015,N-234 existing cluster 15,7.4,2,0.4,12,314.519239055678,2008.8314091137293,2572.7436730472946,4,0.446656887681822
EC_N-240_000,N-240_EC000,N-240 existing cluster 0,50.0,11,0.4,0,0.0,0.0,0.0,0,0.0
EC_N-240_001,N-240_EC001,N-240 existing cluster 1,250.0,15,0.4,0,0.0,0.0,0.0,0,0.0
EC_N-240_002,N-240_EC002,N-240 existing cluster 2,50.0,10,0.4,0,0.0,0.0,0.0,0,0.0
EC_N-240_003,N-240_EC003,N-240 existing cluster 3,100.0,14,0.4,0,0.0,0.0,0.0,0,0.0
EC_N-240_004,N-240_EC004,N-240 existing cluster 4,100.0,14,0.4,0,0.0,0.0,0.0,0,0.0
EC_N-240_005,N-240_EC005,N-240 existing cluster 5,50.0,10,0.4,0,0.0,0.0,0.0,0,0.0
EC_N-240_006,N-240_EC006,N-240 existing cluster 6,50.0,13,0.4,0,0.0,0.0,0.0,0,0.0
EC_N-240_007,N-240_EC007,N-240 existing cluster 7,50.0,19,0.4,0,0.0,0.0,0.0,0,0.0
EC_N-240_008,N-240_EC008,N-240 existing cluster 8,22.0,15,0.4,0,0.0,0.0,0.0,0,0.0
EC_N-240_009,N-240_EC009,N-240 existing cluster 9,55.0,14,0.4,0,0.0,0.0,0.0,0,0.0
EC_N-240_010,N-240_EC010,N-240 existing cluster 10,100.0,15,0.4,0,0.0,0.0,0.0,0,0.0
EC_N-240_011,N-240_EC011,N-240 existing cluster 11,150.0,12,0.4,0,0.0,0.0,0.0,0,0.0
EC_N-240_012,N-240_EC012,N-240 existing cluster 12,120.0,18,0.4,0,0.0,0.0,0.0,0,0.0
EC_N-240_013,N-240_EC013,N-240 existing cluster 13,180.0,15,0.4,0,0.0,0.0,0.0,0,0.0
EC_N-240_014,N-240_EC014,N-240 existing cluster 14,50.0,17,0.4,0,0.0,0.0,0.0,0,0.0
EC_N-240_015,N-240_EC015,N-240 existing cluster 15,150.0,11,0.4,0,0.0,0.0,0.0,0,0.0
EC_N-301_000,N-301_EC000,N-301 existing cluster 0,50.0,5,0.4,107,3111.3895981390096,5112.02609302069,3733.6675177668085,20,0.25928246651158393
EC_N-301_001,N-301_EC001,N-301 existing cluster 1,7.4,2,0.4,6,178.658880330785,69.0111244011091,1448.5855161955537,2,0.2514905410061725
EC_N-301_002,N-301_EC002,N-301 existing cluster 2,90.0,4,0.4,49,1402.6897929731288,518.0499356917528,935.1265286487525,7,0.0811741778340931
EC_N-301_003,N-301_EC003,N-301 existing cluster 3,22.17,4,0.4,10,277.6257565116756,57.62797897036421,751.3552273658337,3,0.06522180793106196
EC_N-301_004,N-301_EC004,N-301 existing cluster 4,100.0,4,0.4,2,63.823432439174184,0.0,38.29405946350451,0,0.0033241371062069885
EC_N-301_005,N-301_EC005,N-301 existing cluster 5,150.0,25,0.4,1,27.122509269715366,0.0,11.62393254416373,0,0.00016144350755782958
EC_N-301_006,N-301_EC006,N-301 existing cluster 6,100.0,4,0.4,21,659.8591831482909,0.0,395.9155098889744,0,0.03436766578897347
EC_N-301_007,N-301_EC007,N-301 existing cluster 7,100.0,4,0.4,1,34.72324381182814,0.0,20.833946287096886,0,0.0018085022818660492
EC_N-301_008,N-301_EC008,N-301 existing cluster 8,22.0,4,0.4,5,139.81911063710913,0.0,381.3248471921159,0,0.03310111520764895
EC_N-301_009,N-301_EC009,N-301 existing cluster 9,50.0,3,0.4,17,457.7816197528189,93.68894641658483,549.3379437033826,2,0.06358078052122484
EC_N-301_010,N-301_EC010,N-301 existing cluster 10,50.0,5,0.4,6,199.37366803720917,0.0,239.24840164465098,0,0.016614472336434098
EC_N-301_011,N-301_EC011,N-301 existing cluster 11,50.0,3,0.4,39,965.4017100526462,141.86557082621823,1158.4820520631758,3,0.13408357084064534
EC_N-301_012,N-301_EC012,N-301 existing cluster 12,60.0,2,0.4,17,499.2079936489461,28.205968665928822,499.2079936489461,2,0.08666805445294204
EC_N-301_013,N-301_EC013,N-301 existing cluster 13,60.0,2,0.4,2,67.7163638645127,0.0,67.7163638645127,0,0.011756313170922343
EC_N-301_014,N-301_EC014,N-301 existing cluster 14,50.0,4,0.4,0,0.0,0.0,0.0,0,0.0
EC_N-301_015,N-301_EC015,N-301 existing cluster 15,22.0,2,0.4,0,0.0,0.0,0.0,0,0.0
EC_N-330_000,N-330_EC000,N-330 existing cluster 0,50.0,13,0.4,0,0.0,0.0,0.0,0,0.0
EC_N-330_001,N-330_EC001,N-330 existing cluster 1,350.0,4,0.4,0,0.0,0.0,0.0,0,0.0
EC_N-330_002,N-330_EC002,N-330 existing cluster 2,350.0,9,0.4,0,0.0,0.0,0.0,0,0.0
EC_N-330_003,N-330_EC003,N-330 existing cluster 3,60.0,14,0.4,0,0.0,0.0,0.0,0,0.0
EC_N-330_004,N-330_EC004,N-330 existing cluster 4,50.0,9,0.4,0,0.0,0.0,0.0,0,0.0
EC_N-330_005,N-330_EC005,N-330 existing cluster 5,100.0,8,0.4,0,0.0,0.0,0.0,0,0.0
EC_N-330_006,N-330_EC006,N-330 existing cluster 6,100.0,14,0.4,1,38.29914217222775,0.0,22.97948530333665,0,0.0005699277108962463
EC_N-330_007,N-330_EC007,N-330 existing cluster 7,50.0,11,0.4,0,0.0,0.0,0.0,0,0.0
EC_N-330_008,N-330_EC008,N-330 existing cluster 8,150.0,8,0.4,0,0.0,0.0,0.0,0,0.0
EC_N-330_009,N-330_EC009,N-330 existing cluster 9,150.0,9,0.4,0,0.0,0.0,0.0,0,0.0
EC_N-330_010,N-330_EC010,N-330 existing cluster 10,50.0,7,0.4,0,0.0,0.0,0.0,0,0.0
EC_N-330_011,N-330_EC011,N-330 existing cluster 11,50.0,8,0.4,0,0.0,0.0,0.0,0,0.0
EC_N-330_012,N-330_EC012,N-330 existing cluster 12,150.0,11,0.4,0,0.0,0.0,0.0,0,0.0
EC_N-330_013,N-330_EC013,N-330 existing cluster 13,100.0,8,0.4,0,0.0,0.0,0.0,0,0.0
EC_N-330_014,N-330_EC014,N-330 existing cluster 14,100.0,10,0.4,0,0.0,0.0,0.0,0,0.0
EC_N-330_015,N-330_EC015,N-330 existing cluster 15,60.0,16,0.4,0,0.0,0.0,0.0,0,0.0
EC_N-340A_000,N-340A_EC000,N-340A existing cluster 0,100.0,11,0.4,0,0.0,0.0,0.0,0,0.0
EC_N-340A_001,N-340A_EC001,N-340A existing cluster 1,22.0,5,0.4,0,0.0,0.0,0.0,0,0.0
EC_N-340A_002,N-340A_EC002,N-340A existing cluster 2,22.0,7,0.4,0,0.0,0.0,0.0,0,0.0
EC_N-340A_003,N-340A_EC003,N-340A existing cluster 3,22.0,11,0.4,0,0.0,0.0,0.0,0,0.0
EC_N-340A_004,N-340A_EC004,N-340A existing cluster 4,22.0,4,0.4,0,0.0,0.0,0.0,0,0.0
EC_N-340A_005,N-340A_EC005,N-340A existing cluster 5,22.0,3,0.4,0,0.0,0.0,0.0,0,0.0
EC_N-340A_006,N-340A_EC006,N-340A existing cluster 6,50.0,5,0.4,0,0.0,0.0,0.0,0,0.0
EC_N-340A_007,N-340A_EC007,N-340A existing cluster 7,60.0,4,0.4,0,0.0,0.0,0.0,0,0.0
EC_N-340A_008,N-340A_EC008,N-340A existing cluster 8,100.0,9,0.4,0,0.0,0.0,0.0,0,0.0
EC_N-340A_009,N-340A_EC009,N-340A existing cluster 9,100.0,15,0.4,0,0.0,0.0,0.0,0,0.0
EC_N-340A_010,N-340A_EC010,N-340A existing cluster 10,60.0,4,0.4,0,0.0,0.0,0.0,0,0.0
EC_N-340A_011,N-340A_EC011,N-340A existing cluster 11,60.0,7,0.4,0,0.0,0.0,0.0,0,0.0
EC_N-340A_012,N-340A_EC012,N-340A existing cluster 12,150.0,8,0.4,0,0.0,0.0,0.0,0,0.0
EC_N-340A_013,N-340A_EC013,N-340A existing cluster 13,55.0,7,0.4,0,0.0,0.0,0.0,0,0.0
EC_N-340A_014,N-340A_EC014,N-340A existing cluster 14,55.2,6,0.4,0,0.0,0.0,0.0,0,0.0
EC_N-340A_015,N-340A_EC015,N-340A existing cluster 15,60.0,5,0.4,0,0.0,0.0,0.0,0,0.0
EC_N-4_000,N-4_EC000,N-4 existing cluster 0,140.0,8,0.4,0,0.0,0.0,0.0,0,0.0
EC_N-4_001,N-4_EC001,N-4 existing cluster 1,50.0,3,0.4,0,0.0,0.0,0.0,0,0.0
EC_N-4_002,N-4_EC002,N-4 existing cluster 2,50.0,13,0.4,0,0.0,0.0,0.0,0,0.0
EC_N-4_003,N-4_EC003,N-4 existing cluster 3,50.0,3,0.4,0,0.0,0.0,0.0,0,0.0
EC_N-4_004,N-4_EC004,N-4 existing cluster 4,10.53,4,0.4,8,156.79033076168736,0.0,893.3921980722926,0,0.07755140608266428
EC_N-4_005,N-4_EC005,N-4 existing cluster 5,22.0,4,0.4,0,0.0,0.0,0.0,0,0.0
EC_N-4_006,N-4_EC006,N-4 existing cluster 6,22.0,2,0.4,0,0.0,0.0,0.0,0,0.0
EC_N-4_007,N-4_EC007,N-4 existing cluster 7,22.0,2,0.4,0,0.0,0.0,0.0,0,0.0
EC_N-4_008,N-4_EC008,N-4 existing cluster 8,22.0,4,0.4,0,0.0,0.0,0.0,0,0.0
EC_N-4_009,N-4_EC009,N-4 existing cluster 9,22.0,2,0.4,0,0.0,0.0,0.0,0,0.0
EC_N-4_010,N-4_EC010,N-4 existing cluster 10,7.4,49,0.4,0,0.0,0.0,0.0,0,0.0
EC_N-4_011,N-4_EC011,N-4 existing cluster 11,150.0,2,0.4,0,0.0,0.0,0.0,0,0.0
EC_N-4_012,N-4_EC012,N-4 existing cluster 12,22.17,6,0.4,0,0.0,0.0,0.0,0,0.0
EC_N-4_013,N-4_EC013,N-4 existing cluster 13,22.0,2,0.4,0,0.0,0.0,0.0,0,0.0
EC_N-4_014,N-4_EC014,N-4 existing cluster 14,22.0,6,0.4,0,0.0,0.0,0.0,0,0.0
EC_N-4_015,N-4_EC015,N-4 existing cluster 15,120.0,3,0.4,0,0.0,0.0,0.0,0,0.0
EC_N-420_000,N-420_EC000,N-420 existing cluster 0,50.0,8,0.4,0,0.0,0.0,0.0,0,0.0
EC_N-420_001,N-420_EC001,N-420 existing cluster 1,50.0,8,0.4,0,0.0,0.0,0.0,0,0.0
EC_N-420_002,N-420_EC002,N-420 existing cluster 2,50.0,9,0.4,0,0.0,0.0,0.0,0,0.0
EC_N-420_003,N-420_EC003,N-420 existing cluster 3,110.0,8,0.4,0,0.0,0.0,0.0,0,0.0
EC_N-420_004,N-420_EC004,N-420 existing cluster 4,22.0,6,0.4,0,0.0,0.0,0.0,0,0.0
EC_N-420_005,N-420_EC005,N-420 existing cluster 5,50.0,7,0.4,0,0.0,0.0,0.0,0,0.0
EC_N-420_006,N-420_EC006,N-420 existing cluster 6,60.0,7,0.4,0,0.0,0.0,0.0,0,0.0
EC_N-420_007,N-420_EC007,N-420 existing cluster 7,55.0,7,0.4,0,0.0,0.0,0.0,0,0.0
EC_N-420_008,N-420_EC008,N-420 existing cluster 8,60.0,11,0.4,0,0.0,0.0,0.0,0,0.0
EC_N-420_009,N-420_EC009,N-420 existing cluster 9,100.0,8,0.4,0,0.0,0.0,0.0,0,0.0
EC_N-420_010,N-420_EC010,N-420 existing cluster 10,50.0,10,0.4,0,0.0,0.0,0.0,0,0.0
EC_N-420_011,N-420_EC011,N-420 existing cluster 11,50.0,7,0.4,0,0.0,0.0,0.0,0,0.0
EC_N-420_012,N-420_EC012,N-420 existing cluster 12,50.0,10,0.4,0,0.0,0.0,0.0,0,0.0
EC_N-420_013,N-420_EC013,N-420 existing cluster 13,22.0,18,0.4,0,0.0,0.0,0.0,0,0.0
EC_N-420_014,N-420_EC014,N-420 existing cluster 14,100.0,15,0.4,0,0.0,0.0,0.0,0,0.0
EC_N-420_015,N-420_EC015,N-420 existing cluster 15,7.6,12,0.4,0,0.0,0.0,0.0,0,0.0
EC_N-420A_000,N-420A_EC000,N-420A existing cluster 0,22.0,2,0.4,29,884.6675737805081,6419.026426409484,2412.7297466741124,10,0.4188766921309223
EC_N-420A_001,N-420A_EC001,N-420A existing cluster 1,60.0,1,0.4,13,436.5847346808299,328.517620915498,436.5847346808299,2,0.15159192176417705
EC_N-420A_002,N-420A_EC002,N-420A existing cluster 2,50.0,4,0.4,11,353.7658388171963,0.0,424.5190065806356,0,0.03685060821012462
EC_N-420A_003,N-420A_EC003,N-420A existing cluster 3,50.0,3,0.4,23,276.2219607027339,0.6185892089840763,331.52979982645263,1,0.03837150460954313
EC_N-420A_004,N-420A_EC004,N-420A existing cluster 4,60.0,2,0.4,9,298.5764958733074,58.99180664454184,298.5764958733074,2,0.05183619720022698
EC_N-420A_005,N-420A_EC005,N-420A existing cluster 5,21.0,2,0.4,5,56.790226944779775,0.0,162.25779127079937,0,0.028169755428958224
EC_N-420A_006,N-420A_EC006,N-420A existing cluster 6,55.0,3,0.4,53,793.7420713492965,27.491470941002262,865.9004414719599,2,0.10021995850369907
EC_N-420A_007,N-420A_EC007,N-420A existing cluster 7,50.0,3,0.4,26,857.9753214354843,227.60129890348355,1029.570385722581,4,0.1191632390882617
EC_N-420A_008,N-420A_EC008,N-420A existing cluster 8,7.0,1,0.4,8,255.34006203551843,6782.265469614804,2188.629103161586,7,0.7599406608199951
EC_N-430_000,N-430_EC000,N-430 existing cluster 0,50.0,8,0.4,0,0.0,0.0,0.0,0,0.0
EC_N-430_001,N-430_EC001,N-430 existing cluster 1,50.0,7,0.4,0,0.0,0.0,0.0,0,0.0
EC_N-430_002,N-430_EC002,N-430 existing cluster 2,150.0,4,0.4,0,0.0,0.0,0.0,0,0.0
EC_N-430_003,N-430_EC003,N-430 existing cluster 3,150.0,7,0.4,0,0.0,0.0,0.0,0,0.0
EC_N-430_004,N-430_EC004,N-430 existing cluster 4,100.0,8,0.4,7,172.12831848223715,0.0,105.30545813240273,0,0.004570549398107758
EC_N-430_005,N-430_EC005,N-430 existing cluster 5,60.0,5,0.4,4,138.55773223092748,0.0,138.55773223092748,0,0.009622064738258853
EC_N-430_006,N-430_EC006,N-430 existing cluster 6,150.0,7,0.4,4,87.57849722706841,0.0,39.26161542379643,0,0.0019475007650692673
EC_N-430_007,N-430_EC007,N-430 existing cluster 7,100.0,7,0.4,1,24.40894873359781,0.0,15.51633698209417,0,0.0007696595725245124
EC_N-430_008,N-430_EC008,N-430 existing cluster 8,100.0,5,0.4,2,71.68123872493754,0.0,43.99282325997583,0,0.0030550571708316547
EC_N-430_009,N-430_EC009,N-430 existing cluster 9,50.0,8,0.4,0,0.0,0.0,0.0,0,0.0
EC_N-430_010,N-430_EC010,N-430 existing cluster 10,120.0,5,0.4,0,0.0,0.0,0.0,0,0.0
EC_N-430_011,N-430_EC011,N-430 existing cluster 11,120.0,3,0.4,0,0.0,0.0,0.0,0,0.0
EC_N-430_012,N-430_EC012,N-430 existing cluster 12,50.0,9,0.4,3,85.60110212041685,0.0,102.72132254450023,0,0.003963013987056336
EC_N-430_013,N-430_EC013,N-430 existing cluster 13,150.0,26,0.4,2,100.75730628322455,0.0,46.01319959917136,0,0.0006144925160145747
EC_N-430_014,N-430_EC014,N-430 existing cluster 14,60.0,5,0.4,8,151.2034646290215,0.0,153.77771120436398,0,0.010679007722525276
EC_N-430_015,N-430_EC015,N-430 existing cluster 15,50.0,6,0.4,2,108.99502258101286,0.0,137.2457897149736,0,0.007942464682579491
EC_N-432_000,N-432_EC000,N-432 existing cluster 0,50.0,11,0.4,12,306.98634900099756,0.0,368.38361880119703,0,0.011628270795492331
EC_N-432_001,N-432_EC001,N-432 existing cluster 1,150.0,10,0.4,6,228.98329965417224,0.0,97.79634942590184,0,0.003395706577288258
EC_N-432_002,N-432_EC002,N-432 existing cluster 2,150.0,6,0.4,1,33.33725487203494,0.0,13.334901948813977,0,0.0007716957146304385
EC_N-432_003,N-432_EC003,N-432 existing cluster 3,50.0,9,0.4,1,38.546709948637485,0.0,46.25605193836498,0,0.0017845699050295133
EC_N-432_004,N-432_EC004,N-432 existing cluster 4,150.0,8,0.4,2,56.05017104087888,0.0,24.485399962377016,0,0.001062734373367058
EC_N-432_005,N-432_EC005,N-432 existing cluster 5,50.0,5,0.4,23,578.5840433977058,0.0,694.3008520772471,0,0.048215336949808826
EC_N-432_006,N-432_EC006,N-432 existing cluster 6,22.0,9,0.4,2,65.8969615337569,0.0,179.71898600115514,0,0.006933602854982838
EC_N-432_007,N-432_EC007,N-432 existing cluster 7,50.0,5,0.4,16,551.4565582324936,0.0,661.7478698789923,0,0.045954713186041135
EC_N-432_008,N-432_EC008,N-432 existing cluster 8,50.0,11,0.4,2,72.01033605578539,0.0,86.41240326694246,0,0.002727664244537325
EC_N-432_009,N-432_EC009,N-432 existing cluster 9,150.0,9,0.4,2,50.306581229609606,0.0,25.390766271553026,0,0.0009795820320815211
EC_N-432_010,N-432_EC010,N-432 existing cluster 10,150.0,4,0.4,9,205.69130802273347,0.0,107.42994461726754,0,0.009325516025804474
EC_N-432_011,N-432_EC011,N-432 existing cluster 11,120.0,10,0.4,0,0.0,0.0,0.0,0,0.0
EC_N-432_012,N-432_EC012,N-432 existing cluster 12,100.0,24,0.4,0,0.0,0.0,0.0,0,0.0
EC_N-432_013,N-432_EC013,N-432 existing cluster 13,50.0,5,0.4,0,0.0,0.0,0.0,0,0.0
EC_N-432_014,N-432_EC014,N-432 existing cluster 14,60.0,4,0.4,9,156.69764325410685,0.0,156.69764325410685,0,0.013602225976918998
EC_N-432_015,N-432_EC015,N-432 existing cluster 15,50.0,6,0.4,0,0.0,0.0,0.0,0,0.0
EC_N-432A_000,N-432A_EC000,N-432A existing cluster 0,22.0,6,0.4,201,5106.46354857434,162889.86033474116,13953.66933710341,220,0.8075040125638547
EC_N-432A_001,N-432A_EC001,N-432A existing cluster 1,30.0,3,0.4,0,0.0,0.0,0.0,0,0.0
EC_N-432A_002,N-432A_EC002,N-432A existing cluster 2,22.0,6,0.4,0,0.0,0.0,0.0,0,0.0
EC_N-432A_003,N-432A_EC003,N-432A existing cluster 3,22.0,2,0.4,0,0.0,0.0,0.0,0,0.0
EC_N-432A_004,N-432A_EC004,N-432A existing cluster 4,22.0,2,0.4,0,0.0,0.0,0.0,0,0.0
EC_N-432A_005,N-432A_EC005,N-432A existing cluster 5,7.4,1,0.4,0,0.0,0.0,0.0,0,0.0
EC_N-432A_006,N-432A_EC006,N-432A existing cluster 6,22.0,2,0.4,0,0.0,0.0,0.0,0,0.0
EC_N-5_000,N-5_EC000,N-5 existing cluster 0,22.0,2,0.4,2,76.12615616882093,0.0,214.87955418395748,0,0.037305478156937064
EC_N-5_001,N-5_EC001,N-5 existing cluster 1,300.0,8,0.4,0,0.0,0.0,0.0,0,0.0
EC_N-5_002,N-5_EC002,N-5 existing cluster 2,150.0,20,0.4,0,0.0,0.0,0.0,0,0.0
EC_N-5_003,N-5_EC003,N-5 existing cluster 3,24.0,3,0.4,0,0.0,0.0,0.0,0,0.0
EC_N-5_004,N-5_EC004,N-5 existing cluster 4,22.0,2,0.4,0,0.0,0.0,0.0,0,0.0
EC_N-5_005,N-5_EC005,N-5 existing cluster 5,22.0,2,0.4,0,0.0,0.0,0.0,0,0.0
EC_N-5_006,N-5_EC006,N-5 existing cluster 6,22.0,2,0.4,0,0.0,0.0,0.0,0,0.0
EC_N-5_007,N-5_EC007,N-5 existing cluster 7,22.0,2,0.4,0,0.0,0.0,0.0,0,0.0
EC_N-5_008,N-5_EC008,N-5 existing cluster 8,7.4,2,0.4,0,0.0,0.0,0.0,0,0.0
EC_N-5_009,N-5_EC009,N-5 existing cluster 9,22.0,2,0.4,0,0.0,0.0,0.0,0,0.0
EC_N-5_010,N-5_EC010,N-5 existing cluster 10,25.0,3,0.4,0,0.0,0.0,0.0,0,0.0
EC_N-5_011,N-5_EC011,N-5 existing cluster 11,100.0,4,0.4,0,0.0,0.0,0.0,0,0.0
EC_N-5_012,N-5_EC012,N-5 existing cluster 12,22.0,4,0.4,0,0.0,0.0,0.0,0,0.0
EC_N-5_013,N-5_EC013,N-5 existing cluster 13,100.0,4,0.4,0,0.0,0.0,0.0,0,0.0
EC_N-5_014,N-5_EC014,N-5 existing cluster 14,50.0,3,0.4,0,0.0,0.0,0.0,0,0.0
EC_N-5_015,N-5_EC015,N-5 existing cluster 15,50.0,3,0.4,0,0.0,0.0,0.0,0,0.0
EC_N-550_000,N-550_EC000,N-550 existing cluster 0,320.0,4,0.4,0,0.0,0.0,0.0,0,0.0
EC_N-550_001,N-550_EC001,N-550 existing cluster 1,22.0,22,0.4,0,0.0,0.0,0.0,0,0.0
EC_N-550_002,N-550_EC002,N-550 existing cluster 2,42.0,3,0.4,0,0.0,0.0,0.0,0,0.0
EC_N-550_003,N-550_EC003,N-550 existing cluster 3,320.0,1,0.4,1,27.226883383298524,0.0,13.613441691649262,0,0.004726889476267105
EC_N-550_004,N-550_EC004,N-550 existing cluster 4,50.0,5,0.4,1,26.655572215955246,0.0,31.986686659146297,0,0.002221297684662937
EC_N-550_005,N-550_EC005,N-550 existing cluster 5,50.0,3,0.4,1,31.454052647279116,0.0,37.74486317673494,0,0.00436861842323321
EC_N-550_006,N-550_EC006,N-550 existing cluster 6,60.0,7,0.4,0,0.0,0.0,0.0,0,0.0
EC_N-550_007,N-550_EC007,N-550 existing cluster 7,50.0,3,0.4,1,34.60136333052997,0.0,41.521635996635965,0,0.004805744907018052
EC_N-550_008,N-550_EC008,N-550 existing cluster 8,22.0,2,0.4,0,0.0,0.0,0.0,0,0.0
EC_N-550_009,N-550_EC009,N-550 existing cluster 9,40.0,7,0.4,5,152.51142773725374,0.0,228.76714160588062,0,0.011347576468545666
EC_N-550_010,N-550_EC010,N-550 existing cluster 10,120.0,6,0.4,4,122.69631332262907,0.0,61.34815666131453,0,0.0035502405475297764
EC_N-550_011,N-550_EC011,N-550 existing cluster 11,22.17,4,0.4,0,0.0,0.0,0.0,0,0.0
EC_N-550_012,N-550_EC012,N-550 existing cluster 12,22.0,2,0.4,1,24.760216580254756,0.0,67.52786340069478,0,0.011723587395953956
EC_N-550_013,N-550_EC013,N-550 existing cluster 13,22.0,4,0.4,0,0.0,0.0,0.0,0,0.0
EC_N-550_014,N-550_EC014,N-550 existing cluster 14,50.0,3,0.4,21,603.45447098584,1.1746913139747903,724.145365183008,1,0.08381312097025556
EC_N-550_015,N-550_EC015,N-550 existing cluster 15,60.0,1,0.4,1,26.16709436283792,0.0,26.16709436283792,0,0.009085796653763165
EC_N-6_000,N-6_EC000,N-6 existing cluster 0,100.0,19,0.4,0,0.0,0.0,0.0,0,0.0
EC_N-6_001,N-6_EC001,N-6 existing cluster 1,160.0,7,0.4,65,1680.8895713062857,0.0,709.5415851896668,0,0.03519551513837633
EC_N-6_002,N-6_EC002,N-6 existing cluster 2,100.0,8,0.4,53,1436.8563731141894,0.0,863.1136477011945,0,0.03746152984814212
EC_N-6_003,N-6_EC003,N-6 existing cluster 3,150.0,20,0.4,21,655.9558740490521,0.0,283.67623511418526,0,0.00492493463739905
EC_N-6_004,N-6_EC004,N-6 existing cluster 4,50.0,12,0.4,29,758.8190282292239,0.0,910.686630483049,0,0.026350886298699337
EC_N-6_005,N-6_EC005,N-6 existing cluster 5,50.0,12,0.4,6,196.53974174309386,0.0,240.74959447486054,0,0.006966134099388326
EC_N-6_006,N-6_EC006,N-6 existing cluster 6,50.0,9,0.4,1,39.819921431342365,0.0,47.783905717610835,0,0.001843514881080665
EC_N-6_007,N-6_EC007,N-6 existing cluster 7,100.0,11,0.4,12,456.1879180992411,0.0,290.53525841500493,0,0.009170936187342327
EC_N-6_008,N-6_EC008,N-6 existing cluster 8,50.0,11,0.4,0,0.0,0.0,0.0,0,0.0
EC_N-6_009,N-6_EC009,N-6 existing cluster 9,50.0,17,0.4,0,0.0,0.0,0.0,0,0.0
EC_N-6_010,N-6_EC010,N-6 existing cluster 10,50.0,14,0.4,0,0.0,0.0,0.0,0,0.0
EC_N-6_011,N-6_EC011,N-6 existing cluster 11,250.0,29,0.4,1,34.2572239224259,0.0,15.316229607306951,0,0.00018338397518327288
EC_N-6_012,N-6_EC012,N-6 existing cluster 12,150.0,18,0.4,11,252.81677242706368,0.0,125.56968819480637,0,0.002422254787708456
EC_N-6_013,N-6_EC013,N-6 existing cluster 13,150.0,21,0.4,8,295.95261792917404,0.0,125.2085228566936,0,0.0020702467403553837
EC_N-6_014,N-6_EC014,N-6 existing cluster 14,150.0,14,0.4,0,0.0,0.0,0.0,0,0.0
EC_N-6_015,N-6_EC015,N-6 existing cluster 15,180.0,9,0.4,26,805.4320853299619,0.0,299.46283329102187,0,0.011553350049807943
EC_N-611_000,N-611_EC000,N-611 existing cluster 0,50.0,7,0.4,0,0.0,0.0,0.0,0,0.0
EC_N-611_001,N-611_EC001,N-611 existing cluster 1,150.0,15,0.4,0,0.0,0.0,0.0,0,0.0
EC_N-611_002,N-611_EC002,N-611 existing cluster 2,50.0,10,0.4,0,0.0,0.0,0.0,0,0.0
EC_N-611_003,N-611_EC003,N-611 existing cluster 3,180.0,6,0.4,0,0.0,0.0,0.0,0,0.0
EC_N-611_004,N-611_EC004,N-611 existing cluster 4,60.0,7,0.4,0,0.0,0.0,0.0,0,0.0
EC_N-611_005,N-611_EC005,N-611 existing cluster 5,22.17,14,0.4,0,0.0,0.0,0.0,0,0.0
EC_N-611_006,N-611_EC006,N-611 existing cluster 6,7.36,2,0.4,0,0.0,0.0,0.0,0,0.0
EC_N-611_007,N-611_EC007,N-611 existing cluster 7,50.0,12,0.4,0,0.0,0.0,0.0,0,0.0
EC_N-611_008,N-611_EC008,N-611 existing cluster 8,50.0,5,0.4,0,0.0,0.0,0.0,0,0.0
EC_N-611_009,N-611_EC009,N-611 existing cluster 9,22.0,6,0.4,0,0.0,0.0,0.0,0,0.0
EC_N-611_010,N-611_EC010,N-611 existing cluster 10,100.0,28,0.4,0,0.0,0.0,0.0,0,0.0
EC_N-611_011,N-611_EC011,N-611 existing cluster 11,150.0,8,0.4,0,0.0,0.0,0.0,0,0.0
EC_N-611_012,N-611_EC012,N-611 existing cluster 12,22.0,13,0.4,0,0.0,0.0,0.0,0,0.0
EC_N-611_013,N-611_EC013,N-611 existing cluster 13,50.0,6,0.4,0,0.0,0.0,0.0,0,0.0
EC_N-611_014,N-611_EC014,N-611 existing cluster 14,50.0,8,0.4,0,0.0,0.0,0.0,0,0.0
EC_N-611_015,N-611_EC015,N-611 existing cluster 15,50.0,7,0.4,0,0.0,0.0,0.0,0,0.0
EC_N-623_000,N-623_EC000,N-623 existing cluster 0,22.0,4,0.4,57,1522.1470336043267,4263.464362549451,4151.3100916481635,12,0.3603567787889031
EC_N-623_001,N-623_EC001,N-623 existing cluster 1,150.0,8,0.4,0,0.0,0.0,0.0,0,0.0
EC_N-623_002,N-623_EC002,N-623 existing cluster 2,120.0,2,0.4,2,71.33249574036272,0.0,35.66624787018136,0,0.006192056921906486
EC_N-623_003,N-623_EC003,N-623 existing cluster 3,100.0,4,0.4,27,540.8031458053819,0.0,324.48188748322906,0,0.028166830510696968
EC_N-623_004,N-623_EC004,N-623 existing cluster 4,200.0,8,0.4,4,132.42489917602882,0.0,55.09487030499559,0,0.0023912704125432114
EC_N-623_005,N-623_EC005,N-623 existing cluster 5,11.0,6,0.4,1,34.98133502481981,0.0,190.8072819535626,0,0.011042088076016355
EC_N-623_006,N-623_EC006,N-623 existing cluster 6,150.0,2,0.4,0,0.0,0.0,0.0,0,0.0
EC_N-623_007,N-623_EC007,N-623 existing cluster 7,60.0,1,0.4,2,72.15091435462959,30.982853165016422,72.15091435462959,1,0.025052400817579718
EC_N-623_008,N-623_EC008,N-623 existing cluster 8,50.0,2,0.4,11,311.16603742415367,160.48024261993532,373.3992449089844,3,0.06482625779669868
EC_N-623_009,N-623_EC009,N-623 existing cluster 9,50.0,3,0.4,39,1086.2348362353036,424.86473076338575,1303.4818034823647,4,0.15086594947712556
EC_N-634_000,N-634_EC000,N-634 existing cluster 0,55.0,32,0.4,4,85.62938274181766,0.0,93.4138720819829,0,0.001013605382834016
EC_N-634_001,N-634_EC001,N-634 existing cluster 1,150.0,37,0.4,2,68.28346971970534,0.0,30.020193774870016,0,0.0002817210376770835
EC_N-634_002,N-634_EC002,N-634 existing cluster 2,50.0,33,0.4,0,0.0,0.0,0.0,0,0.0
EC_N-634_003,N-634_EC003,N-634 existing cluster 3,50.0,45,0.4,1,30.611489061667644,0.0,36.733786874001176,0,0.0002834397135339597
EC_N-634_004,N-634_EC004,N-634 existing cluster 4,320.0,45,0.4,1,30.069608236800786,0.0,13.364270327467016,0,0.00010311936981070228
EC_N-634_005,N-634_EC005,N-634 existing cluster 5,320.0,38,0.4,0,0.0,0.0,0.0,0,0.0
EC_N-634_006,N-634_EC006,N-634 existing cluster 6,150.0,22,0.4,0,0.0,0.0,0.0,0,0.0
EC_N-634_007,N-634_EC007,N-634 existing cluster 7,50.0,25,0.4,0,0.0,0.0,0.0,0,0.0
EC_N-634_008,N-634_EC008,N-634 existing cluster 8,360.0,33,0.4,0,0.0,0.0,0.0,0,0.0
EC_N-634_009,N-634_EC009,N-634 existing cluster 9,150.0,25,0.4,0,0.0,0.0,0.0,0,0.0
EC_N-634_010,N-634_EC010,N-634 existing cluster 10,100.0,27,0.4,0,0.0,0.0,0.0,0,0.0
EC_N-634_011,N-634_EC011,N-634 existing cluster 11,200.0,29,0.4,0,0.0,0.0,0.0,0,0.0
EC_N-634_012,N-634_EC012,N-634 existing cluster 12,110.0,23,0.4,0,0.0,0.0,0.0,0,0.0
EC_N-634_013,N-634_EC013,N-634 existing cluster 13,150.0,22,0.4,0,0.0,0.0,0.0,0,0.0
EC_N-634_014,N-634_EC014,N-634 existing cluster 14,360.0,34,0.4,0,0.0,0.0,0.0,0,0.0
EC_N-634_015,N-634_EC015,N-634 existing cluster 15,100.0,19,0.4,0,0.0,0.0,0.0,0,0.0
