station_id,node_id,name,max_power_kw,num_connectors,price_per_kwh,total_sessions,total_energy_kwh,total_wait_min,total_charge_min,peak_queue,utilization_rate
EC_AP-2_000,AP-2_EC000,AP-2 existing cluster 0,15.0,3,0.4,10,276.2317336224269,0.0,1112.4753215864819,0,0.12875871777621317
EC_AP-2_001,AP-2_EC001,AP-2 existing cluster 1,22.0,2,0.4,9,309.7685842855152,0.0,856.1826881952071,0,0.1486428278116679
EC_AP-2_002,AP-2_EC002,AP-2 existing cluster 2,60.0,2,0.4,14,546.7561607573899,30.922144025196758,552.0438624822341,1,0.09584094834761009
EC_AP-2_003,AP-2_EC003,AP-2 existing cluster 3,60.0,2,0.4,27,926.976616790519,60.514237832936146,926.976616790519,1,0.16093344041502064
EC_AP-2_004,AP-2_EC004,AP-2 existing cluster 4,22.0,2,0.4,17,435.62023436370134,31.371344075520256,1198.3484397602413,1,0.2080466041250419
EC_AP-2_005,AP-2_EC005,AP-2 existing cluster 5,22.0,2,0.4,8,287.77175057468514,30.298834247198783,799.8300536663868,1,0.13885938431708103
EC_AP-2_006,AP-2_EC006,AP-2 existing cluster 6,22.0,2,0.4,7,231.58947922331762,0.0,642.6664662544102,0,0.11157403928027955
EC_AP-2_007,AP-2_EC007,AP-2 existing cluster 7,22.0,2,0.4,17,576.5014119226075,156.56705690509818,1636.2256519675873,2,0.284066953466595
EC_AP-2_008,AP-2_EC008,AP-2 existing cluster 8,50.0,3,0.4,53,1720.9261360165099,121.41313515064667,2081.5657552463904,2,0.24092196241277666
EC_AP-2_009,AP-2_EC009,AP-2 existing cluster 9,50.0,3,0.4,36,1043.1160095130108,0.0,1262.4661446224961,0,0.14611876673871482
STA_0003,STA_0003,Proposed AP-2 (STA_0003),150.0,6,0.4,104,3218.438068227609,0.0,1413.9519387857617,0,0.08182592238343529
EC_A-2_000,A-2_EC000,A-2 existing cluster 0,350.0,37,0.4,0,0.0,0.0,0.0,0,0.0
EC_A-2_001,A-2_EC001,A-2 existing cluster 1,150.0,46,0.4,18,520.0747315811357,0.0,232.01350546873735,0,0.0017513096729222324
EC_A-2_002,A-2_EC002,A-2 existing cluster 2,50.0,27,0.4,0,0.0,0.0,0.0,0,0.0
EC_A-2_003,A-2_EC003,A-2 existing cluster 3,150.0,34,0.4,0,0.0,0.0,0.0,0,0.0
EC_A-2_004,A-2_EC004,A-2 existing cluster 4,50.0,67,0.4,5,190.71673140876823,0.0,231.0897551098767,0,0.0011976044522692614
EC_A-2_005,A-2_EC005,A-2 existing cluster 5,150.0,22,0.4,1,31.524496898394116,0.0,15.762248449197058,0,0.00024877286062495354
EC_A-2_006,A-2_EC006,A-2 existing cluster 6,150.0,24,0.4,1,36.2230591004067,0.0,14.48922364016268,0,0.00020962418460883505
EC_A-2_007,A-2_EC007,A-2 existing cluster 7,50.0,22,0.4,0,0.0,0.0,0.0,0,0.0
EC_A-2_008,A-2_EC008,A-2 existing cluster 8,150.0,35,0.4,1,27.791928598326056,0.0,12.351968265922691,0,0.000122539367717487
EC_A-2_009,A-2_EC009,A-2 existing cluster 9,150.0,64,0.4,3,99.16642763186904,0.0,46.01399843473254,0,0.0002496419185912139
EC_A-2_010,A-2_EC010,A-2 existing cluster 10,172.0,37,0.4,0,0.0,0.0,0.0,0,0.0
EC_A-2_011,A-2_EC011,A-2 existing cluster 11,150.0,17,0.4,25,634.7602521060461,0.0,288.84750447532,0,0.005899663081603759
EC_A-2_012,A-2_EC012,A-2 existing cluster 12,150.0,17,0.4,7,264.7764251417934,0.0,111.50665555824854,0,0.0022775052197354685
EC_A-2_013,A-2_EC013,A-2 existing cluster 13,300.0,21,0.4,14,511.7492715005847,0.0,178.27488408646488,0,0.002947666734233877
EC_A-2_014,A-2_EC014,A-2 existing cluster 14,150.0,40,0.4,6,214.3465079731512,0.0,93.18967208016613,0,0.0008089381256958866
EC_A-2_015,A-2_EC015,A-2 existing cluster 15,200.0,32,0.4,7,262.71293416260534,0.0,104.22695376897165,0,0.0011309348282223487
EC_A-2_016,A-2_EC016,A-2 existing cluster 16,320.0,49,0.4,8,273.6468754124697,0.0,128.6809627219831,0,0.0009118548945718757
EC_A-2_017,A-2_EC017,A-2 existing cluster 17,120.0,34,0.4,1,38.45542319615923,0.0,19.227711598079615,0,0.00019636143380391763
EC_A-2_018,A-2_EC018,A-2 existing cluster 18,360.0,34,0.4,0,0.0,0.0,0.0,0,0.0
EC_A-2_019,A-2_EC019,A-2 existing cluster 19,50.0,31,0.4,2,101.85885439414433,0.0,122.2306252729732,0,0.0013690706235772088
EC_A-2_020,A-2_EC020,A-2 existing cluster 20,150.0,45,0.4,0,0.0,0.0,0.0,0,0.0
EC_A-2_021,A-2_EC021,A-2 existing cluster 21,300.0,36,0.4,89,2501.267296414928,0.0,916.6899576691782,0,0.00884153122751908
EC_A-2_022,A-2_EC022,A-2 existing cluster 22,350.0,71,0.4,84,1901.7234081673796,0.0,714.6408451337268,0,0.003494918061099994
EC_A-2_023,A-2_EC023,A-2 existing cluster 23,300.0,34,0.4,45,1482.4407400482908,0.0,557.3114050463822,0,0.005691497192058642
EC_A-2_024,A-2_EC024,A-2 existing cluster 24,300.0,22,0.4,14,480.51216071522896,0.0,163.25643581995925,0,0.0025766482926129933
EC_A-2_025,A-2_EC025,A-2 existing cluster 25,300.0,43,0.4,23,499.66125604613404,0.0,184.29067399300627,0,0.0014881352874112264
EC_A-2_026,A-2_EC026,A-2 existing cluster 26,150.0,37,0.4,60,1539.7181265446195,0.0,703.1591386193683,0,0.006598715640196774
EC_A-2_027,A-2_EC027,A-2 existing cluster 27,250.0,37,0.4,61,1447.9853678744755,0.0,579.5314804414825,0,0.005438546175314213
EC_A-2_028,A-2_EC028,A-2 existing cluster 28,350.0,28,0.4,32,847.5417225250293,0.0,349.889484913635,0,0.004338907302996466
EC_A-2_029,A-2_EC029,A-2 existing cluster 29,300.0,25,0.4,62,1167.231927189363,0.0,448.51935748870414,0,0.006229435520676447
EC_A-2_030,A-2_EC030,A-2 existing cluster 30,150.0,40,0.4,1,38.5174192920744,0.0,15.406967716829762,0,0.0001337410392085917
EC_A-2_031,A-2_EC031,A-2 existing cluster 31,350.0,32,0.4,0,0.0,0.0,0.0,0,0.0
EC_A-2_032,A-2_EC032,A-2 existing cluster 32,240.0,33,0.4,0,0.0,0.0,0.0,0,0.0
EC_A-2_033,A-2_EC033,A-2 existing cluster 33,150.0,27,0.4,0,0.0,0.0,0.0,0,0.0
EC_A-2_034,A-2_EC034,A-2 existing cluster 34,60.0,31,0.4,0,0.0,0.0,0.0,0,0.0
EC_A-2_035,A-2_EC035,A-2 existing cluster 35,350.0,31,0.4,0,0.0,0.0,0.0,0,0.0
EC_A-2_036,A-2_EC036,A-2 existing cluster 36,60.0,31,0.4,0,0.0,0.0,0.0,0,0.0
EC_A-2_037,A-2_EC037,A-2 existing cluster 37,80.0,32,0.4,0,0.0,0.0,0.0,0,0.0
EC_A-2_038,A-2_EC038,A-2 existing cluster 38,50.0,51,0.4,0,0.0,0.0,0.0,0,0.0
EC_A-2_039,A-2_EC039,A-2 existing cluster 39,320.0,29,0.4,0,0.0,0.0,0.0,0,0.0
EC_A-2_040,A-2_EC040,A-2 existing cluster 40,300.0,49,0.4,0,0.0,0.0,0.0,0,0.0
EC_AP-7_000,AP-7_EC000,AP-7 existing cluster 0,150.0,27,0.4,0,0.0,0.0,0.0,0,0.0
EC_AP-7_001,AP-7_EC001,AP-7 existing cluster 1,250.0,43,0.4,5,149.11302524631776,0.0,56.89629163567332,0,0.00045943387948702615
EC_AP-7_002,AP-7_EC002,AP-7 existing cluster 2,60.0,32,0.4,26,606.373795134806,0.0,607.8254080380318,0,0.006595327778190449
EC_AP-7_003,AP-7_EC003,AP-7 existing cluster 3,250.0,28,0.4,0,0.0,0.0,0.0,0,0.0
EC_AP-7_004,AP-7_EC004,AP-7 existing cluster 4,320.0,28,0.4,0,0.0,0.0,0.0,0,0.0
EC_AP-7_005,AP-7_EC005,AP-7 existing cluster 5,100.0,35,0.4,0,0.0,0.0,0.0,0,0.0
EC_AP-7_006,AP-7_EC006,AP-7 existing cluster 6,150.0,25,0.4,0,0.0,0.0,0.0,0,0.0
EC_AP-7_007,AP-7_EC007,AP-7 existing cluster 7,320.0,23,0.4,0,0.0,0.0,0.0,0,0.0
EC_AP-7_008,AP-7_EC008,AP-7 existing cluster 8,100.0,35,0.4,0,0.0,0.0,0.0,0,0.0
EC_AP-7_009,AP-7_EC009,AP-7 existing cluster 9,180.0,38,0.4,0,0.0,0.0,0.0,0,0.0
EC_AP-7_010,AP-7_EC010,AP-7 existing cluster 10,50.0,28,0.4,0,0.0,0.0,0.0,0,0.0
EC_AP-7_011,AP-7_EC011,AP-7 existing cluster 11,250.0,37,0.4,0,0.0,0.0,0.0,0,0.0
EC_AP-7_012,AP-7_EC012,AP-7 existing cluster 12,150.0,47,0.4,0,0.0,0.0,0.0,0,0.0
EC_AP-7_013,AP-7_EC013,AP-7 existing cluster 13,50.0,33,0.4,0,0.0,0.0,0.0,0,0.0
EC_AP-7_014,AP-7_EC014,AP-7 existing cluster 14,60.0,56,0.4,0,0.0,0.0,0.0,0,0.0
EC_AP-7_015,AP-7_EC015,AP-7 existing cluster 15,200.0,40,0.4,0,0.0,0.0,0.0,0,0.0
EC_AP-7_016,AP-7_EC016,AP-7 existing cluster 16,200.0,35,0.4,0,0.0,0.0,0.0,0,0.0
EC_AP-7_017,AP-7_EC017,AP-7 existing cluster 17,150.0,57,0.4,0,0.0,0.0,0.0,0,0.0
EC_AP-7_018,AP-7_EC018,AP-7 existing cluster 18,240.0,51,0.4,0,0.0,0.0,0.0,0,0.0
EC_AP-7_019,AP-7_EC019,AP-7 existing cluster 19,150.0,20,0.4,0,0.0,0.0,0.0,0,0.0
EC_AP-7_020,AP-7_EC020,AP-7 existing cluster 20,150.0,85,0.4,0,0.0,0.0,0.0,0,0.0
EC_AP-7_021,AP-7_EC021,AP-7 existing cluster 21,50.0,26,0.4,0,0.0,0.0,0.0,0,0.0
EC_AP-7_022,AP-7_EC022,AP-7 existing cluster 22,55.0,32,0.4,0,0.0,0.0,0.0,0,0.0
EC_AP-7_023,AP-7_EC023,AP-7 existing cluster 23,150.0,30,0.4,16,483.19410501044996,0.0,208.0302735940401,0,0.002407757796227316
EC_AP-7_024,AP-7_EC024,AP-7 existing cluster 24,150.0,47,0.4,0,0.0,0.0,0.0,0,0.0
EC_AP-7_025,AP-7_EC025,AP-7 existing cluster 25,250.0,42,0.4,0,0.0,0.0,0.0,0,0.0
EC_AP-7_026,AP-7_EC026,AP-7 existing cluster 26,150.0,32,0.4,6,179.5258346741814,0.0,79.44863931362342,0,0.0008620729092190041
EC_AP-7_027,AP-7_EC027,AP-7 existing cluster 27,250.0,37,0.4,2,60.28714407129092,0.0,30.14357203564546,0,0.00028287886670087705
EC_AP-7_028,AP-7_EC028,AP-7 existing cluster 28,350.0,23,0.4,4,113.54087617166685,0.0,54.88860399222055,0,0.0008286323066458417
EC_AP-7_029,AP-7_EC029,AP-7 existing cluster 29,60.0,24,0.4,3,92.09466574021137,0.0,92.09466574021137,0,0.0013323881038803727
EC_AP-7_030,AP-7_EC030,AP-7 existing cluster 30,50.0,27,0.4,2,54.0234151630288,0.0,64.82809819563457,0,0.0008336946784418026
EC_AP-7_031,AP-7_EC031,AP-7 existing cluster 31,350.0,30,0.4,3,96.84111093452353,0.0,50.87868200175958,0,0.0005888736342796248
EC_AP-7_032,AP-7_EC032,AP-7 existing cluster 32,100.0,32,0.4,18,457.4484445751615,0.0,274.4690667450969,0,0.002978179977702874
EC_AP-7_033,AP-7_EC033,AP-7 existing cluster 33,350.0,30,0.4,3,97.89765191068754,0.0,34.02447422338062,0,0.00039380178499283126
EC_AP-7_034,AP-7_EC034,AP-7 existing cluster 34,250.0,42,0.4,0,0.0,0.0,0.0,0,0.0
EC_AP-7_035,AP-7_EC035,AP-7 existing cluster 35,150.0,26,0.4,109,2304.4836451251017,0.0,1021.003134796788,0,0.013635191436922916
EC_AP-7_036,AP-7_EC036,AP-7 existing cluster 36,60.0,30,0.4,2,91.28952924064701,0.0,91.28952924064701,0,0.0010565917736185997
EC_A-7_000,A-7_EC000,A-7 existing cluster 0,30.0,27,0.4,0,0.0,0.0,0.0,0,0.0
EC_A-7_001,A-7_EC001,A-7 existing cluster 1,250.0,29,0.4,0,0.0,0.0,0.0,0,0.0
EC_A-7_002,A-7_EC002,A-7 existing cluster 2,175.0,28,0.4,0,0.0,0.0,0.0,0,0.0
EC_A-7_003,A-7_EC003,A-7 existing cluster 3,250.0,30,0.4,0,0.0,0.0,0.0,0,0.0
EC_A-7_004,A-7_EC004,A-7 existing cluster 4,320.0,29,0.4,0,0.0,0.0,0.0,0,0.0
EC_A-7_005,A-7_EC005,A-7 existing cluster 5,150.0,32,0.4,0,0.0,0.0,0.0,0,0.0
EC_A-7_006,A-7_EC006,A-7 existing cluster 6,350.0,38,0.4,0,0.0,0.0,0.0,0,0.0
EC_A-7_007,A-7_EC007,A-7 existing cluster 7,50.0,37,0.4,39,857.0821875393458,0.0,1028.498625047215,0,0.009651826436253895
EC_A-7_008,A-7_EC008,A-7 existing cluster 8,120.0,22,0.4,35,1124.991806799216,0.0,562.502610050721,0,0.008877882103073248
EC_A-7_009,A-7_EC009,A-7 existing cluster 9,250.0,49,0.4,47,1280.2748714480151,0.0,515.1154989784023,0,0.0036501948623753
EC_A-7_010,A-7_EC010,A-7 existing cluster 10,120.0,31,0.4,2,62.5347375104499,0.0,31.26736875522495,0,0.0003502169439429318
EC_A-7_011,A-7_EC011,A-7 existing cluster 11,150.0,35,0.4,0,0.0,0.0,0.0,0,0.0
EC_A-7_012,A-7_EC012,A-7 existing cluster 12,150.0,36,0.4,8,242.71403387588506,0.0,110.09889432465776,0,0.001061910631989369
EC_A-7_013,A-7_EC013,A-7 existing cluster 13,150.0,29,0.4,0,0.0,0.0,0.0,0,0.0
EC_A-7_014,A-7_EC014,A-7 existing cluster 14,150.0,25,0.4,7,227.69934883419955,0.0,104.91331944570987,0,0.0014571294367459705
EC_A-7_015,A-7_EC015,A-7 existing cluster 15,120.0,29,0.4,17,395.8951413290822,0.0,197.9475706645411,0,0.0023700619092976664
EC_A-7_016,A-7_EC016,A-7 existing cluster 16,150.0,36,0.4,63,1646.8252524099216,0.0,746.0651183748314,0,0.007195844120127618
EC_A-7_017,A-7_EC017,A-7 existing cluster 17,150.0,33,0.4,28,982.8781533554204,0.0,421.98139942861593,0,0.004440039977152945
EC_A-7_018,A-7_EC018,A-7 existing cluster 18,360.0,57,0.4,101,2407.4552517898383,0.0,952.5007650534104,0,0.0058022707422844206
EC_A-7_019,A-7_EC019,A-7 existing cluster 19,50.0,44,0.4,37,979.489476251842,0.0,1195.9406287121585,0,0.009437662789710847
EC_A-7_020,A-7_EC020,A-7 existing cluster 20,1000.0,30,0.4,2,63.682552244906084,0.0,30.07282182962031,0,0.0003480650674724573
EC_A-7_021,A-7_EC021,A-7 existing cluster 21,250.0,33,0.4,0,0.0,0.0,0.0,0,0.0
EC_A-7_022,A-7_EC022,A-7 existing cluster 22,350.0,21,0.4,27,710.23622020741,0.0,279.8966089256866,0,0.004627920121125771
EC_A-7_023,A-7_EC023,A-7 existing cluster 23,350.0,56,0.4,1,36.926339568244806,0.0,8.862321496378755,0,5.4949910071792874e-05
EC_A-7_024,A-7_EC024,A-7 existing cluster 24,120.0,68,0.4,12,417.39840174547066,0.0,208.69920087273533,0,0.0010656617691622516
EC_A-7_025,A-7_EC025,A-7 existing cluster 25,250.0,40,0.4,14,479.95671574471316,0.0,189.5782656709775,0,0.0016456446672827906
EC_A-7_026,A-7_EC026,A-7 existing cluster 26,230.0,36,0.4,26,763.7946074334177,0.0,267.8825676113451,0,0.0025837439005723874
EC_A-7_027,A-7_EC027,A-7 existing cluster 27,150.0,23,0.4,11,284.7976224520122,0.0,116.88083338821187,0,0.0017645053349669667
EC_A-7_028,A-7_EC028,A-7 existing cluster 28,60.0,32,0.4,29,832.5170294330276,0.0,841.2503234373535,0,0.009128150210908783
EC_A-7_029,A-7_EC029,A-7 existing cluster 29,150.0,26,0.4,25,690.1091517036933,0.0,300.5647868511555,0,0.004013952815854106
EC_A-7_030,A-7_EC030,A-7 existing cluster 30,60.0,23,0.4,72,1819.1741727536428,0.0,1822.9833304482038,0,0.027520883611838826
EC_A-7_031,A-7_EC031,A-7 existing cluster 31,250.0,34,0.4,20,353.28676680697845,0.0,127.16578179923414,0,0.0012986701572634206
EC_A-7_032,A-7_EC032,A-7 existing cluster 32,150.0,32,0.4,4,140.15067999969298,0.0,60.13493927240921,0,0.0006525058514801347
EC_A-7_033,A-7_EC033,A-7 existing cluster 33,60.0,27,0.4,9,256.4283538724538,0.0,256.4283538724538,0,0.003297689736014066
EC_A-7_034,A-7_EC034,A-7 existing cluster 34,250.0,37,0.4,82,2054.0435490481987,0.0,818.7444929545353,0,0.007683413034483251
EC_A-7_035,A-7_EC035,A-7 existing cluster 35,98.0,27,0.4,15,479.7517615685617,0.0,293.72556830728274,0,0.0037773349833755496
EC_A-7_036,A-7_EC036,A-7 existing cluster 36,150.0,25,0.4,0,0.0,0.0,0.0,0,0.0
EC_A-7_037,A-7_EC037,A-7 existing cluster 37,100.0,39,0.4,0,0.0,0.0,0.0,0,0.0
EC_A-7_038,A-7_EC038,A-7 existing cluster 38,100.0,28,0.4,0,0.0,0.0,0.0,0,0.0
EC_A-7_039,A-7_EC039,A-7 existing cluster 39,100.0,29,0.4,0,0.0,0.0,0.0,0,0.0
EC_A-7_040,A-7_EC040,A-7 existing cluster 40,100.0,32,0.4,0,0.0,0.0,0.0,0,0.0
EC_A-7S_000,A-7S_EC000,A-7S existing cluster 0,30.0,27,0.4,0,0.0,0.0,0.0,0,0.0
EC_A-7S_001,A-7S_EC001,A-7S existing cluster 1,250.0,29,0.4,4,145.40559101826653,0.0,56.703421305784374,0,0.0006789202742550811
EC_A-7S_002,A-7S_EC002,A-7S existing cluster 2,175.0,28,0.4,4,148.72716923805916,0.0,54.941947430883374,0,0.0006813237528631371
EC_A-7S_003,A-7S_EC003,A-7S existing cluster 3,250.0,30,0.4,5,195.83811675130113,0.0,73.29314701182336,0,0.0008483003126368445
EC_A-7S_004,A-7S_EC004,A-7S existing cluster 4,320.0,29,0.4,0,0.0,0.0,0.0,0,0.0
EC_A-7S_005,A-7S_EC005,A-7S existing cluster 5,150.0,32,0.4,24,833.4391718596125,0.0,372.0776239874168,0,0.004037300607502353
EC_A-7S_006,A-7S_EC006,A-7S existing cluster 6,350.0,38,0.4,88,2329.469059151395,0.0,910.3250955915524,0,0.008318029016735676
EC_A-7S_007,A-7S_EC007,A-7S existing cluster 7,50.0,37,0.4,0,0.0,0.0,0.0,0,0.0
EC_A-7S_008,A-7S_EC008,A-7S existing cluster 8,120.0,22,0.4,0,0.0,0.0,0.0,0,0.0
EC_A-7S_009,A-7S_EC009,A-7S existing cluster 9,250.0,49,0.4,0,0.0,0.0,0.0,0,0.0
EC_A-7S_010,A-7S_EC010,A-7S existing cluster 10,120.0,31,0.4,0,0.0,0.0,0.0,0,0.0
EC_A-7S_011,A-7S_EC011,A-7S existing cluster 11,150.0,35,0.4,0,0.0,0.0,0.0,0,0.0
EC_A-7S_012,A-7S_EC012,A-7S existing cluster 12,150.0,36,0.4,0,0.0,0.0,0.0,0,0.0
EC_A-7S_013,A-7S_EC013,A-7S existing cluster 13,150.0,29,0.4,0,0.0,0.0,0.0,0,0.0
EC_A-7S_014,A-7S_EC014,A-7S existing cluster 14,150.0,25,0.4,0,0.0,0.0,0.0,0,0.0
EC_A-7S_015,A-7S_EC015,A-7S existing cluster 15,120.0,29,0.4,0,0.0,0.0,0.0,0,0.0
EC_A-7S_016,A-7S_EC016,A-7S existing cluster 16,150.0,36,0.4,61,1652.7104367356872,0.0,728.9471168648622,0,0.007030739938897205
EC_A-7S_017,A-7S_EC017,A-7S existing cluster 17,150.0,33,0.4,19,659.2080759230341,0.0,303.10703580860684,0,0.003189257531656217
EC_A-7S_018,A-7S_EC018,A-7S existing cluster 18,360.0,57,0.4,20,659.0123231972211,0.0,255.4240697927383,0,0.00155594584425401
EC_A-7S_019,A-7S_EC019,A-7S existing cluster 19,50.0,44,0.4,41,1468.3711021773959,0.0,1762.0453226128755,0,0.013905029376679888
EC_A-7S_020,A-7S_EC020,A-7S existing cluster 20,1000.0,30,0.4,3,124.90391458851147,0.0,50.47768612056076,0,0.0005842324782472311
EC_A-7S_021,A-7S_EC021,A-7S existing cluster 21,250.0,33,0.4,2,64.16854122054565,0.0,29.774578169428047,0,0.0003132847029611537
EC_A-7S_022,A-7S_EC022,A-7S existing cluster 22,350.0,21,0.4,17,576.8944808328714,0.0,272.0276163794814,0,0.004497811117385606
EC_A-7S_023,A-7S_EC023,A-7S existing cluster 23,350.0,56,0.4,0,0.0,0.0,0.0,0,0.0
EC_A-7S_024,A-7S_EC024,A-7S existing cluster 24,120.0,68,0.4,0,0.0,0.0,0.0,0,0.0
EC_A-7S_025,A-7S_EC025,A-7S existing cluster 25,250.0,40,0.4,0,0.0,0.0,0.0,0,0.0
EC_A-7S_026,A-7S_EC026,A-7S existing cluster 26,230.0,36,0.4,63,1956.9590628971466,0.0,749.9794324627345,0,0.007233597921129769
EC_A-7S_027,A-7S_EC027,A-7S existing cluster 27,150.0,23,0.4,22,497.6809984680626,0.0,227.41913949236942,0,0.003433259956104611
EC_A-7S_028,A-7S_EC028,A-7S existing cluster 28,60.0,32,0.4,15,478.449715753659,0.0,484.4482005545824,0,0.005256599398378715
EC_A-7S_029,A-7S_EC029,A-7S existing cluster 29,150.0,26,0.4,7,267.694212155043,0.0,115.18679834439388,0,0.001538285234300132
EC_A-7S_030,A-7S_EC030,A-7S existing cluster 30,60.0,23,0.4,16,562.0520164396025,0.0,562.7506624519687,0,0.00849563198146088
EC_A-7S_031,A-7S_EC031,A-7S existing cluster 31,250.0,34,0.4,90,2570.0863702193765,0.0,1006.5563126269302,0,0.010279374107709663
EC_A-7S_032,A-7S_EC032,A-7S existing cluster 32,150.0,32,0.4,7,305.86815181336704,0.0,137.15480474540627,0,0.0014882248778798424
EC_A-7S_033,A-7S_EC033,A-7S existing cluster 33,60.0,27,0.4,13,450.1587117104744,0.0,453.46007378571045,0,0.0058315338707010085
EC_A-7S_034,A-7S_EC034,A-7S existing cluster 34,250.0,37,0.4,26,818.0775688490824,0.0,331.5737724229068,0,0.0031116157321969483
EC_A-7S_035,A-7S_EC035,A-7S existing cluster 35,98.0,27,0.4,10,317.0824276358247,0.0,195.03861599823364,0,0.002508212654298272
EC_A-7S_036,A-7S_EC036,A-7S existing cluster 36,150.0,25,0.4,51,1259.8784304294577,0.0,555.7219426440262,0,0.007718360314500364
EC_A-7S_037,A-7S_EC037,A-7S existing cluster 37,100.0,39,0.4,10,308.598171516843,0.0,185.1589029101058,0,0.0016484945059660418
EC_A-7S_038,A-7S_EC038,A-7S existing cluster 38,100.0,28,0.4,0,0.0,0.0,0.0,0,0.0
EC_A-7S_039,A-7S_EC039,A-7S existing cluster 39,100.0,29,0.4,23,682.90459468766,0.0,409.742756812596,0,0.00490592381241135
EC_A-7S_040,A-7S_EC040,A-7S existing cluster 40,100.0,32,0.4,1,22.140595208658496,0.0,13.284357125195097,0,0.0001441445000563704
EC_A-3_000,A-3_EC000,A-3 existing cluster 0,22.0,37,0.4,103,2255.7649404679796,0.0,6152.086201276311,0,0.05773354167864406
EC_A-3_001,A-3_EC001,A-3 existing cluster 1,100.0,37,0.4,0,0.0,0.0,0.0,0,0.0
EC_A-3_002,A-3_EC002,A-3 existing cluster 2,150.0,19,0.4,1893,7775.499074650471,0.0,3569.6300234049145,0,0.0652344668019904
EC_A-3_003,A-3_EC003,A-3 existing cluster 3,120.0,36,0.4,0,0.0,0.0,0.0,0,0.0
EC_A-3_004,A-3_EC004,A-3 existing cluster 4,100.0,44,0.4,0,0.0,0.0,0.0,0,0.0
EC_A-3_005,A-3_EC005,A-3 existing cluster 5,150.0,29,0.4,0,0.0,0.0,0.0,0,0.0
EC_A-3_006,A-3_EC006,A-3 existing cluster 6,60.0,41,0.4,0,0.0,0.0,0.0,0,0.0
EC_A-3_007,A-3_EC007,A-3 existing cluster 7,60.0,68,0.4,0,0.0,0.0,0.0,0,0.0
EC_A-3_008,A-3_EC008,A-3 existing cluster 8,60.0,27,0.4,0,0.0,0.0,0.0,0,0.0
EC_A-3_009,A-3_EC009,A-3 existing cluster 9,150.0,31,0.4,23,874.358072899786,0.0,399.11504645541265,0,0.004470374624276576
EC_A-3_010,A-3_EC010,A-3 existing cluster 10,350.0,35,0.4,129,4060.885534213779,0.0,1453.8036901354265,0,0.014422655656105421
EC_A-3_011,A-3_EC011,A-3 existing cluster 11,350.0,54,0.4,161,4177.917198118014,0.0,1558.0323785406006,0,0.010018212310574849
EC_A-3_012,A-3_EC012,A-3 existing cluster 12,300.0,41,0.4,303,7727.574255347057,0.0,2844.048106009585,0,0.024085773255501226
EC_A-3_013,A-3_EC013,A-3 existing cluster 13,320.0,27,0.4,64,1914.7968169023661,0.0,703.0067000530236,0,0.009040724023315632
EC_A-3_014,A-3_EC014,A-3 existing cluster 14,320.0,41,0.4,12,457.83471231900313,0.0,157.6818328955347,0,0.001335381376147821
EC_A-3_015,A-3_EC015,A-3 existing cluster 15,120.0,37,0.4,3,115.41067528045414,0.0,57.70533764022707,0,0.0005415290694465753
EC_A-3_016,A-3_EC016,A-3 existing cluster 16,150.0,40,0.4,106,2599.285396438618,0.0,1119.534616587831,0,0.009718182435658255
EC_A-3_017,A-3_EC017,A-3 existing cluster 17,120.0,24,0.4,11,421.5980314442141,0.0,210.79901572210704,0,0.0030497542783869654
EC_AP-4_000,AP-4_EC000,AP-4 existing cluster 0,50.0,4,0.4,62,1750.6250636218595,0.0,2104.006222525632,0,0.18263942903868333
EC_AP-4_001,AP-4_EC001,AP-4 existing cluster 1,150.0,2,0.4,50,1030.8403784205243,0.0,453.10606064712,0,0.078664246640125
EC_AP-4_002,AP-4_EC002,AP-4 existing cluster 2,50.0,3,0.4,1,31.91565674976861,0.0,38.29878809972233,0,0.004432730104134529
EC_AP-4_003,AP-4_EC003,AP-4 existing cluster 3,50.0,3,0.4,7,210.65016530410998,0.0,252.78019836493195,0,0.029256967403348606
EC_AP-4_004,AP-4_EC004,AP-4 existing cluster 4,100.0,12,0.4,10,334.9990280891898,0.0,200.99941685351385,0,0.005815955348770655
EC_AP-4_005,AP-4_EC005,AP-4 existing cluster 5,22.17,2,0.4,4,179.33866661159487,0.0,485.35498406385625,0,0.08426301806664172
EC_AP-4_006,AP-4_EC006,AP-4 existing cluster 6,100.0,4,0.4,8,167.7601418109626,0.0,100.65608508657758,0,0.008737507385987636
EC_AP-4_007,AP-4_EC007,AP-4 existing cluster 7,100.0,4,0.4,29,681.2664817175806,0.0,409.64827612732256,0,0.03555974619160786
EC_AP-4_008,AP-4_EC008,AP-4 existing cluster 8,22.17,2,0.4,19,515.772434857443,0.0,1395.8658588834726,0,0.2423378227228251
EC_A-4_000,A-4_EC000,A-4 existing cluster 0,100.0,49,0.4,0,0.0,0.0,0.0,0,0.0
EC_A-4_001,A-4_EC001,A-4 existing cluster 1,240.0,38,0.4,0,0.0,0.0,0.0,0,0.0
EC_A-4_002,A-4_EC002,A-4 existing cluster 2,180.0,48,0.4,1,36.04101436179855,0.0,16.018228605243802,0,0.00011587260275784001
EC_A-4_003,A-4_EC003,A-4 existing cluster 3,100.0,63,0.4,2,74.42795704328734,0.0,44.656774225972406,0,0.0002461241965717174
EC_A-4_004,A-4_EC004,A-4 existing cluster 4,150.0,41,0.4,5,167.54437040604915,0.0,74.30797860840036,0,0.0006293019868597591
EC_A-4_005,A-4_EC005,A-4 existing cluster 5,180.0,52,0.4,5,164.08127066092175,0.0,62.23814545501728,0,0.0004155859071515577
EC_A-4_006,A-4_EC006,A-4 existing cluster 6,150.0,33,0.4,4,158.01224583147143,0.0,64.96432823538879,0,0.0006835472246989561
EC_A-4_007,A-4_EC007,A-4 existing cluster 7,150.0,29,0.4,11,407.7569395947393,0.0,175.36102135443826,0,0.0020996290870981594
EC_A-4_008,A-4_EC008,A-4 existing cluster 8,150.0,50,0.4,0,0.0,0.0,0.0,0,0.0
EC_A-4_009,A-4_EC009,A-4 existing cluster 9,100.0,28,0.4,2,64.6778193444922,0.0,39.69507870346952,0,0.000492250479953739
EC_A-4_010,A-4_EC010,A-4 existing cluster 10,250.0,42,0.4,7,254.85842508757534,0.0,110.30091248575695,0,0.0009118792368200807
EC_A-4_011,A-4_EC011,A-4 existing cluster 11,210.0,35,0.4,27,680.1660778087015,0.0,263.615300834809,0,0.002615231159075486
EC_A-4_012,A-4_EC012,A-4 existing cluster 12,100.0,29,0.4,24,676.9998612928439,0.0,409.45606295510834,0,0.004902491175228787
EC_A-4_013,A-4_EC013,A-4 existing cluster 13,350.0,25,0.4,30,1016.8261951737891,0.0,375.0336756596143,0,0.005208801050827976
EC_A-4_014,A-4_EC014,A-4 existing cluster 14,350.0,25,0.4,35,1269.2217945150019,0.0,468.02762193836026,0,0.006500383638032781
EC_A-4_015,A-4_EC015,A-4 existing cluster 15,350.0,36,0.4,21,787.1276470884887,0.0,302.5817897636975,0,0.002918420040159119
EC_A-4_016,A-4_EC016,A-4 existing cluster 16,350.0,49,0.4,49,1206.885106548571,0.0,478.51665201171016,0,0.0033908492914662
EC_A-4_017,A-4_EC017,A-4 existing cluster 17,150.0,28,0.4,43,1115.3617857090887,0.0,476.02470118737347,0,0.005903084092105325
EC_A-4_018,A-4_EC018,A-4 existing cluster 18,350.0,36,0.4,28,769.7111341320036,0.0,328.50427694051183,0,0.003168444029133023
EC_A-4_019,A-4_EC019,A-4 existing cluster 19,150.0,25,0.4,23,587.6137110846075,0.0,268.40432889051215,0,0.003727837901257113
EC_A-4_020,A-4_EC020,A-4 existing cluster 20,150.0,26,0.4,2,79.18457879924895,0.0,33.00896695667444,0,0.00044082487922909245
EC_A-4_021,A-4_EC021,A-4 existing cluster 21,250.0,43,0.4,3,92.0394757803138,0.0,40.08964302892905,0,0.0003237212776883806
EC_A-4_022,A-4_EC022,A-4 existing cluster 22,150.0,20,0.4,1,25.21155602349593,0.0,10.804952581498256,0,0.00018758598231767806
EC_A-4_023,A-4_EC023,A-4 existing cluster 23,50.0,22,0.4,69,1771.8515761813057,0.0,2194.356463328685,0,0.034633151252031015
EC_A-4_024,A-4_EC024,A-4 existing cluster 24,100.0,23,0.4,45,1401.3988824226433,0.0,842.889850001531,0,0.012724786382873355
EC_A-4_025,A-4_EC025,A-4 existing cluster 25,60.0,24,0.4,26,653.1289789764705,0.0,653.1289789764705,0,0.009449203978247549
EC_A-4_026,A-4_EC026,A-4 existing cluster 26,360.0,36,0.4,31,884.9692316759316,0.0,360.67782004344,0,0.0034787598383819447
EC_A-4_027,A-4_EC027,A-4 existing cluster 27,150.0,47,0.4,35,759.5268586852204,0.0,329.45742054253003,0,0.0024339348444335847
EC_A-4_028,A-4_EC028,A-4 existing cluster 28,150.0,30,0.4,84,3003.537619185755,0.0,1291.2308573488901,0,0.01494480158968623
EC_A-4_029,A-4_EC029,A-4 existing cluster 29,150.0,39,0.4,10,230.74237788280942,0.0,100.78755932921692,0,0.0008973251364780708
EC_A-1_000,A-1_EC000,A-1 existing cluster 0,350.0,43,0.4,1,30.756389402144876,0.0,13.181309743776374,0,0.00010643822467519682
EC_A-1_001,A-1_EC001,A-1 existing cluster 1,350.0,33,0.4,28,803.0276741204799,0.0,281.7202556777918,0,0.002964228279438045
EC_A-1_002,A-1_EC002,A-1 existing cluster 2,50.0,55,0.4,0,0.0,0.0,0.0,0,0.0
EC_A-1_003,A-1_EC003,A-1 existing cluster 3,150.0,38,0.4,1,38.9399968387471,0.0,15.575998735498839,0,0.00014232454984922186
EC_A-1_004,A-1_EC004,A-1 existing cluster 4,150.0,20,0.4,4,127.71383615297123,0.0,57.15586066639106,0,0.0009922892476804002
EC_A-1_005,A-1_EC005,A-1 existing cluster 5,250.0,52,0.4,0,0.0,0.0,0.0,0,0.0
EC_A-1_006,A-1_EC006,A-1 existing cluster 6,150.0,73,0.4,2,74.2075247648348,0.0,29.683009905933922,0,0.00014118631043537824
EC_A-1_007,A-1_EC007,A-1 existing cluster 7,150.0,78,0.4,0,0.0,0.0,0.0,0,0.0
EC_A-1_008,A-1_EC008,A-1 existing cluster 8,150.0,45,0.4,5,196.63078176126595,0.0,78.65231270450637,0,0.0006068851288927961
EC_A-1_009,A-1_EC009,A-1 existing cluster 9,150.0,46,0.4,0,0.0,0.0,0.0,0,0.0
EC_A-1_010,A-1_EC010,A-1 existing cluster 10,400.0,36,0.4,38,1353.692463392247,0.0,512.7753598763,0,0.004945749998806905
EC_A-1_011,A-1_EC011,A-1 existing cluster 11,350.0,36,0.4,91,2198.1091836063783,0.0,851.349377417556,0,0.008211317297623031
EC_A-1_012,A-1_EC012,A-1 existing cluster 12,350.0,41,0.4,33,744.6791469430126,0.0,299.48472195993463,0,0.002536286601964216
EC_A-1_013,A-1_EC013,A-1 existing cluster 13,560.0,49,0.4,0,0.0,0.0,0.0,0,0.0
EC_A-1_014,A-1_EC014,A-1 existing cluster 14,250.0,41,0.4,22,478.36868751497224,0.0,188.52515421993712,0,0.0015965883656837493
EC_A-1_015,A-1_EC015,A-1 existing cluster 15,400.0,40,0.4,26,728.8532593374571,0.0,248.2483502394139,0,0.0021549335958282456
EC_A-1_016,A-1_EC016,A-1 existing cluster 16,150.0,39,0.4,94,1892.6090224172772,0.0,838.7153742670887,0,0.007467195283716957
EC_A-1_017,A-1_EC017,A-1 existing cluster 17,320.0,26,0.4,9,274.5519688914537,0.0,117.48136757275411,0,0.0015689285199352845
EC_A-1_018,A-1_EC018,A-1 existing cluster 18,150.0,30,0.4,0,0.0,0.0,0.0,0,0.0
EC_A-1_019,A-1_EC019,A-1 existing cluster 19,50.0,27,0.4,1,29.498354784321783,0.0,35.39802574118614,0,0.00045522152444941023
EC_AP-1_000,AP-1_EC000,AP-1 existing cluster 0,180.0,26,0.4,97,3015.101556117352,0.0,1180.5819636538633,0,0.01576631895905266
EC_AP-1_001,AP-1_EC001,AP-1 existing cluster 1,44.0,4,0.4,68,1589.0625824830195,63.327490054405644,2169.6766326186653,3,0.18833998547037026
EC_AP-1_002,AP-1_EC002,AP-1 existing cluster 2,44.0,4,0.4,8,339.9907029740619,0.0,463.6236858737208,0,0.0402451116209827
EC_AP-1_003,AP-1_EC003,AP-1 existing cluster 3,350.0,4,0.4,5,143.05077604844774,0.0,58.556429968533386,0,0.005083023434768523
EC_AP-1_004,AP-1_EC004,AP-1 existing cluster 4,350.0,5,0.4,60,2211.6050139373506,0.0,858.2621032832342,0,0.0596015349502246
EC_AP-1_005,AP-1_EC005,AP-1 existing cluster 5,50.0,5,0.4,14,318.8569250849187,0.0,382.6283101019024,0,0.02657141042374322
EC_AP-1_006,AP-1_EC006,AP-1 existing cluster 6,11.09,6,0.4,0,0.0,0.0,0.0,0,0.0
EC_AP-1_007,AP-1_EC007,AP-1 existing cluster 7,22.0,12,0.4,0,0.0,0.0,0.0,0,0.0
EC_AP-1_008,AP-1_EC008,AP-1 existing cluster 8,100.0,24,0.4,3,82.56731398314076,0.0,49.540388389884455,0,0.0007167301561036524
EC_AP-1_009,AP-1_EC009,AP-1 existing cluster 9,50.0,6,0.4,0,0.0,0.0,0.0,0,0.0
EC_AP-1_010,AP-1_EC010,AP-1 existing cluster 10,120.0,16,0.4,0,0.0,0.0,0.0,0,0.0
EC_AP-1_011,AP-1_EC011,AP-1 existing cluster 11,60.0,3,0.4,103,1825.1463711934198,17.641483232498217,1825.1463711934198,1,0.21124379296220136
EC_AP-1_012,AP-1_EC012,AP-1 existing cluster 12,11.09,6,0.4,4,129.3432683651528,0.0,699.7832373227383,0,0.04049671512284365
EC_AP-1_013,AP-1_EC013,AP-1 existing cluster 13,50.0,6,0.4,0,0.0,0.0,0.0,0,0.0
EC_AP-1_014,AP-1_EC014,AP-1 existing cluster 14,7.4,4,0.4,21,376.96442928051107,0.0,3056.468345517658,0,0.26531843277063
EC_AP-1_015,AP-1_EC015,AP-1 existing cluster 15,50.0,6,0.4,28,533.2021590506757,0.0,639.8425908608107,0,0.03702792771185247
EC_A-6_000,A-6_EC000,A-6 existing cluster 0,180.0,25,0.4,44,1400.8775332655791,0.0,577.437652587933,0,0.008019967397054625
EC_A-6_001,A-6_EC001,A-6 existing cluster 1,100.0,20,0.4,1,33.478526091486835,0.0,20.0871156548921,0,0.0003487346467863212
EC_A-6_002,A-6_EC002,A-6 existing cluster 2,180.0,45,0.4,8,248.20113641986964,0.0,109.74298128127829,0,0.0008467822629728263
EC_A-6_003,A-6_EC003,A-6 existing cluster 3,50.0,20,0.4,13,438.8518319008071,0.0,526.6221982809685,0,0.009142746497933481
EC_A-6_004,A-6_EC004,A-6 existing cluster 4,100.0,23,0.4,3,92.4993666478013,0.0,57.09742820785886,0,0.0008619780828481109
EC_A-6_005,A-6_EC005,A-6 existing cluster 5,50.0,28,0.4,1,28.595433265041983,0.0,34.31451991805038,0,0.0004255272807297914
EC_A-6_006,A-6_EC006,A-6 existing cluster 6,240.0,30,0.4,0,0.0,0.0,0.0,0,0.0
EC_A-6_007,A-6_EC007,A-6 existing cluster 7,60.0,18,0.4,1,28.23287838669248,0.0,28.23287838669248,0,0.0005446157096198395
EC_A-6_008,A-6_EC008,A-6 existing cluster 8,60.0,26,0.4,5,178.91503328374336,0.0,178.91503328374336,0,0.002389356747913239
EC_A-6_009,A-6_EC009,A-6 existing cluster 9,50.0,19,0.4,102,2268.421691421373,0.0,2743.45746501595,0,0.05013628408289383
EC_A-6_010,A-6_EC010,A-6 existing cluster 10,220.0,27,0.4,151,4350.101431176711,0.0,1715.9328351824795,0,0.02206703748948662
EC_A-6_011,A-6_EC011,A-6 existing cluster 11,400.0,33,0.4,66,1165.1376427433238,0.0,452.0227976929875,0,0.004756132130608034
EC_A-6_012,A-6_EC012,A-6 existing cluster 12,350.0,49,0.4,129,3397.4343761593796,0.0,1296.8721621059276,0,0.009189853756419555
EC_A-6_013,A-6_EC013,A-6 existing cluster 13,350.0,40,0.4,101,2481.7549920464294,0.0,931.7650887757683,0,0.00808823861784521
EC_A-6_014,A-6_EC014,A-6 existing cluster 14,350.0,29,0.4,97,2495.4353951007083,0.0,959.2089041342973,0,0.011484780940305283
EC_A-6_015,A-6_EC015,A-6 existing cluster 15,180.0,33,0.4,46,1166.5938593687324,0.0,489.63560202181344,0,0.00515188975191302
EC_AP-68_000,AP-68_EC000,AP-68 existing cluster 0,50.0,8,0.4,1,8.006950412489388,0.0,11.385114688535651,0,0.0004941456028010265
EC_AP-68_001,AP-68_EC001,AP-68 existing cluster 1,350.0,9,0.4,1,24.63877581352761,0.0,14.783265488116564,0,0.0005703420327205465
EC_AP-68_002,AP-68_EC002,AP-68 existing cluster 2,180.0,10,0.4,23,750.8301024147586,0.0,318.4550950173934,0,0.011057468576992826
EC_AP-68_003,AP-68_EC003,AP-68 existing cluster 3,180.0,6,0.4,126,2899.3607325717912,0.0,1240.873573865316,0,0.07180981330239097
EC_AP-68_004,AP-68_EC004,AP-68 existing cluster 4,120.0,6,0.4,122,2828.7511707909193,0.0,1426.0871638920128,0,0.08252819235486185
EC_AP-68_005,AP-68_EC005,AP-68 existing cluster 5,180.0,7,0.4,1,23.871490272484106,0.0,10.230638688207474,0,0.0005074721571531485
EC_AP-68_006,AP-68_EC006,AP-68 existing cluster 6,120.0,13,0.4,0,0.0,0.0,0.0,0,0.0
EC_AP-68_007,AP-68_EC007,AP-68 existing cluster 7,120.0,10,0.4,3,123.44192331199892,0.0,66.13301640106529,0,0.002296285291703656
EC_AP-68_008,AP-68_EC008,AP-68 existing cluster 8,150.0,4,0.4,0,0.0,0.0,0.0,0,0.0
EC_AP-68_009,AP-68_EC009,AP-68 existing cluster 9,22.0,6,0.4,16,429.63564479730337,0.0,1187.5244524914067,0,0.06872247988954899
EC_AP-68_010,AP-68_EC010,AP-68 existing cluster 10,140.0,9,0.4,126,3429.6618923461583,0.0,1541.4391833929344,0,0.05946910429756692
EC_AP-68_011,AP-68_EC011,AP-68 existing cluster 11,100.0,8,0.4,1,42.02647973874674,0.0,25.21588784324804,0,0.001094439576529863
EC_AP-68_012,AP-68_EC012,AP-68 existing cluster 12,350.0,8,0.4,106,2608.0217384211555,0.0,1005.0692957088065,0,0.04362279929291695
EC_AP-68_013,AP-68_EC013,AP-68 existing cluster 13,350.0,8,0.4,72,1638.3911026990208,0.0,704.3662210460996,0,0.03057145056623696
EC_AP-68_014,AP-68_EC014,AP-68 existing cluster 14,350.0,8,0.4,15,403.28605726084015,0.0,149.3837282020282,0,0.006483668758768586
EC_AP-68_015,AP-68_EC015,AP-68 existing cluster 15,180.0,4,0.4,117,3073.5720959851683,9.71264189454996,1274.6142945790077,2,0.11064360195998331
EC_A-68_000,A-68_EC000,A-68 existing cluster 0,50.0,10,0.4,0,0.0,0.0,0.0,0,0.0
EC_A-68_001,A-68_EC001,A-68 existing cluster 1,50.0,6,0.4,0,0.0,0.0,0.0,0,0.0
EC_A-68_002,A-68_EC002,A-68 existing cluster 2,50.0,11,0.4,1,31.254412866252554,0.0,37.505295439503065,0,0.0011838792752368393
EC_A-68_003,A-68_EC003,A-68 existing cluster 3,300.0,12,0.4,1,41.87917062401351,0.0,19.54558930650139,0,0.000565555246137193
EC_A-68_004,A-68_EC004,A-68 existing cluster 4,300.0,7,0.4,52,1196.6355344039023,0.0,484.17182450513616,0,0.02401645954886588
EC_A-68_005,A-68_EC005,A-68 existing cluster 5,400.0,12,0.4,0,0.0,0.0,0.0,0,0.0
EC_A-68_006,A-68_EC006,A-68 existing cluster 6,300.0,3,0.4,0,0.0,0.0,0.0,0,0.0
EC_A-68_007,A-68_EC007,A-68 existing cluster 7,150.0,6,0.4,0,0.0,0.0,0.0,0,0.0
EC_A-68_008,A-68_EC008,A-68 existing cluster 8,50.0,7,0.4,1,39.50554046212738,0.0,47.40664855455285,0,0.00235152026560282
EC_A-68_009,A-68_EC009,A-68 existing cluster 9,50.0,5,0.4,5,200.33081855477832,0.0,240.39698226573398,0,0.01669423487956486
EC_A-68_010,A-68_EC010,A-68 existing cluster 10,150.0,6,0.4,0,0.0,0.0,0.0,0,0.0
EC_A-68_011,A-68_EC011,A-68 existing cluster 11,320.0,3,0.4,0,0.0,0.0,0.0,0,0.0
EC_A-68_012,A-68_EC012,A-68 existing cluster 12,320.0,3,0.4,2,67.75266340277297,0.0,24.852567247271686,0,0.002876454542508297
EC_A-68_013,A-68_EC013,A-68 existing cluster 13,350.0,5,0.4,4,128.80690757877537,0.0,53.17272106612023,0,0.0036925500740361272
EC_A-68_014,A-68_EC014,A-68 existing cluster 14,350.0,15,0.4,0,0.0,0.0,0.0,0,0.0
EC_A-68_015,A-68_EC015,A-68 existing cluster 15,50.0,7,0.4,9,262.6781810966337,0.0,316.08564817489963,0,0.015678851595977164
EC_A-8_000,A-8_EC000,A-8 existing cluster 0,350.0,62,0.4,35,625.568510224591,0.0,209.8470152904775,0,0.001175218499610649
EC_A-8_001,A-8_EC001,A-8 existing cluster 1,50.0,23,0.4,410,575.0951818737761,0.0,690.1142182485358,0,0.010418390975974273
EC_A-8_002,A-8_EC002,A-8 existing cluster 2,120.0,34,0.4,21,565.6734466091181,0.0,282.83672330455903,0,0.0028884469291723756
EC_A-8_003,A-8_EC003,A-8 existing cluster 3,400.0,21,0.4,56,1540.2320609775093,0.0,632.5043878529034,0,0.010458075195980545
EC_A-8_004,A-8_EC004,A-8 existing cluster 4,150.0,19,0.4,19,552.7180569868275,0.0,240.96458078983036,0,0.004403592485194268
EC_A-8_005,A-8_EC005,A-8 existing cluster 5,100.0,32,0.4,28,639.8473441491536,0.0,383.9084064894923,0,0.004165672813471053
EC_A-8_006,A-8_EC006,A-8 existing cluster 6,150.0,43,0.4,17,414.9573029548872,0.0,191.4457609934881,0,0.0015459121527251947
EC_A-8_007,A-8_EC007,A-8 existing cluster 7,60.0,13,0.4,54,1301.030082605761,0.0,1301.030082605761,0,0.03474973511233336
EC_A-8_008,A-8_EC008,A-8 existing cluster 8,50.0,15,0.4,0,0.0,0.0,0.0,0,0.0
EC_A-8_009,A-8_EC009,A-8 existing cluster 9,100.0,18,0.4,0,0.0,0.0,0.0,0,0.0
EC_A-8_010,A-8_EC010,A-8 existing cluster 10,210.0,15,0.4,0,0.0,0.0,0.0,0,0.0
EC_A-8_011,A-8_EC011,A-8 existing cluster 11,150.0,15,0.4,0,0.0,0.0,0.0,0,0.0
EC_A-8_012,A-8_EC012,A-8 existing cluster 12,50.0,11,0.4,0,0.0,0.0,0.0,0,0.0
EC_A-8_013,A-8_EC013,A-8 existing cluster 13,70.0,15,0.4,0,0.0,0.0,0.0,0,0.0
EC_A-8_014,A-8_EC014,A-8 existing cluster 14,400.0,21,0.4,0,0.0,0.0,0.0,0,0.0
EC_A-8_015,A-8_EC015,A-8 existing cluster 15,350.0,22,0.4,0,0.0,0.0,0.0,0,0.0
EC_A-66_000,A-66_EC000,A-66 existing cluster 0,150.0,16,0.4,51,1362.10094905137,0.0,585.6455453796952,0,0.012709321731330192
EC_A-66_001,A-66_EC001,A-66 existing cluster 1,50.0,8,0.4,0,0.0,0.0,0.0,0,0.0
EC_A-66_002,A-66_EC002,A-66 existing cluster 2,60.0,25,0.4,0,0.0,0.0,0.0,0,0.0
EC_A-66_003,A-66_EC003,A-66 existing cluster 3,150.0,20,0.4,0,0.0,0.0,0.0,0,0.0
EC_A-66_004,A-66_EC004,A-66 existing cluster 4,150.0,11,0.4,1,37.47505065529449,0.0,14.990020262117795,0,0.00047316983150624353
EC_A-66_005,A-66_EC005,A-66 existing cluster 5,120.0,27,0.4,17,445.65588162764885,0.0,224.18466838857526,0,0.002883033286890114
EC_A-66_006,A-66_EC006,A-66 existing cluster 6,320.0,23,0.4,1,24.48264803103489,0.0,10.492563441872097,0,0.00015840222587367296
EC_A-66_007,A-66_EC007,A-66 existing cluster 7,100.0,12,0.4,1,48.95736125664599,0.0,29.374416753987592,0,0.0008499541884834373
EC_A-66_008,A-66_EC008,A-66 existing cluster 8,320.0,17,0.4,2,70.3856424226504,0.0,25.488261404011645,0,0.0005205935744283424
EC_A-66_009,A-66_EC009,A-66 existing cluster 9,350.0,13,0.4,73,1800.0804782121631,0.0,645.9093096930485,0,0.01725185122043399
EC_A-66_010,A-66_EC010,A-66 existing cluster 10,50.0,17,0.4,48,1207.4458892266168,0.0,1465.4279774629729,0,0.029931126990665295
EC_A-66_011,A-66_EC011,A-66 existing cluster 11,60.0,13,0.4,19,399.85292275710424,0.0,402.5663779066059,0,0.010752307102206354
EC_A-66_012,A-66_EC012,A-66 existing cluster 12,150.0,21,0.4,53,1594.1395874579243,0.0,718.1889941674702,0,0.011874818025255791
EC_A-66_013,A-66_EC013,A-66 existing cluster 13,150.0,19,0.4,35,938.8165844701036,0.0,416.9662516746697,0,0.007619997289376274
EC_A-66_014,A-66_EC014,A-66 existing cluster 14,180.0,17,0.4,72,1910.4126877096883,0.0,823.2464384757939,0,0.01681467398847618
EC_A-66_015,A-66_EC015,A-66 existing cluster 15,350.0,10,0.4,46,1233.3232186347068,0.0,436.3568816689483,0,0.015151280613505149
EC_N-630_000,N-630_EC000,N-630 existing cluster 0,120.0,24,0.4,0,0.0,0.0,0.0,0,0.0
EC_N-630_001,N-630_EC001,N-630 existing cluster 1,50.0,24,0.4,0,0.0,0.0,0.0,0,0.0
EC_N-630_002,N-630_EC002,N-630 existing cluster 2,100.0,47,0.4,0,0.0,0.0,0.0,0,0.0
EC_N-630_003,N-630_EC003,N-630 existing cluster 3,50.0,25,0.4,0,0.0,0.0,0.0,0,0.0
EC_N-630_004,N-630_EC004,N-630 existing cluster 4,60.0,32,0.4,11,310.23391466674514,0.0,310.23391466674514,0,0.0033662534143527032
EC_N-630_005,N-630_EC005,N-630 existing cluster 5,200.0,23,0.4,3,55.85525526392255,0.0,25.824192264822933,0,0.0003898579750124235
EC_N-630_006,N-630_EC006,N-630 existing cluster 6,120.0,14,0.4,0,0.0,0.0,0.0,0,0.0
EC_N-630_007,N-630_EC007,N-630 existing cluster 7,50.0,45,0.4,0,0.0,0.0,0.0,0,0.0
EC_N-630_008,N-630_EC008,N-630 existing cluster 8,360.0,38,0.4,0,0.0,0.0,0.0,0,0.0
EC_N-630_009,N-630_EC009,N-630 existing cluster 9,190.0,30,0.4,5,140.28977031442037,0.0,59.36537818129572,0,0.0006870992845057375
EC_N-630_010,N-630_EC010,N-630 existing cluster 10,240.0,48,0.4,14,377.0475544739718,0.0,150.84059526262533,0,0.0010911501393419077
EC_N-630_011,N-630_EC011,N-630 existing cluster 11,350.0,34,0.4,15,453.08400151601813,0.0,153.97891362055572,0,0.0015724970753733223
EC_N-630_012,N-630_EC012,N-630 existing cluster 12,150.0,38,0.4,0,0.0,0.0,0.0,0,0.0
EC_N-630_013,N-630_EC013,N-630 existing cluster 13,150.0,54,0.4,0,0.0,0.0,0.0,0,0.0
EC_N-630_014,N-630_EC014,N-630 existing cluster 14,50.0,26,0.4,0,0.0,0.0,0.0,0,0.0
EC_N-630_015,N-630_EC015,N-630 existing cluster 15,22.0,17,0.4,6,178.85600028839275,0.0,487.78909169561655,0,0.009963012493783018
EC_N-630_016,N-630_EC016,N-630 existing cluster 16,250.0,63,0.4,0,0.0,0.0,0.0,0,0.0
EC_N-630_017,N-630_EC017,N-630 existing cluster 17,150.0,22,0.4,0,0.0,0.0,0.0,0,0.0
EC_N-630_018,N-630_EC018,N-630 existing cluster 18,60.0,17,0.4,0,0.0,0.0,0.0,0,0.0
EC_AP-46_000,AP-46_EC000,AP-46 existing cluster 0,50.0,3,0.4,39,1272.4348438600603,31.022411626104258,1529.186328761105,1,0.17698915842142418
EC_AP-46_001,AP-46_EC001,AP-46 existing cluster 1,50.0,3,0.4,47,1585.7769478336138,0.0,1902.9323374003359,0,0.22024679831022406
EC_A-23_000,A-23_EC000,A-23 existing cluster 0,320.0,15,0.4,34,1008.7430739003266,0.0,378.54134480706267,0,0.008762531129793118
EC_A-23_001,A-23_EC001,A-23 existing cluster 1,250.0,14,0.4,9,279.7111655482682,0.0,109.40007663720232,0,0.002713295551517915
EC_A-23_002,A-23_EC002,A-23 existing cluster 2,30.0,4,0.4,45,1224.0307866356975,3.530293149543013,2460.329918043507,1,0.21357030538572108
EC_A-23_003,A-23_EC003,A-23 existing cluster 3,300.0,4,0.4,46,1230.9845993861604,0.0,514.2501250095002,0,0.044639767795963556
EC_A-23_004,A-23_EC004,A-23 existing cluster 4,50.0,5,0.4,50,1201.3921085929874,1.8244766465290922,1454.8315168462977,1,0.10102996644765956
EC_A-23_005,A-23_EC005,A-23 existing cluster 5,60.0,5,0.4,21,642.2642373666154,0.0,648.5477581911692,0,0.04503803876327564
EC_A-23_006,A-23_EC006,A-23 existing cluster 6,50.0,9,0.4,0,0.0,0.0,0.0,0,0.0
EC_A-23_007,A-23_EC007,A-23 existing cluster 7,50.0,6,0.4,23,791.3253597855204,0.0,949.5904317426246,0,0.05495314998510559
EC_A-23_008,A-23_EC008,A-23 existing cluster 8,50.0,10,0.4,4,116.77476659617628,0.0,140.12971991541153,0,0.004865615274840678
EC_A-23_009,A-23_EC009,A-23 existing cluster 9,50.0,6,0.4,32,733.1466882257823,0.0,879.7760258709388,0,0.05091296446012378
EC_A-23_010,A-23_EC010,A-23 existing cluster 10,100.0,5,0.4,3,94.95668233708706,0.0,56.974009402252236,0,0.003956528430711961
EC_A-23_011,A-23_EC011,A-23 existing cluster 11,100.0,8,0.4,0,0.0,0.0,0.0,0,0.0
EC_A-23_012,A-23_EC012,A-23 existing cluster 12,50.0,5,0.4,2,73.59810174485364,0.0,88.31772209382436,0,0.006133175145404469
EC_A-23_013,A-23_EC013,A-23 existing cluster 13,22.0,6,0.4,23,530.7013564043409,0.0,1447.3673356482027,0,0.08375968377593766
EC_A-23_014,A-23_EC014,A-23 existing cluster 14,100.0,4,0.4,2,59.906761927420106,0.0,35.94405715645206,0,0.0031201438503864636
EC_A-23_015,A-23_EC015,A-23 existing cluster 15,120.0,12,0.4,0,0.0,0.0,0.0,0,0.0
STA_0004,STA_0004,Proposed A-23 (STA_0004),150.0,4,0.4,67,1658.9447157577558,2.0064205293843997,722.4168376915096,1,0.0627097949384991
EC_AP-9_000,AP-9_EC000,AP-9 existing cluster 0,60.0,13,0.4,1,40.180651526305596,0.0,40.180651526305596,0,0.0010732011625615811
EC_AP-9_001,AP-9_EC001,AP-9 existing cluster 1,150.0,7,0.4,21,715.0583657628401,0.0,311.47110364865125,0,0.015449955538127542
EC_AP-9_002,AP-9_EC002,AP-9 existing cluster 2,125.0,13,0.4,3,80.42346168822992,0.0,38.60326161035036,0,0.0010310700216439733
EC_AP-9_003,AP-9_EC003,AP-9 existing cluster 3,21.0,4,0.4,5,152.8196563526646,0.0,436.6275895790417,0,0.03790170048429181
EC_AP-9_004,AP-9_EC004,AP-9 existing cluster 4,60.0,15,0.4,41,1089.642974566424,0.0,1089.642974566424,0,0.02522321700385241
EC_AP-9_005,AP-9_EC005,AP-9 existing cluster 5,50.0,6,0.4,2,68.74017114158366,0.0,82.4882053699004,0,0.00477362299594331
EC_AP-9_006,AP-9_EC006,AP-9 existing cluster 6,22.0,32,0.4,25,740.5494940367815,0.0,2019.6804382821324,0,0.021914935311221056
EC_AP-9_007,AP-9_EC007,AP-9 existing cluster 7,50.0,10,0.4,6,164.52534139246765,0.0,197.43040967096118,0,0.006855222558019486
EC_AP-9_008,AP-9_EC008,AP-9 existing cluster 8,22.17,5,0.4,33,762.4826803032934,0.0,2063.5525853945696,0,0.1433022628746229
EC_AP-9_009,AP-9_EC009,AP-9 existing cluster 9,120.0,23,0.4,2,53.53462216182105,0.0,26.767311080910524,0,0.0004040958798446637
EC_AP-9_010,AP-9_EC010,AP-9 existing cluster 10,50.0,21,0.4,11,328.7556851514507,0.0,394.50682218174074,0,0.006522930260941481
EC_AP-9_011,AP-9_EC011,AP-9 existing cluster 11,50.0,13,0.4,41,977.4566361505758,0.0,1172.9479633806911,0,0.03132873833815949
EC_AP-9_012,AP-9_EC012,AP-9 existing cluster 12,150.0,33,0.4,0,0.0,0.0,0.0,0,0.0
EC_AP-9_013,AP-9_EC013,AP-9 existing cluster 13,150.0,8,0.4,0,0.0,0.0,0.0,0,0.0
EC_AP-9_014,AP-9_EC014,AP-9 existing cluster 14,22.0,10,0.4,62,1724.613844001369,0.0,4703.492301821916,0,0.16331570492437208
EC_AP-9_015,AP-9_EC015,AP-9 existing cluster 15,22.0,5,0.4,2,64.77349428652141,0.0,176.65498441778567,0,0.012267707251235115
STA_0008,STA_0008,Proposed AP-9 (STA_0008),150.0,4,0.4,1,47.35557467300949,0.0,18.942962917031547,0,0.0016443544198812107
EC_N-322_000,N-322_EC000,N-322 existing cluster 0,150.0,7,0.4,0,0.0,0.0,0.0,0,0.0
EC_N-322_001,N-322_EC001,N-322 existing cluster 1,150.0,5,0.4,17,510.1796211936822,0.0,224.56844044382996,0,0.01559503058637708
EC_N-322_002,N-322_EC002,N-322 existing cluster 2,150.0,12,0.4,0,0.0,0.0,0.0,0,0.0
EC_N-322_003,N-322_EC003,N-322 existing cluster 3,100.0,4,0.4,1,41.59127469706763,0.0,26.19220508109357,0,0.0022736289132893723
EC_N-322_004,N-322_EC004,N-322 existing cluster 4,50.0,10,0.4,3,107.34487856427151,0.0,131.79649283631608,0,0.004576267112372086
EC_N-322_005,N-322_EC005,N-322 existing cluster 5,22.0,6,0.4,3,105.77408003654024,0.0,288.4747637360188,0,0.016694141419908496
EC_N-322_006,N-322_EC006,N-322 existing cluster 6,50.0,8,0.4,6,193.91682455547758,0.0,232.70018946657314,0,0.01009983461226446
EC_N-322_007,N-322_EC007,N-322 existing cluster 7,150.0,4,0.4,1,44.60256810888635,0.0,17.841027243554542,0,0.0015487002815585541
EC_N-322_008,N-322_EC008,N-322 existing cluster 8,50.0,5,0.4,0,0.0,0.0,0.0,0,0.0
EC_N-322_009,N-322_EC009,N-322 existing cluster 9,150.0,11,0.4,1,46.12342350440265,0.0,18.44936940176106,0,0.0005823664583889224
EC_N-322_010,N-322_EC010,N-322 existing cluster 10,22.0,4,0.4,0,0.0,0.0,0.0,0,0.0
EC_N-322_011,N-322_EC011,N-322 existing cluster 11,50.0,16,0.4,0,0.0,0.0,0.0,0,0.0
EC_N-322_012,N-322_EC012,N-322 existing cluster 12,100.0,5,0.4,1,59.331835872892825,0.0,37.27058989582872,0,0.00258823540943255
EC_N-322_013,N-322_EC013,N-322 existing cluster 13,120.0,39,0.4,11,396.1844158603108,0.0,207.64426319328564,0,0.0018486846794274006
EC_N-322_014,N-322_EC014,N-322 existing cluster 14,150.0,5,0.4,18,516.8588382315068,0.0,225.54037147875806,0,0.015662525797135975
EC_N-322_015,N-322_EC015,N-322 existing cluster 15,50.0,5,0.4,1,49.52365462716826,0.0,59.42838555260192,0,0.004126971218930689
STA_0001,STA_0001,Proposed N-322 (STA_0001),150.0,4,0.4,8,279.2730565364473,0.0,128.20476516086975,0,0.011128885864658832
EC_N-433_000,N-433_EC000,N-433 existing cluster 0,22.0,2,0.4,0,0.0,0.0,0.0,0,0.0
EC_N-433_001,N-433_EC001,N-433 existing cluster 1,22.0,2,0.4,0,0.0,0.0,0.0,0,0.0
EC_N-433_002,N-433_EC002,N-433 existing cluster 2,22.0,2,0.4,0,0.0,0.0,0.0,0,0.0
EC_N-433_003,N-433_EC003,N-433 existing cluster 3,22.0,2,0.4,0,0.0,0.0,0.0,0,0.0
EC_N-433_004,N-433_EC004,N-433 existing cluster 4,22.0,2,0.4,0,0.0,0.0,0.0,0,0.0
EC_N-433_005,N-433_EC005,N-433 existing cluster 5,22.0,2,0.4,0,0.0,0.0,0.0,0,0.0
EC_N-433_006,N-433_EC006,N-433 existing cluster 6,22.17,6,0.4,0,0.0,0.0,0.0,0,0.0
STA_0002,STA_0002,Proposed N-433 (STA_0002),150.0,4,0.4,0,0.0,0.0,0.0,0,0.0
EC_N-435_000,N-435_EC000,N-435 existing cluster 0,50.0,3,0.4,0,0.0,0.0,0.0,0,0.0
EC_N-435_001,N-435_EC001,N-435 existing cluster 1,22.0,2,0.4,0,0.0,0.0,0.0,0,0.0
EC_N-435_002,N-435_EC002,N-435 existing cluster 2,22.0,2,0.4,0,0.0,0.0,0.0,0,0.0
EC_N-435_003,N-435_EC003,N-435 existing cluster 3,22.0,2,0.4,0,0.0,0.0,0.0,0,0.0
EC_N-435_004,N-435_EC004,N-435 existing cluster 4,22.0,2,0.4,0,0.0,0.0,0.0,0,0.0
EC_N-435_005,N-435_EC005,N-435 existing cluster 5,21.0,2,0.4,0,0.0,0.0,0.0,0,0.0
EC_N-435_006,N-435_EC006,N-435 existing cluster 6,100.0,3,0.4,0,0.0,0.0,0.0,0,0.0
STA_0005,STA_0005,Proposed N-435 (STA_0005),150.0,2,0.4,0,0.0,0.0,0.0,0,0.0
EC_N-502_000,N-502_EC000,N-502 existing cluster 0,22.0,2,0.4,6,147.43362092126466,0.0,402.0916934216309,0,0.06980758566347758
EC_N-502_001,N-502_EC001,N-502 existing cluster 1,100.0,4,0.4,4,120.30615086795744,0.0,73.31594858529058,0,0.006364231648028696
EC_N-502_002,N-502_EC002,N-502 existing cluster 2,100.0,3,0.4,0,0.0,0.0,0.0,0,0.0
EC_N-502_003,N-502_EC003,N-502 existing cluster 3,100.0,4,0.4,0,0.0,0.0,0.0,0,0.0
STA_0007,STA_0007,Proposed N-502 (STA_0007),150.0,2,0.4,7,150.99238520538404,0.0,76.5560999444763,0,0.013290989573693802
EC_N-621_000,N-621_EC000,N-621 existing cluster 0,3.7,2,0.4,0,0.0,0.0,0.0,0,0.0
STA_0006,STA_0006,Proposed N-621 (STA_0006),150.0,2,0.4,0,0.0,0.0,0.0,0,0.0
EC_A-67_000,A-67_EC000,A-67 existing cluster 0,60.0,11,0.4,59,1694.086249325295,0.0,1694.086249325295,0,0.05347494473880351
EC_A-67_001,A-67_EC001,A-67 existing cluster 1,60.0,3,0.4,14,550.9822946974037,45.87685333831996,550.9822946974037,2,0.06377109892331062
EC_A-67_002,A-67_EC002,A-67 existing cluster 2,50.0,4,0.4,69,2056.787091825594,16.599185214107365,2468.144510190713,1,0.21424865539849938
EC_A-67_003,A-67_EC003,A-67 existing cluster 3,50.0,6,0.4,11,276.6674952343185,0.0,332.00099428118216,0,0.019213020502383226
EC_A-67_004,A-67_EC004,A-67 existing cluster 4,150.0,2,0.4,4,153.98280483023566,0.0,66.79105216608444,0,0.011595668778834105
EC_A-67_005,A-67_EC005,A-67 existing cluster 5,22.0,4,0.4,22,753.8010847010077,0.0,2055.8211400936575,0,0.17845669618868554
EC_A-67_006,A-67_EC006,A-67 existing cluster 6,50.0,3,0.4,5,187.4815963119898,0.0,224.97791557438774,0,0.026039110598887468
EC_A-67_007,A-67_EC007,A-67 existing cluster 7,22.17,6,0.4,32,1006.4206164002585,0.0,2723.7364449262745,0,0.1576236368591594
EC_A-67_008,A-67_EC008,A-67 existing cluster 8,60.0,3,0.4,8,294.5542916538266,0.0,294.5542916538266,0,0.03409193190437808
EC_A-67_009,A-67_EC009,A-67 existing cluster 9,50.0,3,0.4,59,1434.8430361080925,49.502411216098494,1721.811643329711,2,0.19928375501501283
EC_A-67_010,A-67_EC010,A-67 existing cluster 10,100.0,8,0.4,1,36.060499434747825,0.0,21.636299660848696,0,0.0009390755061132246
EC_A-67_011,A-67_EC011,A-67 existing cluster 11,22.0,6,0.4,14,488.66511932403813,0.0,1332.723052701922,0,0.07712517666099085
EC_A-67_012,A-67_EC012,A-67 existing cluster 12,80.0,3,0.4,26,817.7837180586533,0.0,613.33778854399,0,0.0709881699703692
EC_A-67_013,A-67_EC013,A-67 existing cluster 13,150.0,7,0.4,1,39.873709742306914,0.0,15.949483896922768,0,0.0007911450345695817
EC_A-67_014,A-67_EC014,A-67 existing cluster 14,150.0,4,0.4,0,0.0,0.0,0.0,0,0.0
EC_A-67_015,A-67_EC015,A-67 existing cluster 15,50.0,3,0.4,3,105.76684743458853,0.0,126.92021692150624,0,0.014689839921470629
EC_A-62_000,A-62_EC000,A-62 existing cluster 0,360.0,21,0.4,27,850.6582611115364,0.0,320.8663850242876,0,0.005305330440216395
EC_A-62_001,A-62_EC001,A-62 existing cluster 1,100.0,23,0.4,54,1405.7042957574936,0.0,843.4225774544964,0,0.01273282876591933
EC_A-62_002,A-62_EC002,A-62 existing cluster 2,60.0,17,0.4,25,812.9721034363675,0.0,812.9721034363675,0,0.016604822374108815
EC_A-62_003,A-62_EC003,A-62 existing cluster 3,360.0,13,0.4,4,129.749086364814,0.0,61.92903729494428,0,0.001654087534587187
EC_A-62_004,A-62_EC004,A-62 existing cluster 4,50.0,13,0.4,0,0.0,0.0,0.0,0,0.0
EC_A-62_005,A-62_EC005,A-62 existing cluster 5,50.0,13,0.4,1,29.969582819419966,0.0,35.96349938330396,0,0.0009605635519044862
EC_A-62_006,A-62_EC006,A-62 existing cluster 6,150.0,15,0.4,47,1288.6998143691746,0.0,559.1905915941555,0,0.012944226657272118
EC_A-62_007,A-62_EC007,A-62 existing cluster 7,50.0,16,0.4,25,642.2984287617099,0.0,771.8466799838307,0,0.01675014496492688
EC_A-62_008,A-62_EC008,A-62 existing cluster 8,200.0,18,0.4,2,67.24481119936276,0.0,24.819194332444773,0,0.0004787653227709254
EC_A-62_009,A-62_EC009,A-62 existing cluster 9,250.0,34,0.4,0,0.0,0.0,0.0,0,0.0
EC_A-62_010,A-62_EC010,A-62 existing cluster 10,200.0,14,0.4,37,950.1958748203464,0.0,392.85693838884873,0,0.009743475654485335
EC_A-62_011,A-62_EC011,A-62 existing cluster 11,150.0,12,0.4,25,626.5526477520782,0.0,277.2985641737936,0,0.008023685305954676
EC_A-62_012,A-62_EC012,A-62 existing cluster 12,150.0,13,0.4,1,24.804464799993585,0.0,10.630484914282965,0,0.0002839338919413185
EC_A-62_013,A-62_EC013,A-62 existing cluster 13,120.0,17,0.4,51,1352.1007518089084,0.0,676.0503759044542,0,0.01380821846210078
EC_A-62_014,A-62_EC014,A-62 existing cluster 14,400.0,21,0.4,0,0.0,0.0,0.0,0,0.0
EC_A-62_015,A-62_EC015,A-62 existing cluster 15,400.0,31,0.4,0,0.0,0.0,0.0,0,0.0
EC_A-45_000,A-45_EC000,A-45 existing cluster 0,45.0,4,0.4,58,1760.8178701614415,64.48970780718014,2347.757160215256,1,0.20379836460201875
EC_A-45_001,A-45_EC001,A-45 existing cluster 1,22.0,2,0.4,15,455.56562346525584,35.24219086668586,1242.4517003597887,1,0.2157034202013522
EC_A-45_002,A-45_EC002,A-45 existing cluster 2,22.0,2,0.4,14,414.8236072858798,34.20374209932834,1135.3752339468278,1,0.1971137558935465
EC_A-45_003,A-45_EC003,A-45 existing cluster 3,22.0,2,0.4,15,506.9188621265737,54.23341024161664,1382.5059876179284,1,0.24001840062811258
EC_A-45_004,A-45_EC004,A-45 existing cluster 4,50.0,3,0.4,51,1580.0431856954763,193.82390921506237,1902.503585452329,4,0.2201971742421677
EC_A-45_005,A-45_EC005,A-45 existing cluster 5,50.0,3,0.4,23,713.8873616712773,56.68226523135513,858.4416081990812,1,0.0993566676156344
EC_A-45_006,A-45_EC006,A-45 existing cluster 6,22.0,2,0.4,16,527.8165964593799,86.46904856092908,1439.4998085255818,1,0.24991316120235796
EC_A-45_007,A-45_EC007,A-45 existing cluster 7,7.36,2,0.4,7,244.5367261604275,137.991315112949,1993.5059197860937,1,0.3460947777406413
EC_A-45_008,A-45_EC008,A-45 existing cluster 8,150.0,2,0.4,79,2352.228658213893,71.16125777167133,1020.4515998964981,3,0.17716173609314204
EC_A-45_009,A-45_EC009,A-45 existing cluster 9,350.0,4,0.4,42,1489.0118758957622,9.63423199597878,588.3790037396415,1,0.05107456629684388
EC_A-45_010,A-45_EC010,A-45 existing cluster 10,7.4,2,0.4,6,187.57004175705137,0.0,1520.8381764085248,0,0.26403440562648
EC_A-45_011,A-45_EC011,A-45 existing cluster 11,50.0,3,0.4,42,1236.3999344029123,12.765247589603177,1484.904884828014,1,0.17186399129953867
EC_A-45_012,A-45_EC012,A-45 existing cluster 12,22.0,2,0.4,27,674.7384707387603,140.52920753420972,1840.2005598249316,2,0.31947926385849507
EC_A-92_000,A-92_EC000,A-92 existing cluster 0,150.0,36,0.4,33,1037.6018000092324,0.0,474.3911910788354,0,0.004575532321362224
EC_A-92_001,A-92_EC001,A-92 existing cluster 1,150.0,16,0.4,33,1049.7213313249558,0.0,447.71325661544955,0,0.009715999492522777
EC_A-92_002,A-92_EC002,A-92 existing cluster 2,60.0,15,0.4,3,114.20537810217765,0.0,117.05454324109357,0,0.0027095959083586474
EC_A-92_003,A-92_EC003,A-92 existing cluster 3,50.0,26,0.4,35,932.7945542964464,0.0,1119.353465155736,0,0.014948630677827672
EC_A-92_004,A-92_EC004,A-92 existing cluster 4,150.0,11,0.4,2,82.27332205360788,0.0,32.909328821443154,0,0.001038804571383938
EC_A-92_005,A-92_EC005,A-92 existing cluster 5,400.0,38,0.4,10,396.295722272542,0.0,156.09392785248613,0,0.001426296855377249
EC_A-92_006,A-92_EC006,A-92 existing cluster 6,180.0,28,0.4,27,831.8878194960787,0.0,350.5043947725821,0,0.0043465326732711074
EC_A-92_007,A-92_EC007,A-92 existing cluster 7,100.0,21,0.4,52,1552.1996620256034,0.0,939.004133604309,0,0.015525861997425745
EC_A-92_008,A-92_EC008,A-92 existing cluster 8,150.0,16,0.4,10,301.3641562238175,0.0,130.55839284875555,0,0.002833298455919174
EC_A-92_009,A-92_EC009,A-92 existing cluster 9,150.0,22,0.4,7,242.58597973882206,0.0,107.81040456829322,0,0.0017015531024036179
EC_A-92_010,A-92_EC010,A-92 existing cluster 10,120.0,18,0.4,8,276.8908235328703,0.0,141.40188989281603,0,0.0027276599130558648
EC_A-92_011,A-92_EC011,A-92 existing cluster 11,400.0,29,0.4,5,171.44637629338516,0.0,69.02710295946608,0,0.0008264739339016533
EC_A-92_012,A-92_EC012,A-92 existing cluster 12,150.0,35,0.4,70,1878.027004624811,0.0,805.6386387792242,0,0.007992446813285954
EC_A-92_013,A-92_EC013,A-92 existing cluster 13,400.0,28,0.4,5,140.06125117430213,0.0,51.48707322877867,0,0.0006384805707933863
EC_A-92_014,A-92_EC014,A-92 existing cluster 14,100.0,19,0.4,97,2855.180175668678,0.0,1714.2403634657223,0,0.0313274920223999
EC_A-92_015,A-92_EC015,A-92 existing cluster 15,60.0,16,0.4,71,1758.1038783940862,0.0,1766.2149038987536,0,0.03832931649085837
EC_N-340_000,N-340_EC000,N-340 existing cluster 0,120.0,28,0.4,0,0.0,0.0,0.0,0,0.0
EC_N-340_001,N-340_EC001,N-340 existing cluster 1,60.0,30,0.4,0,0.0,0.0,0.0,0,0.0
EC_N-340_002,N-340_EC002,N-340 existing cluster 2,250.0,42,0.4,0,0.0,0.0,0.0,0,0.0
EC_N-340_003,N-340_EC003,N-340 existing cluster 3,350.0,40,0.4,0,0.0,0.0,0.0,0,0.0
EC_N-340_004,N-340_EC004,N-340 existing cluster 4,150.0,33,0.4,0,0.0,0.0,0.0,0,0.0
EC_N-340_005,N-340_EC005,N-340 existing cluster 5,150.0,27,0.4,0,0.0,0.0,0.0,0,0.0
EC_N-340_006,N-340_EC006,N-340 existing cluster 6,150.0,34,0.4,0,0.0,0.0,0.0,0,0.0
EC_N-340_007,N-340_EC007,N-340 existing cluster 7,150.0,28,0.4,0,0.0,0.0,0.0,0,0.0
EC_N-340_008,N-340_EC008,N-340 existing cluster 8,180.0,32,0.4,0,0.0,0.0,0.0,0,0.0
EC_N-340_009,N-340_EC009,N-340 existing cluster 9,250.0,47,0.4,0,0.0,0.0,0.0,0,0.0
EC_N-340_010,N-340_EC010,N-340 existing cluster 10,180.0,55,0.4,0,0.0,0.0,0.0,0,0.0
EC_N-340_011,N-340_EC011,N-340 existing cluster 11,207.0,34,0.4,0,0.0,0.0,0.0,0,0.0
EC_N-340_012,N-340_EC012,N-340 existing cluster 12,60.0,22,0.4,0,0.0,0.0,0.0,0,0.0
EC_N-340_013,N-340_EC013,N-340 existing cluster 13,350.0,22,0.4,0,0.0,0.0,0.0,0,0.0
EC_N-340_014,N-340_EC014,N-340 existing cluster 14,150.0,31,0.4,0,0.0,0.0,0.0,0,0.0
EC_N-340_015,N-340_EC015,N-340 existing cluster 15,150.0,37,0.4,0,0.0,0.0,0.0,0,0.0
EC_N-340_016,N-340_EC016,N-340 existing cluster 16,50.0,21,0.4,0,0.0,0.0,0.0,0,0.0
EC_N-340_017,N-340_EC017,N-340 existing cluster 17,150.0,27,0.4,0,0.0,0.0,0.0,0,0.0
EC_N-340_018,N-340_EC018,N-340 existing cluster 18,150.0,33,0.4,0,0.0,0.0,0.0,0,0.0
EC_N-340_019,N-340_EC019,N-340 existing cluster 19,150.0,31,0.4,0,0.0,0.0,0.0,0,0.0
EC_N-340_020,N-340_EC020,N-340 existing cluster 20,150.0,23,0.4,0,0.0,0.0,0.0,0,0.0
EC_N-340_021,N-340_EC021,N-340 existing cluster 21,150.0,23,0.4,0,0.0,0.0,0.0,0,0.0
EC_N-340_022,N-340_EC022,N-340 existing cluster 22,50.0,21,0.4,0,0.0,0.0,0.0,0,0.0
EC_N-340_023,N-340_EC023,N-340 existing cluster 23,120.0,28,0.4,0,0.0,0.0,0.0,0,0.0
EC_N-340_024,N-340_EC024,N-340 existing cluster 24,50.0,42,0.4,0,0.0,0.0,0.0,0,0.0
EC_N-340_025,N-340_EC025,N-340 existing cluster 25,150.0,82,0.4,0,0.0,0.0,0.0,0,0.0
EC_N-340_026,N-340_EC026,N-340 existing cluster 26,150.0,24,0.4,0,0.0,0.0,0.0,0,0.0
EC_N-340_027,N-340_EC027,N-340 existing cluster 27,120.0,24,0.4,0,0.0,0.0,0.0,0,0.0
EC_AP-8_000,AP-8_EC000,AP-8 existing cluster 0,150.0,17,0.4,0,0.0,0.0,0.0,0,0.0
EC_AP-8_001,AP-8_EC001,AP-8 existing cluster 1,150.0,14,0.4,0,0.0,0.0,0.0,0,0.0
EC_AP-8_002,AP-8_EC002,AP-8 existing cluster 2,150.0,15,0.4,0,0.0,0.0,0.0,0,0.0
EC_AP-8_003,AP-8_EC003,AP-8 existing cluster 3,120.0,17,0.4,8,228.0350051435439,0.0,118.35220870796789,0,0.00241732452426405
EC_AP-8_004,AP-8_EC004,AP-8 existing cluster 4,120.0,25,0.4,0,0.0,0.0,0.0,0,0.0
EC_AP-8_005,AP-8_EC005,AP-8 existing cluster 5,150.0,20,0.4,0,0.0,0.0,0.0,0,0.0
EC_AP-8_006,AP-8_EC006,AP-8 existing cluster 6,22.17,10,0.4,6,166.2213663594386,0.0,449.8548480634333,0,0.015619960002202544
EC_AP-8_007,AP-8_EC007,AP-8 existing cluster 7,250.0,18,0.4,4,109.396996129766,0.0,56.4062411432153,0,0.0010880833553860976
EC_AP-8_008,AP-8_EC008,AP-8 existing cluster 8,60.0,22,0.4,4,93.09318652692002,0.0,93.09318652692002,0,0.0014692737772556822
EC_AP-8_009,AP-8_EC009,AP-8 existing cluster 9,170.0,17,0.4,16,560.0230724091638,0.0,238.79404581266957,0,0.004877329367088839
EC_AP-8_010,AP-8_EC010,AP-8 existing cluster 10,120.0,54,0.4,40,1064.9992937899415,0.0,538.2321333353491,0,0.003460854766816802
EC_AP-8_011,AP-8_EC011,AP-8 existing cluster 11,180.0,25,0.4,0,0.0,0.0,0.0,0,0.0
EC_AP-8_012,AP-8_EC012,AP-8 existing cluster 12,50.0,21,0.4,0,0.0,0.0,0.0,0,0.0
EC_AP-8_013,AP-8_EC013,AP-8 existing cluster 13,250.0,48,0.4,0,0.0,0.0,0.0,0,0.0
EC_AP-8_014,AP-8_EC014,AP-8 existing cluster 14,150.0,9,0.4,0,0.0,0.0,0.0,0,0.0
EC_AP-8_015,AP-8_EC015,AP-8 existing cluster 15,180.0,16,0.4,0,0.0,0.0,0.0,0,0.0
EC_AP-6_000,AP-6_EC000,AP-6 existing cluster 0,22.0,4,0.4,42,964.8067023251427,0.0,2631.2910063412983,0,0.22841067763379325
EC_AP-6_001,AP-6_EC001,AP-6 existing cluster 1,22.17,4,0.4,2,58.74672832792692,0.0,158.98979249777244,0,0.013801197265431636
EC_AP-6_002,AP-6_EC002,AP-6 existing cluster 2,50.0,3,0.4,1,37.26940405064195,0.0,44.72328486077034,0,0.005176306118144716
EC_AP-6_003,AP-6_EC003,AP-6 existing cluster 3,22.0,18,0.4,1,38.506801674870346,0.0,105.01855002237367,0,0.0020258207951846774
EC_AP-6_004,AP-6_EC004,AP-6 existing cluster 4,150.0,4,0.4,0,0.0,0.0,0.0,0,0.0
EC_AP-6_005,AP-6_EC005,AP-6 existing cluster 5,150.0,8,0.4,15,628.7930486206882,0.0,261.9268504711664,0,0.011368352885033264
EC_AP-6_006,AP-6_EC006,AP-6 existing cluster 6,20.0,3,0.4,1,40.64871584059521,0.0,121.94614752178563,0,0.014114137444651115
EC_AP-6_007,AP-6_EC007,AP-6 existing cluster 7,22.0,2,0.4,27,595.3519839970347,12.591320199122833,1623.8757435846494,1,0.28192287215011275
EC_AP-6_008,AP-6_EC008,AP-6 existing cluster 8,90.0,2,0.4,27,593.9069234998465,0.0,395.93794899989774,0,0.06873922725692669
EC_AP-6_009,AP-6_EC009,AP-6 existing cluster 9,150.0,2,0.4,0,0.0,0.0,0.0,0,0.0
EC_AP-6_010,AP-6_EC010,AP-6 existing cluster 10,200.0,6,0.4,44,1382.7551094119187,0.0,527.4410394110164,0,0.030523208299248632
EC_AP-6_011,AP-6_EC011,AP-6 existing cluster 11,60.0,1,0.4,0,0.0,0.0,0.0,0,0.0
EC_AP-6_012,AP-6_EC012,AP-6 existing cluster 12,7.36,2,0.4,10,298.1348111115436,433.3940454258219,2445.8307708076404,1,0.4246233977096598
EC_AP-6_013,AP-6_EC013,AP-6 existing cluster 13,22.17,4,0.4,2,76.92461395204643,0.0,208.18569405154648,0,0.01807167483086341
EC_AP-6_014,AP-6_EC014,AP-6 existing cluster 14,150.0,2,0.4,41,1109.73723586936,5.101998643255911,504.73632416166845,1,0.08762783405584522
EC_AP-6_015,AP-6_EC015,AP-6 existing cluster 15,150.0,2,0.4,48,1451.2813620517734,4.7334374253427995,642.4516141433218,1,0.11153673856654892
EC_AP-15_000,AP-15_EC000,AP-15 existing cluster 0,50.0,9,0.4,5,180.32596612701133,0.0,216.39115935241358,0,0.008348424357732006
EC_AP-15_001,AP-15_EC001,AP-15 existing cluster 1,350.0,2,0.4,0,0.0,0.0,0.0,0,0.0
EC_AP-15_002,AP-15_EC002,AP-15 existing cluster 2,50.0,3,0.4,19,571.7996579710433,0.0,704.8701534139533,0,0.08158219368217053
EC_AP-15_003,AP-15_EC003,AP-15 existing cluster 3,100.0,8,0.4,25,943.397483931897,0.0,566.0384903591383,0,0.02456764281072649
EC_AP-15_004,AP-15_EC004,AP-15 existing cluster 4,50.0,3,0.4,0,0.0,0.0,0.0,0,0.0
EC_AP-15_005,AP-15_EC005,AP-15 existing cluster 5,50.0,4,0.4,1,61.12575025509209,0.0,76.60704648551251,0,0.006649917229645183
EC_AP-15_006,AP-15_EC006,AP-15 existing cluster 6,50.0,3,0.4,12,444.93858012261916,0.0,533.926296147143,0,0.061797025017030445
EC_AP-15_007,AP-15_EC007,AP-15 existing cluster 7,22.0,2,0.4,1,39.791192391603936,0.0,108.52143379528346,0,0.018840526700570046
EC_AP-15_008,AP-15_EC008,AP-15 existing cluster 8,320.0,1,0.4,0,0.0,0.0,0.0,0,0.0
EC_AP-15_009,AP-15_EC009,AP-15 existing cluster 9,50.0,3,0.4,1,25.751801574493662,0.0,30.902161889392392,0,0.003576639107568564
EC_AP-15_010,AP-15_EC010,AP-15 existing cluster 10,320.0,3,0.4,0,0.0,0.0,0.0,0,0.0
EC_AP-15_011,AP-15_EC011,AP-15 existing cluster 11,50.0,3,0.4,4,163.41782368826003,0.0,196.101388425912,0,0.02269691995670278
EC_AP-15_012,AP-15_EC012,AP-15 existing cluster 12,50.0,3,0.4,1,38.42758969475103,0.0,46.11310763370123,0,0.005337165235382088
EC_AP-15_013,AP-15_EC013,AP-15 existing cluster 13,50.0,3,0.4,0,0.0,0.0,0.0,0,0.0
EC_AP-15_014,AP-15_EC014,AP-15 existing cluster 14,50.0,3,0.4,0,0.0,0.0,0.0,0,0.0
EC_AP-15_015,AP-15_EC015,AP-15 existing cluster 15,50.0,3,0.4,2,87.29226550676601,0.0,104.75071860811923,0,0.012123925764828614
EC_A-52_000,A-52_EC000,A-52 existing cluster 0,50.0,3,0.4,46,1244.1298180943224,0.0,1492.9557817131872,0,0.17279580806865594
EC_A-52_001,A-52_EC001,A-52 existing cluster 1,150.0,2,0.4,0,0.0,0.0,0.0,0,0.0
EC_A-52_002,A-52_EC002,A-52 existing cluster 2,250.0,12,0.4,28,819.5403573894561,0.0,316.5461295546886,0,0.009159320878318536
EC_A-52_003,A-52_EC003,A-52 existing cluster 3,22.0,2,0.4,1,30.956371763665622,0.0,84.42646844636079,0,0.014657372994159859
EC_A-52_004,A-52_EC004,A-52 existing cluster 4,150.0,2,0.4,0,0.0,0.0,0.0,0,0.0
EC_A-52_005,A-52_EC005,A-52 existing cluster 5,320.0,10,0.4,1,28.939198859287245,0.0,12.86186615968322,0,0.0004465925749890007
EC_A-52_006,A-52_EC006,A-52 existing cluster 6,100.0,2,0.4,0,0.0,0.0,0.0,0,0.0
EC_A-52_007,A-52_EC007,A-52 existing cluster 7,300.0,4,0.4,2,58.32714044051986,0.0,19.15578422849231,0,0.001662828492056624
EC_A-52_008,A-52_EC008,A-52 existing cluster 8,50.0,3,0.4,14,397.54624977138906,0.0,477.05549972566695,0,0.05521475691269293
EC_A-52_009,A-52_EC009,A-52 existing cluster 9,300.0,2,0.4,63,1362.2299649809904,0.0,500.54808210238025,0,0.0869007086983299
EC_A-52_010,A-52_EC010,A-52 existing cluster 10,50.0,3,0.4,16,532.0127452815187,0.0,641.6109107761785,0,0.07426052208057621
EC_N-120_000,N-120_EC000,N-120 existing cluster 0,150.0,14,0.4,16,363.9855555821914,0.0,155.15312361863593,0,0.0038480437405415658
EC_N-120_001,N-120_EC001,N-120 existing cluster 1,150.0,13,0.4,15,508.88641312520133,0.0,221.7731147916775,0,0.005923427211316172
EC_N-120_002,N-120_EC002,N-120 existing cluster 2,300.0,21,0.4,14,451.04694759140796,0.0,192.4678167665368,0,0.003182338240187447
EC_N-120_003,N-120_EC003,N-120 existing cluster 3,50.0,16,0.4,4,126.12478587367163,0.0,155.39103337098658,0,0.003372201245030091
EC_N-120_004,N-120_EC004,N-120 existing cluster 4,50.0,13,0.4,10,258.20232230329384,0.0,309.8427867639526,0,0.008275715458438904
EC_N-120_005,N-120_EC005,N-120 existing cluster 5,22.0,8,0.4,0,0.0,0.0,0.0,0,0.0
EC_N-120_006,N-120_EC006,N-120 existing cluster 6,50.0,17,0.4,0,0.0,0.0,0.0,0,0.0
EC_N-120_007,N-120_EC007,N-120 existing cluster 7,150.0,20,0.4,0,0.0,0.0,0.0,0,0.0
EC_N-120_008,N-120_EC008,N-120 existing cluster 8,150.0,15,0.4,0,0.0,0.0,0.0,0,0.0
EC_N-120_009,N-120_EC009,N-120 existing cluster 9,100.0,11,0.4,0,0.0,0.0,0.0,0,0.0
EC_N-120_010,N-120_EC010,N-120 existing cluster 10,250.0,14,0.4,0,0.0,0.0,0.0,0,0.0
EC_N-120_011,N-120_EC011,N-120 existing cluster 11,50.0,15,0.4,1,14.3304755371367,0.0,17.19657064456404,0,0.0003980687649204639
EC_N-120_012,N-120_EC012,N-120 existing cluster 12,100.0,13,0.4,29,643.5019136462839,0.0,386.1011481877704,0,0.010312530667408396
EC_N-120_013,N-120_EC013,N-120 existing cluster 13,150.0,13,0.4,15,397.12727217930643,0.0,180.8175555698869,0,0.004829528727828176
EC_N-120_014,N-120_EC014,N-120 existing cluster 14,100.0,15,0.4,1,20.68420834559661,0.0,12.410525007357965,0,0.00028728067146661956
EC_N-120_015,N-120_EC015,N-120 existing cluster 15,50.0,13,0.4,0,0.0,0.0,0.0,0,0.0
EC_A-40_000,A-40_EC000,A-40 existing cluster 0,100.0,4,0.4,55,1842.2489069822623,0.0,1105.3493441893577,0,0.09595046390532619
EC_A-40_001,A-40_EC001,A-40 existing cluster 1,22.0,4,0.4,1,32.54838774737375,0.0,88.76833022011023,0,0.00770558422049568
EC_A-40_002,A-40_EC002,A-40 existing cluster 2,100.0,4,0.4,1,31.82977357413918,0.0,19.09786414448351,0,0.0016578007069864157
EC_A-40_003,A-40_EC003,A-40 existing cluster 3,22.0,4,0.4,1,8.47077226061272,0.0,23.102106165307415,0,0.0020053911601829355
EC_A-40_004,A-40_EC004,A-40 existing cluster 4,22.0,4,0.4,47,695.2560037584125,0.0,1896.171554309064,0,0.1645982252004396
EC_A-40_005,A-40_EC005,A-40 existing cluster 5,22.0,2,0.4,2,64.15253025380932,0.0,174.96144614675268,0,0.030375251067144563
EC_A-40_006,A-40_EC006,A-40 existing cluster 6,22.0,4,0.4,0,0.0,0.0,0.0,0,0.0
EC_A-40_007,A-40_EC007,A-40 existing cluster 7,50.0,7,0.4,19,637.2016670572006,0.0,786.9763438417002,0,0.039036524992147825
EC_A-40_008,A-40_EC008,A-40 existing cluster 8,22.0,6,0.4,24,877.0125825689408,0.0,2458.644194356121,0,0.14228265013634958
EC_A-40_009,A-40_EC009,A-40 existing cluster 9,150.0,2,0.4,0,0.0,0.0,0.0,0,0.0
EC_A-40_010,A-40_EC010,A-40 existing cluster 10,50.0,4,0.4,57,1997.6960102250403,0.0,2447.7763390136834,0,0.2124805849838267
EC_A-40_011,A-40_EC011,A-40 existing cluster 11,50.0,3,0.4,0,0.0,0.0,0.0,0,0.0
EC_A-40_012,A-40_EC012,A-40 existing cluster 12,50.0,3,0.4,40,626.6443004668116,0.48946972672320044,764.7737823860713,1,0.08851548407246196
EC_A-40_013,A-40_EC013,A-40 existing cluster 13,22.0,6,0.4,0,0.0,0.0,0.0,0,0.0
EC_A-40_014,A-40_EC014,A-40 existing cluster 14,50.0,3,0.4,0,0.0,0.0,0.0,0,0.0
EC_A-40_015,A-40_EC015,A-40 existing cluster 15,50.0,3,0.4,56,1685.7568632525542,73.92050125230321,2110.1654542322726,2,0.2442321127583649
EC_N-122_000,N-122_EC000,N-122 existing cluster 0,100.0,16,0.4,15,313.28625338233473,0.0,187.97175202940085,0,0.004079248090915817
EC_N-122_001,N-122_EC001,N-122 existing cluster 1,60.0,13,0.4,19,501.15711025256326,0.0,504.64085798484405,0,0.013478655394894339
EC_N-122_002,N-122_EC002,N-122 existing cluster 2,50.0,13,0.4,1,6.3876110055008155,0.0,7.665133206600978,0,0.00020473112197117997
EC_N-122_003,N-122_EC003,N-122 existing cluster 3,50.0,13,0.4,2,77.84714387592486,0.0,95.61740595769191,0,0.002553883706134934
EC_N-122_004,N-122_EC004,N-122 existing cluster 4,70.0,9,0.4,0,0.0,0.0,0.0,0,0.0
EC_N-122_005,N-122_EC005,N-122 existing cluster 5,50.0,11,0.4,0,0.0,0.0,0.0,0,0.0
EC_N-122_006,N-122_EC006,N-122 existing cluster 6,100.0,8,0.4,1,36.63719245278964,0.0,21.982315471673786,0,0.0009540935534580636
EC_N-122_007,N-122_EC007,N-122 existing cluster 7,50.0,15,0.4,0,0.0,0.0,0.0,0,0.0
EC_N-122_008,N-122_EC008,N-122 existing cluster 8,50.0,9,0.4,0,0.0,0.0,0.0,0,0.0
EC_N-122_009,N-122_EC009,N-122 existing cluster 9,50.0,7,0.4,0,0.0,0.0,0.0,0,0.0
EC_N-122_010,N-122_EC010,N-122 existing cluster 10,360.0,12,0.4,0,0.0,0.0,0.0,0,0.0
EC_N-122_011,N-122_EC011,N-122 existing cluster 11,320.0,13,0.4,0,0.0,0.0,0.0,0,0.0
EC_N-122_012,N-122_EC012,N-122 existing cluster 12,22.0,8,0.4,0,0.0,0.0,0.0,0,0.0
EC_N-122_013,N-122_EC013,N-122 existing cluster 13,22.0,13,0.4,0,0.0,0.0,0.0,0,0.0
EC_N-122_014,N-122_EC014,N-122 existing cluster 14,50.0,9,0.4,0,0.0,0.0,0.0,0,0.0
EC_N-122_015,N-122_EC015,N-122 existing cluster 15,100.0,12,0.4,0,0.0,0.0,0.0,0,0.0
EC_A-11_000,A-11_EC000,A-11 existing cluster 0,7.0,2,0.4,1,36.83993040530698,0.0,315.77083204548836,0,0.054821325007897284
EC_A-11_001,A-11_EC001,A-11 existing cluster 1,7.0,2,0.4,0,0.0,0.0,0.0,0,0.0
EC_A-11_002,A-11_EC002,A-11 existing cluster 2,7.0,2,0.4,7,319.524160331979,1974.9542603162008,2738.778517131249,3,0.4754823814463974
EC_A-11_003,A-11_EC003,A-11 existing cluster 3,200.0,4,0.4,0,0.0,0.0,0.0,0,0.0
EC_A-11_004,A-11_EC004,A-11 existing cluster 4,60.0,1,0.4,0,0.0,0.0,0.0,0,0.0
EC_A-11_005,A-11_EC005,A-11 existing cluster 5,120.0,2,0.4,0,0.0,0.0,0.0,0,0.0
EC_A-11_006,A-11_EC006,A-11 existing cluster 6,50.0,3,0.4,2,93.50426647465702,0.0,112.20511976958844,0,0.012986703677035699
EC_A-11_007,A-11_EC007,A-11 existing cluster 7,50.0,3,0.4,0,0.0,0.0,0.0,0,0.0
EC_A-11_008,A-11_EC008,A-11 existing cluster 8,50.0,3,0.4,22,631.6745704553041,0.0,758.0094845463648,0,0.08773257922990332
EC_A-12_000,A-12_EC000,A-12 existing cluster 0,180.0,4,0.4,0,0.0,0.0,0.0,0,0.0
EC_A-12_001,A-12_EC001,A-12 existing cluster 1,100.0,4,0.4,0,0.0,0.0,0.0,0,0.0
EC_A-12_002,A-12_EC002,A-12 existing cluster 2,50.0,5,0.4,2,81.05955239530307,0.0,97.27146287436369,0,0.00675496269960859
EC_A-12_003,A-12_EC003,A-12 existing cluster 3,150.0,2,0.4,0,0.0,0.0,0.0,0,0.0
EC_A-12_004,A-12_EC004,A-12 existing cluster 4,100.0,2,0.4,2,71.56895442116988,0.0,42.94137265270192,0,0.007455099418871861
EC_A-12_005,A-12_EC005,A-12 existing cluster 5,150.0,1,0.4,3,106.25343310416217,0.0,43.54311303586814,0,0.015119136470787548
EC_A-12_006,A-12_EC006,A-12 existing cluster 6,150.0,1,0.4,1,30.925396625911702,0.0,13.744620722627424,0,0.0047724377509123
EC_A-12_007,A-12_EC007,A-12 existing cluster 7,50.0,3,0.4,6,209.06461353338838,0.0,250.87753624006604,0,0.029036751879637272
EC_A-12_008,A-12_EC008,A-12 existing cluster 8,50.0,3,0.4,0,0.0,0.0,0.0,0,0.0
EC_A-12_009,A-12_EC009,A-12 existing cluster 9,50.0,3,0.4,0,0.0,0.0,0.0,0,0.0
EC_A-12_010,A-12_EC010,A-12 existing cluster 10,100.0,4,0.4,0,0.0,0.0,0.0,0,0.0
EC_A-12_011,A-12_EC011,A-12 existing cluster 11,14.8,2,0.4,0,0.0,0.0,0.0,0,0.0
EC_A-12_012,A-12_EC012,A-12 existing cluster 12,22.0,6,0.4,0,0.0,0.0,0.0,0,0.0
EC_A-12_013,A-12_EC013,A-12 existing cluster 13,120.0,4,0.4,0,0.0,0.0,0.0,0,0.0
EC_A-12_014,A-12_EC014,A-12 existing cluster 14,22.0,6,0.4,10,237.79920672680993,0.0,654.2662146611577,0,0.03786262816326144
EC_A-15_000,A-15_EC000,A-15 existing cluster 0,60.0,9,0.4,1,7.8360554243313345,0.0,7.8360554243313345,0,0.0003023169530992027
EC_A-15_001,A-15_EC001,A-15 existing cluster 1,50.0,13,0.4,10,259.26103331346985,0.0,311.11323997616387,0,0.008309648503636856
EC_A-15_002,A-15_EC002,A-15 existing cluster 2,50.0,13,0.4,6,204.57566288825208,0.0,250.23858848694508,0,0.006683722983091482
EC_A-15_003,A-15_EC003,A-15 existing cluster 3,50.0,23,0.4,0,0.0,0.0,0.0,0,0.0
EC_A-15_004,A-15_EC004,A-15 existing cluster 4,50.0,19,0.4,0,0.0,0.0,0.0,0,0.0
EC_A-15_005,A-15_EC005,A-15 existing cluster 5,150.0,9,0.4,0,0.0,0.0,0.0,0,0.0
EC_A-15_006,A-15_EC006,A-15 existing cluster 6,150.0,12,0.4,0,0.0,0.0,0.0,0,0.0
EC_A-15_007,A-15_EC007,A-15 existing cluster 7,250.0,14,0.4,0,0.0,0.0,0.0,0,0.0
EC_A-15_008,A-15_EC008,A-15 existing cluster 8,150.0,6,0.4,0,0.0,0.0,0.0,0,0.0
EC_A-15_009,A-15_EC009,A-15 existing cluster 9,100.0,24,0.4,0,0.0,0.0,0.0,0,0.0
EC_A-15_010,A-15_EC010,A-15 existing cluster 10,150.0,10,0.4,3,91.29155677283049,0.0,39.12495290264164,0,0.0013585053091195013
EC_A-15_011,A-15_EC011,A-15 existing cluster 11,150.0,12,0.4,2,72.32185704822302,0.0,32.14304757698801,0,0.000930065034056366
EC_A-15_012,A-15_EC012,A-15 existing cluster 12,60.0,7,0.4,1,37.114126417917035,0.0,37.114126417917035,0,0.0018409784929522338
EC_A-15_013,A-15_EC013,A-15 existing cluster 13,100.0,11,0.4,17,418.8432757938101,0.0,259.12683912326924,0,0.008179508810709257
EC_A-15_014,A-15_EC014,A-15 existing cluster 14,150.0,11,0.4,1,36.812870519746625,0.0,14.72514820789865,0,0.000464808971208922
EC_A-15_015,A-15_EC015,A-15 existing cluster 15,130.0,9,0.4,2,48.0758036655653,0.0,23.18274007154828,0,0.0008943958360936836
EC_A-22_000,A-22_EC000,A-22 existing cluster 0,22.0,1,0.4,0,0.0,0.0,0.0,0,0.0
EC_A-22_001,A-22_EC001,A-22 existing cluster 1,22.0,1,0.4,0,0.0,0.0,0.0,0,0.0
EC_A-22_002,A-22_EC002,A-22 existing cluster 2,350.0,6,0.4,1,44.33922414845323,0.0,19.706321843756992,0,0.0011404121437359372
EC_A-22_003,A-22_EC003,A-22 existing cluster 3,50.0,3,0.4,0,0.0,0.0,0.0,0,0.0
EC_A-22_004,A-22_EC004,A-22 existing cluster 4,50.0,3,0.4,0,0.0,0.0,0.0,0,0.0
EC_A-22_005,A-22_EC005,A-22 existing cluster 5,22.0,4,0.4,0,0.0,0.0,0.0,0,0.0
EC_A-22_006,A-22_EC006,A-22 existing cluster 6,50.0,3,0.4,0,0.0,0.0,0.0,0,0.0
EC_A-22_007,A-22_EC007,A-22 existing cluster 7,50.0,6,0.4,1,37.11147622102902,0.0,44.53377146523483,0,0.002577185848682571
EC_A-22_008,A-22_EC008,A-22 existing cluster 8,50.0,3,0.4,1,27.96325064906435,0.0,33.555900778877216,0,0.0038837848123700483
EC_A-22_009,A-22_EC009,A-22 existing cluster 9,11.09,2,0.4,5,135.08245377026307,0.0,730.8338346452466,0,0.1268808740703553
EC_A-30_000,A-30_EC000,A-30 existing cluster 0,350.0,43,0.4,30,640.997258312291,0.0,224.72416749794147,0,0.0018146331354807934
EC_A-30_001,A-30_EC001,A-30 existing cluster 1,100.0,18,0.4,9,405.37931916756406,0.0,244.85566459023948,0,0.004723295999040113
EC_A-30_002,A-30_EC002,A-30 existing cluster 2,320.0,14,0.4,4,193.84727409315573,0.0,77.56804866424257,0,0.0019238107307599844
EC_A-30_003,A-30_EC003,A-30 existing cluster 3,320.0,17,0.4,0,0.0,0.0,0.0,0,0.0
EC_A-30_004,A-30_EC004,A-30 existing cluster 4,22.0,28,0.4,0,0.0,0.0,0.0,0,0.0
EC_A-30_005,A-30_EC005,A-30 existing cluster 5,50.0,22,0.4,0,0.0,0.0,0.0,0,0.0
EC_A-30_006,A-30_EC006,A-30 existing cluster 6,120.0,30,0.4,0,0.0,0.0,0.0,0,0.0
EC_A-30_007,A-30_EC007,A-30 existing cluster 7,50.0,40,0.4,38,711.2706392991164,0.0,855.5672867574434,0,0.007426799364213918
EC_A-30_008,A-30_EC008,A-30 existing cluster 8,50.0,18,0.4,1,36.480415780597504,0.0,43.776498936717005,0,0.0008444540689953126
EC_A-30_009,A-30_EC009,A-30 existing cluster 9,50.0,18,0.4,0,0.0,0.0,0.0,0,0.0
EC_A-30_010,A-30_EC010,A-30 existing cluster 10,60.0,14,0.4,0,0.0,0.0,0.0,0,0.0
EC_A-30_011,A-30_EC011,A-30 existing cluster 11,60.0,25,0.4,0,0.0,0.0,0.0,0,0.0
EC_A-30_012,A-30_EC012,A-30 existing cluster 12,150.0,19,0.4,3,115.18792170239276,0.0,50.58148409768764,0,0.0009243692269314262
EC_A-30_013,A-30_EC013,A-30 existing cluster 13,50.0,18,0.4,6,221.6703608222701,0.0,266.00443298672405,0,0.005131258352367362
EC_A-30_014,A-30_EC014,A-30 existing cluster 14,180.0,20,0.4,0,0.0,0.0,0.0,0,0.0
EC_A-30_015,A-30_EC015,A-30 existing cluster 15,150.0,25,0.4,0,0.0,0.0,0.0,0,0.0
EC_A-31_000,A-31_EC000,A-31 existing cluster 0,100.0,24,0.4,23,553.7154364291507,0.0,334.49377798652284,0,0.004839319704666129
EC_A-31_001,A-31_EC001,A-31 existing cluster 1,360.0,29,0.4,1,34.78319890954518,0.0,17.39159945477259,0,0.00020823275209258367
EC_A-31_002,A-31_EC002,A-31 existing cluster 2,200.0,38,0.4,9,237.827602037428,0.0,95.89280768428203,0,0.000876213520506963
EC_A-31_003,A-31_EC003,A-31 existing cluster 3,22.17,36,0.4,0,0.0,0.0,0.0,0,0.0
EC_A-31_004,A-31_EC004,A-31 existing cluster 4,200.0,24,0.4,1,36.42912656155734,0.0,10.928737968467201,0,0.0001581125284789815
EC_A-31_005,A-31_EC005,A-31 existing cluster 5,200.0,19,0.4,14,444.9319898118981,0.0,158.63176748131247,0,0.002898972358942114
EC_A-31_006,A-31_EC006,A-31 existing cluster 6,100.0,15,0.4,4,118.51637195593045,0.0,72.93042952760744,0,0.0016882043872131353
EC_A-31_007,A-31_EC007,A-31 existing cluster 7,320.0,15,0.4,1,54.73021400396483,0.0,25.562679092201428,0,0.0005917286826898478
EC_A-31_008,A-31_EC008,A-31 existing cluster 8,50.0,27,0.4,0,0.0,0.0,0.0,0,0.0
EC_A-31_009,A-31_EC009,A-31 existing cluster 9,150.0,16,0.4,7,190.8256774639366,0.0,90.96280634726968,0,0.00197401923496679
EC_A-31_010,A-31_EC010,A-31 existing cluster 10,150.0,17,0.4,0,0.0,0.0,0.0,0,0.0
EC_A-31_011,A-31_EC011,A-31 existing cluster 11,50.0,13,0.4,2,60.8105772449093,0.0,72.97269269389116,0,0.0019490569629778622
EC_A-31_012,A-31_EC012,A-31 existing cluster 12,30.0,21,0.4,0,0.0,0.0,0.0,0,0.0
EC_A-31_013,A-31_EC013,A-31 existing cluster 13,50.0,19,0.4,0,0.0,0.0,0.0,0,0.0
EC_A-31_014,A-31_EC014,A-31 existing cluster 14,150.0,31,0.4,13,365.8927773489761,0.0,154.60039576315606,0,0.0017316352572038088
EC_A-31_015,A-31_EC015,A-31 existing cluster 15,50.0,21,0.4,0,0.0,0.0,0.0,0,0.0
EC_A-381_000,A-381_EC000,A-381 existing cluster 0,150.0,2,0.4,20,500.25142569907587,0.0,222.22120629817005,0,0.038580070537876744
EC_A-381_001,A-381_EC001,A-381 existing cluster 1,150.0,2,0.4,0,0.0,0.0,0.0,0,0.0
EC_A-381_002,A-381_EC002,A-381 existing cluster 2,22.0,4,0.4,0,0.0,0.0,0.0,0,0.0
EC_A-381_003,A-381_EC003,A-381 existing cluster 3,150.0,2,0.4,1,37.30474762210441,0.0,17.51251241676401,0,0.00304036673902153
EC_A-381_004,A-381_EC004,A-381 existing cluster 4,200.0,6,0.4,12,308.8287129046241,0.0,131.52870192577817,0,0.007611614694778829
EC_A-381_005,A-381_EC005,A-381 existing cluster 5,50.0,3,0.4,7,227.61057708131955,0.0,273.13269249758343,0,0.03161258015018327
EC_A-44_000,A-44_EC000,A-44 existing cluster 0,7.0,2,0.4,5,118.8945488764539,0.0,1019.0961332267477,0,0.1769264120185326
EC_A-44_001,A-44_EC001,A-44 existing cluster 1,22.17,4,0.4,10,303.86669506006353,0.0,822.3726523953006,0,0.07138651496486985
EC_A-44_002,A-44_EC002,A-44 existing cluster 2,50.0,3,0.4,0,0.0,0.0,0.0,0,0.0
EC_A-44_003,A-44_EC003,A-44 existing cluster 3,70.0,4,0.4,12,333.6474133408146,0.0,285.9834971492696,0,0.024824956349762988
EC_A-44_004,A-44_EC004,A-44 existing cluster 4,250.0,12,0.4,3,86.72038146281213,0.0,35.016318570867405,0,0.0010132036623514873
EC_A-44_005,A-44_EC005,A-44 existing cluster 5,22.0,2,0.4,16,337.0733347521029,0.0,919.2909129602808,0,0.1595991168333821
EC_A-44_006,A-44_EC006,A-44 existing cluster 6,100.0,4,0.4,12,426.79919495954016,0.0,256.0795169757241,0,0.022229124737476052
EC_A-44_007,A-44_EC007,A-44 existing cluster 7,120.0,3,0.4,0,0.0,0.0,0.0,0,0.0
EC_A-44_008,A-44_EC008,A-44 existing cluster 8,22.0,6,0.4,0,0.0,0.0,0.0,0,0.0
EC_A-44_009,A-44_EC009,A-44 existing cluster 9,100.0,4,0.4,0,0.0,0.0,0.0,0,0.0
EC_A-44_010,A-44_EC010,A-44 existing cluster 10,50.0,3,0.4,0,0.0,0.0,0.0,0,0.0
EC_A-48_000,A-48_EC000,A-48 existing cluster 0,22.0,2,0.4,7,237.51136917608403,76.98450567667214,647.7582795711382,1,0.11245803464776706
EC_A-48_001,A-48_EC001,A-48 existing cluster 1,60.0,1,0.4,0,0.0,0.0,0.0,0,0.0
EC_A-48_002,A-48_EC002,A-48 existing cluster 2,150.0,2,0.4,0,0.0,0.0,0.0,0,0.0
EC_A-48_003,A-48_EC003,A-48 existing cluster 3,50.0,2,0.4,0,0.0,0.0,0.0,0,0.0
EC_A-48_004,A-48_EC004,A-48 existing cluster 4,22.0,2,0.4,0,0.0,0.0,0.0,0,0.0
EC_A-48_005,A-48_EC005,A-48 existing cluster 5,22.0,2,0.4,0,0.0,0.0,0.0,0,0.0
EC_A-48_006,A-48_EC006,A-48 existing cluster 6,22.17,2,0.4,0,0.0,0.0,0.0,0,0.0
EC_A-48_007,A-48_EC007,A-48 existing cluster 7,22.17,4,0.4,0,0.0,0.0,0.0,0,0.0
EC_A-48_008,A-48_EC008,A-48 existing cluster 8,50.0,3,0.4,0,0.0,0.0,0.0,0,0.0
EC_A-49_000,A-49_EC000,A-49 existing cluster 0,21.06,16,0.4,0,0.0,0.0,0.0,0,0.0
EC_A-49_001,A-49_EC001,A-49 existing cluster 1,150.0,4,0.4,0,0.0,0.0,0.0,0,0.0
EC_A-49_002,A-49_EC002,A-49 existing cluster 2,50.0,12,0.4,0,0.0,0.0,0.0,0,0.0
EC_A-49_003,A-49_EC003,A-49 existing cluster 3,22.0,6,0.4,1,39.44654687515826,0.0,107.58149147770435,0,0.0062257807568115945
EC_A-49_004,A-49_EC004,A-49 existing cluster 4,100.0,11,0.4,0,0.0,0.0,0.0,0,0.0
EC_A-49_005,A-49_EC005,A-49 existing cluster 5,50.0,6,0.4,16,411.28300205973153,0.0,493.5396024716779,0,0.02856131958748136
EC_A-49_006,A-49_EC006,A-49 existing cluster 6,60.0,8,0.4,4,148.8091776014935,0.0,148.8091776014935,0,0.006458731666731489
EC_A-49_007,A-49_EC007,A-49 existing cluster 7,22.0,4,0.4,0,0.0,0.0,0.0,0,0.0
EC_A-49_008,A-49_EC008,A-49 existing cluster 8,50.0,9,0.4,12,285.1706995034636,0.0,342.2048394041563,0,0.013202347199234426
EC_A-49_009,A-49_EC009,A-49 existing cluster 9,100.0,10,0.4,0,0.0,0.0,0.0,0,0.0
EC_A-49_010,A-49_EC010,A-49 existing cluster 10,350.0,6,0.4,0,0.0,0.0,0.0,0,0.0
EC_A-49_011,A-49_EC011,A-49 existing cluster 11,90.0,3,0.4,0,0.0,0.0,0.0,0,0.0
EC_A-49_012,A-49_EC012,A-49 existing cluster 12,400.0,17,0.4,3,107.32959211324186,0.0,41.73674442101464,0,0.0008524661850697435
EC_A-49_013,A-49_EC013,A-49 existing cluster 13,100.0,6,0.4,1,27.79739906204525,0.0,16.67843943722715,0,0.0009651874674321268
EC_A-49_014,A-49_EC014,A-49 existing cluster 14,50.0,12,0.4,0,0.0,0.0,0.0,0,0.0
EC_A-49_015,A-49_EC015,A-49 existing cluster 15,50.0,9,0.4,3,109.07844226141063,0.0,131.3560748366846,0,0.005067749800798017
EC_A-5_000,A-5_EC000,A-5 existing cluster 0,150.0,22,0.4,50,1489.0205215271847,0.0,648.5767538467031,0,0.010236375534196703
EC_A-5_001,A-5_EC001,A-5 existing cluster 1,150.0,15,0.4,0,0.0,0.0,0.0,0,0.0
EC_A-5_002,A-5_EC002,A-5 existing cluster 2,60.0,26,0.4,3,107.88872864296269,0.0,107.88872864296269,0,0.0014408216966207625
EC_A-5_003,A-5_EC003,A-5 existing cluster 3,90.0,22,0.4,1,30.299333744948726,0.0,20.199555829965817,0,0.00031880612105375343
EC_A-5_004,A-5_EC004,A-5 existing cluster 4,150.0,20,0.4,1,32.27348974698609,0.0,14.89545680630127,0,0.00025860168066495264
EC_A-5_005,A-5_EC005,A-5 existing cluster 5,50.0,29,0.4,0,0.0,0.0,0.0,0,0.0
EC_A-5_006,A-5_EC006,A-5 existing cluster 6,150.0,24,0.4,8,313.4805930951947,0.0,138.0816356301637,0,0.0019977088488160257
EC_A-5_007,A-5_EC007,A-5 existing cluster 7,80.0,31,0.4,3,90.3055250223505,0.0,67.72914376676286,0,0.000758614961545283
EC_A-5_008,A-5_EC008,A-5 existing cluster 8,100.0,36,0.4,71,1627.6956172707305,0.0,985.8585323069103,0,0.009508666399565107
EC_A-5_009,A-5_EC009,A-5 existing cluster 9,360.0,52,0.4,32,911.9232157195776,0.0,356.26053209205736,0,0.0023788764162129897
EC_A-5_010,A-5_EC010,A-5 existing cluster 10,350.0,32,0.4,47,1070.2613680160753,0.0,408.8166446983503,0,0.004435944495424808
EC_A-5_011,A-5_EC011,A-5 existing cluster 11,360.0,31,0.4,34,958.5757135923312,0.0,345.0920681638179,0,0.003865278541261401
EC_A-5_012,A-5_EC012,A-5 existing cluster 12,150.0,25,0.4,16,425.6666255967936,0.0,200.11564595370288,0,0.0027793839715792067
EC_A-5_013,A-5_EC013,A-5 existing cluster 13,250.0,41,0.4,17,344.89425674751254,0.0,117.39770149526984,0,0.000994221726755334
EC_A-5_014,A-5_EC014,A-5 existing cluster 14,100.0,25,0.4,0,0.0,0.0,0.0,0,0.0
EC_A-5_015,A-5_EC015,A-5 existing cluster 15,50.0,16,0.4,0,0.0,0.0,0.0,0,0.0
EC_A-50_000,A-50_EC000,A-50 existing cluster 0,50.0,7,0.4,0,0.0,0.0,0.0,0,0.0
EC_A-50_001,A-50_EC001,A-50 existing cluster 1,250.0,8,0.4,1,25.061995362553077,0.0,6.014878887012738,0,0.0002610624516932612
EC_A-50_002,A-50_EC002,A-50 existing cluster 2,22.0,2,0.4,16,247.81543364128476,0.0,683.6245695844126,0,0.11868482110840496
EC_A-50_003,A-50_EC003,A-50 existing cluster 3,10.53,2,0.4,0,0.0,0.0,0.0,0,0.0
EC_A-50_004,A-50_EC004,A-50 existing cluster 4,10.53,2,0.4,0,0.0,0.0,0.0,0,0.0
EC_A-50_005,A-50_EC005,A-50 existing cluster 5,50.0,3,0.4,0,0.0,0.0,0.0,0,0.0
EC_A-50_006,A-50_EC006,A-50 existing cluster 6,50.0,3,0.4,0,0.0,0.0,0.0,0,0.0
EC_A-50_007,A-50_EC007,A-50 existing cluster 7,22.0,2,0.4,8,255.93197008455238,0.0,697.9962820487791,0,0.12117991007791304
EC_A-50_008,A-50_EC008,A-50 existing cluster 8,7.0,11,0.4,0,0.0,0.0,0.0,0,0.0
EC_A-50_009,A-50_EC009,A-50 existing cluster 9,60.0,1,0.4,0,0.0,0.0,0.0,0,0.0
EC_A-50_010,A-50_EC010,A-50 existing cluster 10,175.0,4,0.4,1,19.801050140856823,0.0,8.800466729269699,0,0.0007639294035824392
EC_A-50_011,A-50_EC011,A-50 existing cluster 11,22.0,4,0.4,0,0.0,0.0,0.0,0,0.0
EC_A-50_012,A-50_EC012,A-50 existing cluster 12,7.4,28,0.4,1,31.914129123257894,0.0,258.76320910749644,0,0.0032088691605592318
EC_A-50_013,A-50_EC013,A-50 existing cluster 13,100.0,4,0.4,0,0.0,0.0,0.0,0,0.0
EC_A-50_014,A-50_EC014,A-50 existing cluster 14,180.0,4,0.4,0,0.0,0.0,0.0,0,0.0
EC_A-50_015,A-50_EC015,A-50 existing cluster 15,180.0,2,0.4,1,40.69537418185355,0.0,13.565124727284518,0,0.0023550563762646734
EC_A-54_000,A-54_EC000,A-54 existing cluster 0,150.0,10,0.4,16,414.8745756656155,0.0,182.39673710437242,0,0.006333220038346264
EC_A-54_001,A-54_EC001,A-54 existing cluster 1,100.0,4,0.4,0,0.0,0.0,0.0,0,0.0
EC_A-54_002,A-54_EC002,A-54 existing cluster 2,22.0,2,0.4,2,81.66649709447344,0.0,222.72681025765485,0,0.03866784900306508
EC_A-54_003,A-54_EC003,A-54 existing cluster 3,100.0,4,0.4,3,88.32845818728036,0.0,52.99707491236822,0,0.004600440530587519
EC_A-54_004,A-54_EC004,A-54 existing cluster 4,150.0,2,0.4,0,0.0,0.0,0.0,0,0.0
EC_A-54_005,A-54_EC005,A-54 existing cluster 5,22.0,8,0.4,0,0.0,0.0,0.0,0,0.0
EC_A-54_006,A-54_EC006,A-54 existing cluster 6,60.0,1,0.4,0,0.0,0.0,0.0,0,0.0
EC_A-54_007,A-54_EC007,A-54 existing cluster 7,150.0,2,0.4,0,0.0,0.0,0.0,0,0.0
EC_A-54_008,A-54_EC008,A-54 existing cluster 8,22.0,4,0.4,0,0.0,0.0,0.0,0,0.0
EC_A-54_009,A-54_EC009,A-54 existing cluster 9,50.0,5,0.4,0,0.0,0.0,0.0,0,0.0
EC_A-54_010,A-54_EC010,A-54 existing cluster 10,50.0,3,0.4,7,154.93111408337873,0.0,185.91733690005447,0,0.021518210289358155
EC_A-64_000,A-64_EC000,A-64 existing cluster 0,150.0,4,0.4,0,0.0,0.0,0.0,0,0.0
EC_A-64_001,A-64_EC001,A-64 existing cluster 1,22.0,4,0.4,0,0.0,0.0,0.0,0,0.0
EC_A-64_002,A-64_EC002,A-64 existing cluster 2,22.0,8,0.4,0,0.0,0.0,0.0,0,0.0
EC_A-64_003,A-64_EC003,A-64 existing cluster 3,22.0,6,0.4,0,0.0,0.0,0.0,0,0.0
EC_A-64_004,A-64_EC004,A-64 existing cluster 4,22.0,6,0.4,0,0.0,0.0,0.0,0,0.0
EC_A-64_005,A-64_EC005,A-64 existing cluster 5,150.0,3,0.4,0,0.0,0.0,0.0,0,0.0
EC_A-64_006,A-64_EC006,A-64 existing cluster 6,100.0,2,0.4,0,0.0,0.0,0.0,0,0.0
EC_A-64_007,A-64_EC007,A-64 existing cluster 7,150.0,3,0.4,0,0.0,0.0,0.0,0,0.0
EC_A-64_008,A-64_EC008,A-64 existing cluster 8,100.0,4,0.4,0,0.0,0.0,0.0,0,0.0
EC_A-64_009,A-64_EC009,A-64 existing cluster 9,50.0,3,0.4,0,0.0,0.0,0.0,0,0.0
EC_AP-7N_000,AP-7N_EC000,AP-7N existing cluster 0,150.0,27,0.4,0,0.0,0.0,0.0,0,0.0
EC_AP-7N_001,AP-7N_EC001,AP-7N existing cluster 1,250.0,43,0.4,0,0.0,0.0,0.0,0,0.0
EC_AP-7N_002,AP-7N_EC002,AP-7N existing cluster 2,60.0,32,0.4,1,43.79612794124985,0.0,45.65927543321918,0,0.0004954348462805901
EC_AP-7N_003,AP-7N_EC003,AP-7N existing cluster 3,250.0,28,0.4,1,26.76802373203872,0.0,6.631065713512376,0,8.223047759811973e-05
EC_AP-7N_004,AP-7N_EC004,AP-7N existing cluster 4,320.0,28,0.4,0,0.0,0.0,0.0,0,0.0
EC_AP-7N_005,AP-7N_EC005,AP-7N existing cluster 5,100.0,35,0.4,19,476.371153148936,0.0,285.8226918893615,0,0.0028355425782674755
EC_AP-7N_006,AP-7N_EC006,AP-7N existing cluster 6,150.0,25,0.4,12,388.47541415975104,0.0,182.30696268226805,0,0.002532041148364834
EC_AP-7N_007,AP-7N_EC007,AP-7N existing cluster 7,320.0,23,0.4,2,21.474554847386685,0.0,12.471939581079472,0,0.0001882841120332046
EC_AP-7N_008,AP-7N_EC008,AP-7N existing cluster 8,100.0,35,0.4,1,29.354945606022895,0.0,17.612967363613738,0,0.0001747318190834696
EC_AP-7N_009,AP-7N_EC009,AP-7N existing cluster 9,180.0,38,0.4,6,188.02341320508103,0.0,86.24046378449113,0,0.000788015933703318
EC_AP-7N_010,AP-7N_EC010,AP-7N existing cluster 10,50.0,28,0.4,1,35.640851447620754,0.0,42.769021737144904,0,0.0005303698132086422
EC_AP-7N_011,AP-7N_EC011,AP-7N existing cluster 11,250.0,37,0.4,1,35.69037624981836,0.0,8.565690299956405,0,8.038373029238367e-05
EC_AP-7N_012,AP-7N_EC012,AP-7N existing cluster 12,150.0,47,0.4,0,0.0,0.0,0.0,0,0.0
EC_AP-7N_013,AP-7N_EC013,AP-7N existing cluster 13,50.0,33,0.4,0,0.0,0.0,0.0,0,0.0
EC_AP-7N_014,AP-7N_EC014,AP-7N existing cluster 14,60.0,56,0.4,0,0.0,0.0,0.0,0,0.0
EC_AP-7N_015,AP-7N_EC015,AP-7N existing cluster 15,200.0,40,0.4,6,239.50526098885751,0.0,99.26598514402863,0,0.000861683898819693
EC_AP-7N_016,AP-7N_EC016,AP-7N existing cluster 16,200.0,35,0.4,11,387.34121139095805,0.0,146.42224020967433,0,0.0014526015893816897
EC_AP-7N_017,AP-7N_EC017,AP-7N existing cluster 17,150.0,57,0.4,22,586.8277580830079,0.0,272.72216105924355,0,0.001661319207232234
EC_AP-7N_018,AP-7N_EC018,AP-7N existing cluster 18,240.0,51,0.4,65,1893.1110342673219,0.0,715.8046108927223,0,0.004873397405315375
EC_AP-7N_019,AP-7N_EC019,AP-7N existing cluster 19,150.0,20,0.4,5,213.56018571845817,0.0,89.97753079973496,0,0.001562109909717621
EC_AP-7N_020,AP-7N_EC020,AP-7N existing cluster 20,150.0,85,0.4,5,190.90135455209673,0.0,85.1601801448075,0,0.0003478765528791156
EC_AP-7N_021,AP-7N_EC021,AP-7N existing cluster 21,50.0,26,0.4,9,320.81041247884855,0.0,384.9724949746183,0,0.005141192507673855
EC_AP-7N_022,AP-7N_EC022,AP-7N existing cluster 22,55.0,32,0.4,23,674.2803042410569,0.0,735.5785137175169,0,0.007981537692247362
EC_AP-7N_023,AP-7N_EC023,AP-7N existing cluster 23,150.0,30,0.4,43,1257.4782752068172,0.0,554.2879839629258,0,0.006415370184756085
EC_AP-7N_024,AP-7N_EC024,AP-7N existing cluster 24,150.0,47,0.4,53,1274.1652759374772,0.0,579.9793455537107,0,0.004284717387364884
EC_AP-7N_025,AP-7N_EC025,AP-7N existing cluster 25,250.0,42,0.4,40,1081.3556909456,0.0,430.55930847922104,0,0.003559518092586153
EC_AP-7N_026,AP-7N_EC026,AP-7N existing cluster 26,150.0,32,0.4,67,1718.1319343979108,0.0,765.9845176992205,0,0.00831146395072939
EC_AP-7N_027,AP-7N_EC027,AP-7N existing cluster 27,250.0,37,0.4,0,0.0,0.0,0.0,0,0.0
EC_AP-7N_028,AP-7N_EC028,AP-7N existing cluster 28,350.0,23,0.4,1,30.32891009097793,0.0,13.632666536686393,0,0.00020580716389925112
EC_AP-7N_029,AP-7N_EC029,AP-7N existing cluster 29,60.0,24,0.4,0,0.0,0.0,0.0,0,0.0
EC_AP-7N_030,AP-7N_EC030,AP-7N existing cluster 30,50.0,27,0.4,0,0.0,0.0,0.0,0,0.0
EC_AP-7N_031,AP-7N_EC031,AP-7N existing cluster 31,350.0,30,0.4,0,0.0,0.0,0.0,0,0.0
EC_AP-7N_032,AP-7N_EC032,AP-7N existing cluster 32,100.0,32,0.4,6,234.54903753903326,0.0,140.72942252341997,0,0.001527011963144748
EC_AP-7N_033,AP-7N_EC033,AP-7N existing cluster 33,350.0,30,0.4,1,37.4990758655931,0.0,10.2270206906163,0,0.00011836829503028124
EC_AP-7N_034,AP-7N_EC034,AP-7N existing cluster 34,250.0,42,0.4,3,146.59941442498277,0.0,55.15548568452107,0,0.0004559811977886993
EC_AP-7N_035,AP-7N_EC035,AP-7N existing cluster 35,150.0,26,0.4,19,500.4490070808545,0.0,222.5489351757743,0,0.002972074454804678
EC_AP-7N_036,AP-7N_EC036,AP-7N existing cluster 36,60.0,30,0.4,1,47.70948165794739,0.0,47.70948165794739,0,0.0005521930747447615
EC_AP-7S_000,AP-7S_EC000,AP-7S existing cluster 0,150.0,27,0.4,23,761.6311534587401,0.0,330.3438152851926,0,0.0042482486533589586
EC_AP-7S_001,AP-7S_EC001,AP-7S existing cluster 1,250.0,43,0.4,10,307.98818245835923,0.0,134.68269259289602,0,0.0010875540422552973
EC_AP-7S_002,AP-7S_EC002,AP-7S existing cluster 2,60.0,32,0.4,82,2839.7472921860804,0.0,2856.5414343716034,0,0.03099545827226132
EC_AP-7S_003,AP-7S_EC003,AP-7S existing cluster 3,250.0,28,0.4,5,192.54137991128266,0.0,95.07619325714703,0,0.001179020253684859
EC_AP-7S_004,AP-7S_EC004,AP-7S existing cluster 4,320.0,28,0.4,44,1480.5536656056745,0.0,519.791532587247,0,0.006445827537044234
EC_AP-7S_005,AP-7S_EC005,AP-7S existing cluster 5,100.0,35,0.4,0,0.0,0.0,0.0,0,0.0
EC_AP-7S_006,AP-7S_EC006,AP-7S existing cluster 6,150.0,25,0.4,0,0.0,0.0,0.0,0,0.0
EC_AP-7S_007,AP-7S_EC007,AP-7S existing cluster 7,320.0,23,0.4,0,0.0,0.0,0.0,0,0.0
EC_AP-7S_008,AP-7S_EC008,AP-7S existing cluster 8,100.0,35,0.4,0,0.0,0.0,0.0,0,0.0
EC_AP-7S_009,AP-7S_EC009,AP-7S existing cluster 9,180.0,38,0.4,0,0.0,0.0,0.0,0,0.0
EC_AP-7S_010,AP-7S_EC010,AP-7S existing cluster 10,50.0,28,0.4,0,0.0,0.0,0.0,0,0.0
EC_AP-7S_011,AP-7S_EC011,AP-7S existing cluster 11,250.0,37,0.4,0,0.0,0.0,0.0,0,0.0
EC_AP-7S_012,AP-7S_EC012,AP-7S existing cluster 12,150.0,47,0.4,0,0.0,0.0,0.0,0,0.0
EC_AP-7S_013,AP-7S_EC013,AP-7S existing cluster 13,50.0,33,0.4,0,0.0,0.0,0.0,0,0.0
EC_AP-7S_014,AP-7S_EC014,AP-7S existing cluster 14,60.0,56,0.4,0,0.0,0.0,0.0,0,0.0
EC_AP-7S_015,AP-7S_EC015,AP-7S existing cluster 15,200.0,40,0.4,0,0.0,0.0,0.0,0,0.0
EC_AP-7S_016,AP-7S_EC016,AP-7S existing cluster 16,200.0,35,0.4,0,0.0,0.0,0.0,0,0.0
EC_AP-7S_017,AP-7S_EC017,AP-7S existing cluster 17,150.0,57,0.4,0,0.0,0.0,0.0,0,0.0
EC_AP-7S_018,AP-7S_EC018,AP-7S existing cluster 18,240.0,51,0.4,0,0.0,0.0,0.0,0,0.0
EC_AP-7S_019,AP-7S_EC019,AP-7S existing cluster 19,150.0,20,0.4,0,0.0,0.0,0.0,0,0.0
EC_AP-7S_020,AP-7S_EC020,AP-7S existing cluster 20,150.0,85,0.4,0,0.0,0.0,0.0,0,0.0
EC_AP-7S_021,AP-7S_EC021,AP-7S existing cluster 21,50.0,26,0.4,0,0.0,0.0,0.0,0,0.0
EC_AP-7S_022,AP-7S_EC022,AP-7S existing cluster 22,55.0,32,0.4,0,0.0,0.0,0.0,0,0.0
EC_AP-7S_023,AP-7S_EC023,AP-7S existing cluster 23,150.0,30,0.4,0,0.0,0.0,0.0,0,0.0
EC_AP-7S_024,AP-7S_EC024,AP-7S existing cluster 24,150.0,47,0.4,0,0.0,0.0,0.0,0,0.0
EC_AP-7S_025,AP-7S_EC025,AP-7S existing cluster 25,250.0,42,0.4,0,0.0,0.0,0.0,0,0.0
EC_AP-7S_026,AP-7S_EC026,AP-7S existing cluster 26,150.0,32,0.4,0,0.0,0.0,0.0,0,0.0
EC_AP-7S_027,AP-7S_EC027,AP-7S existing cluster 27,250.0,37,0.4,0,0.0,0.0,0.0,0,0.0
EC_AP-7S_028,AP-7S_EC028,AP-7S existing cluster 28,350.0,23,0.4,0,0.0,0.0,0.0,0,0.0
EC_AP-7S_029,AP-7S_EC029,AP-7S existing cluster 29,60.0,24,0.4,0,0.0,0.0,0.0,0,0.0
EC_AP-7S_030,AP-7S_EC030,AP-7S existing cluster 30,50.0,27,0.4,0,0.0,0.0,0.0,0,0.0
EC_AP-7S_031,AP-7S_EC031,AP-7S existing cluster 31,350.0,30,0.4,0,0.0,0.0,0.0,0,0.0
EC_AP-7S_032,AP-7S_EC032,AP-7S existing cluster 32,100.0,32,0.4,0,0.0,0.0,0.0,0,0.0
EC_AP-7S_033,AP-7S_EC033,AP-7S existing cluster 33,350.0,30,0.4,0,0.0,0.0,0.0,0,0.0
EC_AP-7S_034,AP-7S_EC034,AP-7S existing cluster 34,250.0,42,0.4,0,0.0,0.0,0.0,0,0.0
EC_AP-7S_035,AP-7S_EC035,AP-7S existing cluster 35,150.0,26,0.4,0,0.0,0.0,0.0,0,0.0
EC_AP-7S_036,AP-7S_EC036,AP-7S existing cluster 36,60.0,30,0.4,0,0.0,0.0,0.0,0,0.0
EC_N-1_000,N-1_EC000,N-1 existing cluster 0,50.0,11,0.4,0,0.0,0.0,0.0,0,0.0
EC_N-1_001,N-1_EC001,N-1 existing cluster 1,180.0,5,0.4,0,0.0,0.0,0.0,0,0.0
EC_N-1_002,N-1_EC002,N-1 existing cluster 2,50.0,6,0.4,0,0.0,0.0,0.0,0,0.0
EC_N-1_003,N-1_EC003,N-1 existing cluster 3,120.0,5,0.4,0,0.0,0.0,0.0,0,0.0
EC_N-1_004,N-1_EC004,N-1 existing cluster 4,40.0,5,0.4,0,0.0,0.0,0.0,0,0.0
EC_N-1_005,N-1_EC005,N-1 existing cluster 5,50.0,8,0.4,0,0.0,0.0,0.0,0,0.0
EC_N-1_006,N-1_EC006,N-1 existing cluster 6,150.0,13,0.4,0,0.0,0.0,0.0,0,0.0
EC_N-1_007,N-1_EC007,N-1 existing cluster 7,150.0,12,0.4,0,0.0,0.0,0.0,0,0.0
EC_N-1_008,N-1_EC008,N-1 existing cluster 8,150.0,8,0.4,0,0.0,0.0,0.0,0,0.0
EC_N-1_009,N-1_EC009,N-1 existing cluster 9,150.0,8,0.4,0,0.0,0.0,0.0,0,0.0
EC_N-1_010,N-1_EC010,N-1 existing cluster 10,50.0,5,0.4,0,0.0,0.0,0.0,0,0.0
EC_N-1_011,N-1_EC011,N-1 existing cluster 11,150.0,21,0.4,0,0.0,0.0,0.0,0,0.0
EC_N-1_012,N-1_EC012,N-1 existing cluster 12,150.0,22,0.4,0,0.0,0.0,0.0,0,0.0
EC_N-1_013,N-1_EC013,N-1 existing cluster 13,120.0,12,0.4,0,0.0,0.0,0.0,0,0.0
EC_N-1_014,N-1_EC014,N-1 existing cluster 14,250.0,22,0.4,0,0.0,0.0,0.0,0,0.0
EC_N-1_015,N-1_EC015,N-1 existing cluster 15,60.0,7,0.4,0,0.0,0.0,0.0,0,0.0
EC_N-110_000,N-110_EC000,N-110 existing cluster 0,7.0,4,0.4,15,385.7345460440951,417.8725016363172,3306.296108949387,3,0.2870048705685232
EC_N-110_001,N-110_EC001,N-110 existing cluster 1,100.0,6,0.4,1,31.685030100512893,0.0,19.011018060307737,0,0.001100174656267809
EC_N-110_002,N-110_EC002,N-110 existing cluster 2,150.0,6,0.4,0,0.0,0.0,0.0,0,0.0
EC_N-110_003,N-110_EC003,N-110 existing cluster 3,50.0,5,0.4,0,0.0,0.0,0.0,0,0.0
EC_N-110_004,N-110_EC004,N-110 existing cluster 4,22.0,8,0.4,0,0.0,0.0,0.0,0,0.0
EC_N-110_005,N-110_EC005,N-110 existing cluster 5,14.8,4,0.4,0,0.0,0.0,0.0,0,0.0
EC_N-110_006,N-110_EC006,N-110 existing cluster 6,14.8,3,0.4,25,601.4422610758814,291.652297603993,2438.279436794114,3,0.2822082681474669
EC_N-110_007,N-110_EC007,N-110 existing cluster 7,50.0,4,0.4,20,599.4169205846961,6.62119327694279,719.3003047016355,1,0.06243926256090586
EC_N-110_008,N-110_EC008,N-110 existing cluster 8,22.0,5,0.4,0,0.0,0.0,0.0,0,0.0
EC_N-110_009,N-110_EC009,N-110 existing cluster 9,100.0,6,0.4,3,98.78653881612941,0.0,59.271923289677645,0,0.003430088153337827
EC_N-110_010,N-110_EC010,N-110 existing cluster 10,100.0,6,0.4,10,330.88543855139153,0.0,198.5312631308349,0,0.01148907772747887
EC_N-110_011,N-110_EC011,N-110 existing cluster 11,10.53,4,0.4,0,0.0,0.0,0.0,0,0.0
EC_N-110_012,N-110_EC012,N-110 existing cluster 12,22.0,4,0.4,0,0.0,0.0,0.0,0,0.0
EC_N-110_013,N-110_EC013,N-110 existing cluster 13,120.0,6,0.4,0,0.0,0.0,0.0,0,0.0
EC_N-110_014,N-110_EC014,N-110 existing cluster 14,50.0,5,0.4,0,0.0,0.0,0.0,0,0.0
EC_N-110_015,N-110_EC015,N-110 existing cluster 15,50.0,5,0.4,0,0.0,0.0,0.0,0,0.0
EC_N-111_000,N-111_EC000,N-111 existing cluster 0,22.0,6,0.4,0,0.0,0.0,0.0,0,0.0
EC_N-111_001,N-111_EC001,N-111 existing cluster 1,22.17,4,0.4,0,0.0,0.0,0.0,0,0.0
EC_N-111_002,N-111_EC002,N-111 existing cluster 2,7.4,2,0.4,1,22.492164422767907,0.0,182.36890072514518,0,0.031661267487004374
EC_N-111_003,N-111_EC003,N-111 existing cluster 3,50.0,3,0.4,0,0.0,0.0,0.0,0,0.0
EC_N-111_004,N-111_EC004,N-111 existing cluster 4,180.0,4,0.4,1,26.610878348858098,0.0,11.404662149510614,0,0.0009899880338116852
EC_N-111_005,N-111_EC005,N-111 existing cluster 5,22.0,6,0.4,0,0.0,0.0,0.0,0,0.0
EC_N-111_006,N-111_EC006,N-111 existing cluster 6,22.0,8,0.4,0,0.0,0.0,0.0,0,0.0
EC_N-111_007,N-111_EC007,N-111 existing cluster 7,22.0,4,0.4,0,0.0,0.0,0.0,0,0.0
EC_N-111_008,N-111_EC008,N-111 existing cluster 8,22.0,3,0.4,0,0.0,0.0,0.0,0,0.0
EC_N-111_009,N-111_EC009,N-111 existing cluster 9,7.4,1,0.4,0,0.0,0.0,0.0,0,0.0
EC_N-111_010,N-111_EC010,N-111 existing cluster 10,50.0,3,0.4,0,0.0,0.0,0.0,0,0.0
EC_N-111_011,N-111_EC011,N-111 existing cluster 11,50.0,3,0.4,0,0.0,0.0,0.0,0,0.0
EC_N-111_012,N-111_EC012,N-111 existing cluster 12,50.0,6,0.4,0,0.0,0.0,0.0,0,0.0
EC_N-111_013,N-111_EC013,N-111 existing cluster 13,7.4,2,0.4,3,76.52235574344634,0.0,620.4515330549702,0,0.10771728004426567
EC_N-111_014,N-111_EC014,N-111 existing cluster 14,10.53,2,0.4,0,0.0,0.0,0.0,0,0.0
EC_N-111_015,N-111_EC015,N-111 existing cluster 15,7.36,4,0.4,0,0.0,0.0,0.0,0,0.0
EC_N-121-A_000,N-121-A_EC000,N-121-A existing cluster 0,50.0,2,0.4,0,0.0,0.0,0.0,0,0.0
EC_N-121-A_001,N-121-A_EC001,N-121-A existing cluster 1,50.0,2,0.4,0,0.0,0.0,0.0,0,0.0
EC_N-121-A_002,N-121-A_EC002,N-121-A existing cluster 2,22.0,2,0.4,0,0.0,0.0,0.0,0,0.0
EC_N-121-A_003,N-121-A_EC003,N-121-A existing cluster 3,150.0,2,0.4,0,0.0,0.0,0.0,0,0.0
EC_N-121-A_004,N-121-A_EC004,N-121-A existing cluster 4,50.0,2,0.4,0,0.0,0.0,0.0,0,0.0
EC_N-121-A_005,N-121-A_EC005,N-121-A existing cluster 5,50.0,3,0.4,0,0.0,0.0,0.0,0,0.0
EC_N-121-A_006,N-121-A_EC006,N-121-A existing cluster 6,60.0,1,0.4,0,0.0,0.0,0.0,0,0.0
EC_N-121-A_007,N-121-A_EC007,N-121-A existing cluster 7,50.0,2,0.4,0,0.0,0.0,0.0,0,0.0
EC_N-121-A_008,N-121-A_EC008,N-121-A existing cluster 8,22.0,8,0.4,0,0.0,0.0,0.0,0,0.0
EC_N-121-A_009,N-121-A_EC009,N-121-A existing cluster 9,50.0,3,0.4,0,0.0,0.0,0.0,0,0.0
EC_N-121-A_010,N-121-A_EC010,N-121-A existing cluster 10,50.0,3,0.4,0,0.0,0.0,0.0,0,0.0
EC_N-121-A_011,N-121-A_EC011,N-121-A existing cluster 11,50.0,3,0.4,0,0.0,0.0,0.0,0,0.0
EC_N-2_000,N-2_EC000,N-2 existing cluster 0,180.0,17,0.4,0,0.0,0.0,0.0,0,0.0
EC_N-2_001,N-2_EC001,N-2 existing cluster 1,100.0,12,0.4,0,0.0,0.0,0.0,0,0.0
EC_N-2_002,N-2_EC002,N-2 existing cluster 2,60.0,13,0.4,3,34.71186940537704,0.0,34.71186940537704,0,0.0009271332640325064
EC_N-2_003,N-2_EC003,N-2 existing cluster 3,55.0,35,0.4,1,47.36815724156946,0.0,54.71342312188128,0,0.0005427918960504095
EC_N-2_004,N-2_EC004,N-2 existing cluster 4,55.0,12,0.4,3,111.70262824744236,0.0,121.85741263357349,0,0.0035259668007399736
EC_N-2_005,N-2_EC005,N-2 existing cluster 5,22.0,14,0.4,2,87.96107227740464,0.0,239.8938334838308,0,0.005949747854261677
EC_N-2_006,N-2_EC006,N-2 existing cluster 6,50.0,13,0.4,0,0.0,0.0,0.0,0,0.0
EC_N-2_007,N-2_EC007,N-2 existing cluster 7,30.0,13,0.4,0,0.0,0.0,0.0,0,0.0
EC_N-2_008,N-2_EC008,N-2 existing cluster 8,150.0,7,0.4,0,0.0,0.0,0.0,0,0.0
EC_N-2_009,N-2_EC009,N-2 existing cluster 9,50.0,9,0.4,0,0.0,0.0,0.0,0,0.0
EC_N-2_010,N-2_EC010,N-2 existing cluster 10,50.0,8,0.4,0,0.0,0.0,0.0,0,0.0
EC_N-2_011,N-2_EC011,N-2 existing cluster 11,90.0,10,0.4,0,0.0,0.0,0.0,0,0.0
EC_N-2_012,N-2_EC012,N-2 existing cluster 12,150.0,8,0.4,0,0.0,0.0,0.0,0,0.0
EC_N-2_013,N-2_EC013,N-2 existing cluster 13,350.0,8,0.4,0,0.0,0.0,0.0,0,0.0
EC_N-2_014,N-2_EC014,N-2 existing cluster 14,250.0,22,0.4,0,0.0,0.0,0.0,0,0.0
EC_N-2_015,N-2_EC015,N-2 existing cluster 15,350.0,8,0.4,0,0.0,0.0,0.0,0,0.0
EC_N-232_000,N-232_EC000,N-232 existing cluster 0,50.0,8,0.4,0,0.0,0.0,0.0,0,0.0
EC_N-232_001,N-232_EC001,N-232 existing cluster 1,100.0,4,0.4,0,0.0,0.0,0.0,0,0.0
EC_N-232_002,N-232_EC002,N-232 existing cluster 2,50.0,6,0.4,0,0.0,0.0,0.0,0,0.0
EC_N-232_003,N-232_EC003,N-232 existing cluster 3,22.17,8,0.4,0,0.0,0.0,0.0,0,0.0
EC_N-232_004,N-232_EC004,N-232 existing cluster 4,120.0,5,0.4,0,0.0,0.0,0.0,0,0.0
EC_N-232_005,N-232_EC005,N-232 existing cluster 5,50.0,11,0.4,0,0.0,0.0,0.0,0,0.0
EC_N-232_006,N-232_EC006,N-232 existing cluster 6,22.17,6,0.4,0,0.0,0.0,0.0,0,0.0
EC_N-232_007,N-232_EC007,N-232 existing cluster 7,150.0,6,0.4,0,0.0,0.0,0.0,0,0.0
EC_N-232_008,N-232_EC008,N-232 existing cluster 8,70.0,6,0.4,0,0.0,0.0,0.0,0,0.0
EC_N-232_009,N-232_EC009,N-232 existing cluster 9,100.0,4,0.4,0,0.0,0.0,0.0,0,0.0
EC_N-232_010,N-232_EC010,N-232 existing cluster 10,100.0,10,0.4,0,0.0,0.0,0.0,0,0.0
EC_N-232_011,N-232_EC011,N-232 existing cluster 11,50.0,6,0.4,0,0.0,0.0,0.0,0,0.0
EC_N-232_012,N-232_EC012,N-232 existing cluster 12,120.0,12,0.4,0,0.0,0.0,0.0,0,0.0
EC_N-232_013,N-232_EC013,N-232 existing cluster 13,50.0,6,0.4,0,0.0,0.0,0.0,0,0.0
EC_N-232_014,N-232_EC014,N-232 existing cluster 14,22.0,4,0.4,0,0.0,0.0,0.0,0,0.0
EC_N-232_015,N-232_EC015,N-232 existing cluster 15,100.0,4,0.4,0,0.0,0.0,0.0,0,0.0
EC_N-232A_000,N-232A_EC000,N-232A existing cluster 0,22.0,2,0.4,0,0.0,0.0,0.0,0,0.0
EC_N-232A_001,N-232A_EC001,N-232A existing cluster 1,50.0,5,0.4,0,0.0,0.0,0.0,0,0.0
EC_N-232A_002,N-232A_EC002,N-232A existing cluster 2,50.0,3,0.4,0,0.0,0.0,0.0,0,0.0
EC_N-232A_003,N-232A_EC003,N-232A existing cluster 3,50.0,3,0.4,0,0.0,0.0,0.0,0,0.0
EC_N-234_000,N-234_EC000,N-234 existing cluster 0,90.0,9,0.4,0,0.0,0.0,0.0,0,0.0
EC_N-234_001,N-234_EC001,N-234 existing cluster 1,150.0,10,0.4,0,0.0,0.0,0.0,0,0.0
EC_N-234_002,N-234_EC002,N-234 existing cluster 2,50.0,5,0.4,0,0.0,0.0,0.0,0,0.0
EC_N-234_003,N-234_EC003,N-234 existing cluster 3,22.17,4,0.4,0,0.0,0.0,0.0,0,0.0
EC_N-234_004,N-234_EC004,N-234 existing cluster 4,50.0,5,0.4,0,0.0,0.0,0.0,0,0.0
EC_N-234_005,N-234_EC005,N-234 existing cluster 5,100.0,7,0.4,0,0.0,0.0,0.0,0,0.0
EC_N-234_006,N-234_EC006,N-234 existing cluster 6,100.0,2,0.4,0,0.0,0.0,0.0,0,0.0
EC_N-234_007,N-234_EC007,N-234 existing cluster 7,50.0,5,0.4,0,0.0,0.0,0.0,0,0.0
EC_N-234_008,N-234_EC008,N-234 existing cluster 8,320.0,7,0.4,0,0.0,0.0,0.0,0,0.0
EC_N-234_009,N-234_EC009,N-234 existing cluster 9,22.0,2,0.4,0,0.0,0.0,0.0,0,0.0
EC_N-234_010,N-234_EC010,N-234 existing cluster 10,120.0,6,0.4,2,80.23825063152827,0.0,40.11912531576414,0,0.0023217086409585727
EC_N-234_011,N-234_EC011,N-234 existing cluster 11,100.0,7,0.4,0,0.0,0.0,0.0,0,0.0
EC_N-234_012,N-234_EC012,N-234 existing cluster 12,50.0,3,0.4,1,34.66404472786094,0.0,41.596853673433124,0,0.0048144506566473524
EC_N-234_013,N-234_EC013,N-234 existing cluster 13,50.0,9,0.4,8,190.7081771052322,0.0,228.8498125262786,0,0.008829082273390378
EC_N-234_014,N-234_EC014,N-234 existing cluster 14,22.0,4,0.4,3,98.22603398240977,0.0,267.8891835883903,0,0.02325426940871444
EC_N-234_015,N-234_EC015,N-234 existing cluster 15,7.4,2,0.4,4,121.04707972403894,0.0,981.4628085732887,0,0.1703928487106404
EC_N-240_000,N-240_EC000,N-240 existing cluster 0,50.0,11,0.4,0,0.0,0.0,0.0,0,0.0
EC_N-240_001,N-240_EC001,N-240 existing cluster 1,250.0,15,0.4,0,0.0,0.0,0.0,0,0.0
EC_N-240_002,N-240_EC002,N-240 existing cluster 2,50.0,10,0.4,0,0.0,0.0,0.0,0,0.0
EC_N-240_003,N-240_EC003,N-240 existing cluster 3,100.0,14,0.4,1,38.34592807702047,0.0,23.00755684621228,0,0.0005706239297175665
EC_N-240_004,N-240_EC004,N-240 existing cluster 4,100.0,14,0.4,1,18.009002083435938,0.0,10.805401250061562,0,0.0002679911024320824
EC_N-240_005,N-240_EC005,N-240 existing cluster 5,50.0,10,0.4,1,36.9470167175628,0.0,44.336420061075366,0,0.0015394590298984502
EC_N-240_006,N-240_EC006,N-240 existing cluster 6,50.0,13,0.4,1,10.53745969757098,0.0,12.644951637085176,0,0.00033773909287086474
EC_N-240_007,N-240_EC007,N-240 existing cluster 7,50.0,19,0.4,0,0.0,0.0,0.0,0,0.0
EC_N-240_008,N-240_EC008,N-240 existing cluster 8,22.0,15,0.4,0,0.0,0.0,0.0,0,0.0
EC_N-240_009,N-240_EC009,N-240 existing cluster 9,55.0,14,0.4,0,0.0,0.0,0.0,0,0.0
EC_N-240_010,N-240_EC010,N-240 existing cluster 10,100.0,15,0.4,0,0.0,0.0,0.0,0,0.0
EC_N-240_011,N-240_EC011,N-240 existing cluster 11,150.0,12,0.4,0,0.0,0.0,0.0,0,0.0
EC_N-240_012,N-240_EC012,N-240 existing cluster 12,120.0,18,0.4,0,0.0,0.0,0.0,0,0.0
EC_N-240_013,N-240_EC013,N-240 existing cluster 13,180.0,15,0.4,0,0.0,0.0,0.0,0,0.0
EC_N-240_014,N-240_EC014,N-240 existing cluster 14,50.0,17,0.4,0,0.0,0.0,0.0,0,0.0
EC_N-240_015,N-240_EC015,N-240 existing cluster 15,150.0,11,0.4,0,0.0,0.0,0.0,0,0.0
EC_N-2A_000,N-2A_EC000,N-2A existing cluster 0,90.0,5,0.4,0,0.0,0.0,0.0,0,0.0
EC_N-2A_001,N-2A_EC001,N-2A existing cluster 1,22.0,2,0.4,0,0.0,0.0,0.0,0,0.0
EC_N-2A_002,N-2A_EC002,N-2A existing cluster 2,55.0,6,0.4,0,0.0,0.0,0.0,0,0.0
EC_N-2A_003,N-2A_EC003,N-2A existing cluster 3,50.0,3,0.4,0,0.0,0.0,0.0,0,0.0
EC_N-2A_004,N-2A_EC004,N-2A existing cluster 4,22.0,2,0.4,0,0.0,0.0,0.0,0,0.0
EC_N-2A_005,N-2A_EC005,N-2A existing cluster 5,22.0,4,0.4,0,0.0,0.0,0.0,0,0.0
EC_N-2A_006,N-2A_EC006,N-2A existing cluster 6,22.0,11,0.4,0,0.0,0.0,0.0,0,0.0
EC_N-2A_007,N-2A_EC007,N-2A existing cluster 7,22.0,7,0.4,0,0.0,0.0,0.0,0,0.0
EC_N-2A_008,N-2A_EC008,N-2A existing cluster 8,150.0,10,0.4,0,0.0,0.0,0.0,0,0.0
EC_N-2A_009,N-2A_EC009,N-2A existing cluster 9,150.0,4,0.4,0,0.0,0.0,0.0,0,0.0
EC_N-2A_010,N-2A_EC010,N-2A existing cluster 10,150.0,4,0.4,0,0.0,0.0,0.0,0,0.0
EC_N-2A_011,N-2A_EC011,N-2A existing cluster 11,22.0,2,0.4,0,0.0,0.0,0.0,0,0.0
EC_N-2A_012,N-2A_EC012,N-2A existing cluster 12,22.0,2,0.4,0,0.0,0.0,0.0,0,0.0
EC_N-2A_013,N-2A_EC013,N-2A existing cluster 13,7.4,2,0.4,0,0.0,0.0,0.0,0,0.0
EC_N-2A_014,N-2A_EC014,N-2A existing cluster 14,150.0,8,0.4,0,0.0,0.0,0.0,0,0.0
EC_N-2A_015,N-2A_EC015,N-2A existing cluster 15,22.0,2,0.4,1,10.253892906735906,0.0,32.00328564007153,0,0.005556125979179085
EC_N-301_000,N-301_EC000,N-301 existing cluster 0,50.0,5,0.4,15,403.1456499103397,0.0,489.7576873178359,0,0.03401095050818305
EC_N-301_001,N-301_EC001,N-301 existing cluster 1,7.4,2,0.4,0,0.0,0.0,0.0,0,0.0
EC_N-301_002,N-301_EC002,N-301 existing cluster 2,90.0,4,0.4,0,0.0,0.0,0.0,0,0.0
EC_N-301_003,N-301_EC003,N-301 existing cluster 3,22.17,4,0.4,1,24.878332631762802,0.0,71.3368817132696,0,0.00619243764872132
EC_N-301_004,N-301_EC004,N-301 existing cluster 4,100.0,4,0.4,0,0.0,0.0,0.0,0,0.0
EC_N-301_005,N-301_EC005,N-301 existing cluster 5,150.0,25,0.4,2,29.566829504662905,0.0,17.740097702797744,0,0.0002463902458721909
EC_N-301_006,N-301_EC006,N-301 existing cluster 6,100.0,4,0.4,2,56.0703106019445,0.0,34.51315410310219,0,0.002995933515894287
EC_N-301_007,N-301_EC007,N-301 existing cluster 7,100.0,4,0.4,17,369.3734057381084,0.0,221.624043442865,0,0.019238198215526477
EC_N-301_008,N-301_EC008,N-301 existing cluster 8,22.0,4,0.4,0,0.0,0.0,0.0,0,0.0
EC_N-301_009,N-301_EC009,N-301 existing cluster 9,50.0,3,0.4,0,0.0,0.0,0.0,0,0.0
EC_N-301_010,N-301_EC010,N-301 existing cluster 10,50.0,5,0.4,0,0.0,0.0,0.0,0,0.0
EC_N-301_011,N-301_EC011,N-301 existing cluster 11,50.0,3,0.4,0,0.0,0.0,0.0,0,0.0
EC_N-301_012,N-301_EC012,N-301 existing cluster 12,60.0,2,0.4,1,31.877016638927053,0.0,34.54003033755719,0,0.00599653304471479
EC_N-301_013,N-301_EC013,N-301 existing cluster 13,60.0,2,0.4,0,0.0,0.0,0.0,0,0.0
EC_N-301_014,N-301_EC014,N-301 existing cluster 14,50.0,4,0.4,13,233.89747065868343,0.0,280.67696479042013,0,0.024364319860279524
EC_N-301_015,N-301_EC015,N-301 existing cluster 15,22.0,2,0.4,0,0.0,0.0,0.0,0,0.0
EC_N-320_000,N-320_EC000,N-320 existing cluster 0,120.0,26,0.4,2,49.00704173399275,0.0,24.503520866996375,0,0.0003272371910656567
EC_N-320_001,N-320_EC001,N-320 existing cluster 1,150.0,2,0.4,0,0.0,0.0,0.0,0,0.0
EC_N-320_002,N-320_EC002,N-320 existing cluster 2,150.0,2,0.4,0,0.0,0.0,0.0,0,0.0
EC_N-320_003,N-320_EC003,N-320 existing cluster 3,14.8,2,0.4,0,0.0,0.0,0.0,0,0.0
EC_N-320_004,N-320_EC004,N-320 existing cluster 4,50.0,3,0.4,3,80.18827092247922,0.0,96.85240262548821,0,0.011209768822394469
EC_N-320_005,N-320_EC005,N-320 existing cluster 5,50.0,6,0.4,2,80.68332156447411,0.0,96.81998587736895,0,0.00560300844197737
EC_N-320_006,N-320_EC006,N-320 existing cluster 6,50.0,3,0.4,0,0.0,0.0,0.0,0,0.0
EC_N-320_007,N-320_EC007,N-320 existing cluster 7,120.0,2,0.4,0,0.0,0.0,0.0,0,0.0
EC_N-320_008,N-320_EC008,N-320 existing cluster 8,22.0,6,0.4,0,0.0,0.0,0.0,0,0.0
EC_N-320_009,N-320_EC009,N-320 existing cluster 9,50.0,3,0.4,0,0.0,0.0,0.0,0,0.0
EC_N-320_010,N-320_EC010,N-320 existing cluster 10,22.17,4,0.4,0,0.0,0.0,0.0,0,0.0
EC_N-320_011,N-320_EC011,N-320 existing cluster 11,50.0,3,0.4,0,0.0,0.0,0.0,0,0.0
EC_N-330_000,N-330_EC000,N-330 existing cluster 0,50.0,13,0.4,0,0.0,0.0,0.0,0,0.0
EC_N-330_001,N-330_EC001,N-330 existing cluster 1,350.0,4,0.4,0,0.0,0.0,0.0,0,0.0
EC_N-330_002,N-330_EC002,N-330 existing cluster 2,350.0,9,0.4,0,0.0,0.0,0.0,0,0.0
EC_N-330_003,N-330_EC003,N-330 existing cluster 3,60.0,14,0.4,0,0.0,0.0,0.0,0,0.0
EC_N-330_004,N-330_EC004,N-330 existing cluster 4,50.0,9,0.4,0,0.0,0.0,0.0,0,0.0
EC_N-330_005,N-330_EC005,N-330 existing cluster 5,100.0,8,0.4,0,0.0,0.0,0.0,0,0.0
EC_N-330_006,N-330_EC006,N-330 existing cluster 6,100.0,14,0.4,0,0.0,0.0,0.0,0,0.0
EC_N-330_007,N-330_EC007,N-330 existing cluster 7,50.0,11,0.4,0,0.0,0.0,0.0,0,0.0
EC_N-330_008,N-330_EC008,N-330 existing cluster 8,150.0,8,0.4,0,0.0,0.0,0.0,0,0.0
EC_N-330_009,N-330_EC009,N-330 existing cluster 9,150.0,9,0.4,0,0.0,0.0,0.0,0,0.0
EC_N-330_010,N-330_EC010,N-330 existing cluster 10,50.0,7,0.4,0,0.0,0.0,0.0,0,0.0
EC_N-330_011,N-330_EC011,N-330 existing cluster 11,50.0,8,0.4,0,0.0,0.0,0.0,0,0.0
EC_N-330_012,N-330_EC012,N-330 existing cluster 12,150.0,11,0.4,0,0.0,0.0,0.0,0,0.0
EC_N-330_013,N-330_EC013,N-330 existing cluster 13,100.0,8,0.4,0,0.0,0.0,0.0,0,0.0
EC_N-330_014,N-330_EC014,N-330 existing cluster 14,100.0,10,0.4,0,0.0,0.0,0.0,0,0.0
EC_N-330_015,N-330_EC015,N-330 existing cluster 15,60.0,16,0.4,0,0.0,0.0,0.0,0,0.0
EC_N-340A_000,N-340A_EC000,N-340A existing cluster 0,100.0,11,0.4,0,0.0,0.0,0.0,0,0.0
EC_N-340A_001,N-340A_EC001,N-340A existing cluster 1,22.0,5,0.4,0,0.0,0.0,0.0,0,0.0
EC_N-340A_002,N-340A_EC002,N-340A existing cluster 2,22.0,7,0.4,0,0.0,0.0,0.0,0,0.0
EC_N-340A_003,N-340A_EC003,N-340A existing cluster 3,22.0,11,0.4,0,0.0,0.0,0.0,0,0.0
EC_N-340A_004,N-340A_EC004,N-340A existing cluster 4,22.0,4,0.4,0,0.0,0.0,0.0,0,0.0
EC_N-340A_005,N-340A_EC005,N-340A existing cluster 5,22.0,3,0.4,0,0.0,0.0,0.0,0,0.0
EC_N-340A_006,N-340A_EC006,N-340A existing cluster 6,50.0,5,0.4,0,0.0,0.0,0.0,0,0.0
EC_N-340A_007,N-340A_EC007,N-340A existing cluster 7,60.0,4,0.4,0,0.0,0.0,0.0,0,0.0
EC_N-340A_008,N-340A_EC008,N-340A existing cluster 8,100.0,9,0.4,0,0.0,0.0,0.0,0,0.0
EC_N-340A_009,N-340A_EC009,N-340A existing cluster 9,100.0,15,0.4,0,0.0,0.0,0.0,0,0.0
EC_N-340A_010,N-340A_EC010,N-340A existing cluster 10,60.0,4,0.4,0,0.0,0.0,0.0,0,0.0
EC_N-340A_011,N-340A_EC011,N-340A existing cluster 11,60.0,7,0.4,0,0.0,0.0,0.0,0,0.0
EC_N-340A_012,N-340A_EC012,N-340A existing cluster 12,150.0,8,0.4,0,0.0,0.0,0.0,0,0.0
EC_N-340A_013,N-340A_EC013,N-340A existing cluster 13,55.0,7,0.4,0,0.0,0.0,0.0,0,0.0
EC_N-340A_014,N-340A_EC014,N-340A existing cluster 14,55.2,6,0.4,0,0.0,0.0,0.0,0,0.0
EC_N-340A_015,N-340A_EC015,N-340A existing cluster 15,60.0,5,0.4,0,0.0,0.0,0.0,0,0.0
EC_N-4_000,N-4_EC000,N-4 existing cluster 0,140.0,8,0.4,40,1476.3413146296634,0.0,656.1093626622336,0,0.028476968865548333
EC_N-4_001,N-4_EC001,N-4 existing cluster 1,50.0,3,0.4,0,0.0,0.0,0.0,0,0.0
EC_N-4_002,N-4_EC002,N-4 existing cluster 2,50.0,13,0.4,0,0.0,0.0,0.0,0,0.0
EC_N-4_003,N-4_EC003,N-4 existing cluster 3,50.0,3,0.4,0,0.0,0.0,0.0,0,0.0
EC_N-4_004,N-4_EC004,N-4 existing cluster 4,10.53,4,0.4,0,0.0,0.0,0.0,0,0.0
EC_N-4_005,N-4_EC005,N-4 existing cluster 5,22.0,4,0.4,1,25.90622069442202,0.0,70.65332916660552,0,0.006133101490156729
EC_N-4_006,N-4_EC006,N-4 existing cluster 6,22.0,2,0.4,0,0.0,0.0,0.0,0,0.0
EC_N-4_007,N-4_EC007,N-4 existing cluster 7,22.0,2,0.4,0,0.0,0.0,0.0,0,0.0
EC_N-4_008,N-4_EC008,N-4 existing cluster 8,22.0,4,0.4,0,0.0,0.0,0.0,0,0.0
EC_N-4_009,N-4_EC009,N-4 existing cluster 9,22.0,2,0.4,0,0.0,0.0,0.0,0,0.0
EC_N-4_010,N-4_EC010,N-4 existing cluster 10,7.4,49,0.4,0,0.0,0.0,0.0,0,0.0
EC_N-4_011,N-4_EC011,N-4 existing cluster 11,150.0,2,0.4,0,0.0,0.0,0.0,0,0.0
EC_N-4_012,N-4_EC012,N-4 existing cluster 12,22.17,6,0.4,0,0.0,0.0,0.0,0,0.0
EC_N-4_013,N-4_EC013,N-4 existing cluster 13,22.0,2,0.4,2,43.156103375857114,0.0,117.69846375233757,0,0.020433761068114162
EC_N-4_014,N-4_EC014,N-4 existing cluster 14,22.0,6,0.4,0,0.0,0.0,0.0,0,0.0
EC_N-4_015,N-4_EC015,N-4 existing cluster 15,120.0,3,0.4,0,0.0,0.0,0.0,0,0.0
EC_N-420_000,N-420_EC000,N-420 existing cluster 0,50.0,8,0.4,0,0.0,0.0,0.0,0,0.0
EC_N-420_001,N-420_EC001,N-420 existing cluster 1,50.0,8,0.4,0,0.0,0.0,0.0,0,0.0
EC_N-420_002,N-420_EC002,N-420 existing cluster 2,50.0,9,0.4,1,30.52451662718893,0.0,36.62941995262672,0,0.0014131720660735616
EC_N-420_003,N-420_EC003,N-420 existing cluster 3,110.0,8,0.4,1,16.920729744627295,0.0,9.229488951614888,0,0.0004005854579693962
EC_N-420_004,N-420_EC004,N-420 existing cluster 4,22.0,6,0.4,2,41.995002271530105,0.0,114.53182437690029,0,0.006627999095885433
EC_N-420_005,N-420_EC005,N-420 existing cluster 5,50.0,7,0.4,23,601.2096388439601,0.0,727.8354082270673,0,0.036102946836660085
EC_N-420_006,N-420_EC006,N-420 existing cluster 6,60.0,7,0.4,0,0.0,0.0,0.0,0,0.0
EC_N-420_007,N-420_EC007,N-420 existing cluster 7,55.0,7,0.4,3,108.64703447547828,0.0,121.56310737705455,0,0.0060299160405285
EC_N-420_008,N-420_EC008,N-420 existing cluster 8,60.0,11,0.4,2,80.34338898361707,0.0,80.34338898361707,0,0.0025360918239778116
EC_N-420_009,N-420_EC009,N-420 existing cluster 9,100.0,8,0.4,0,0.0,0.0,0.0,0,0.0
EC_N-420_010,N-420_EC010,N-420 existing cluster 10,50.0,10,0.4,0,0.0,0.0,0.0,0,0.0
EC_N-420_011,N-420_EC011,N-420 existing cluster 11,50.0,7,0.4,0,0.0,0.0,0.0,0,0.0
EC_N-420_012,N-420_EC012,N-420 existing cluster 12,50.0,10,0.4,0,0.0,0.0,0.0,0,0.0
EC_N-420_013,N-420_EC013,N-420 existing cluster 13,22.0,18,0.4,0,0.0,0.0,0.0,0,0.0
EC_N-420_014,N-420_EC014,N-420 existing cluster 14,100.0,15,0.4,0,0.0,0.0,0.0,0,0.0
EC_N-420_015,N-420_EC015,N-420 existing cluster 15,7.6,12,0.4,0,0.0,0.0,0.0,0,0.0
EC_N-420A_000,N-420A_EC000,N-420A existing cluster 0,22.0,2,0.4,0,0.0,0.0,0.0,0,0.0
EC_N-420A_001,N-420A_EC001,N-420A existing cluster 1,60.0,1,0.4,0,0.0,0.0,0.0,0,0.0
EC_N-420A_002,N-420A_EC002,N-420A existing cluster 2,50.0,4,0.4,0,0.0,0.0,0.0,0,0.0
EC_N-420A_003,N-420A_EC003,N-420A existing cluster 3,50.0,3,0.4,0,0.0,0.0,0.0,0,0.0
EC_N-420A_004,N-420A_EC004,N-420A existing cluster 4,60.0,2,0.4,0,0.0,0.0,0.0,0,0.0
EC_N-420A_005,N-420A_EC005,N-420A existing cluster 5,21.0,2,0.4,0,0.0,0.0,0.0,0,0.0
EC_N-420A_006,N-420A_EC006,N-420A existing cluster 6,55.0,3,0.4,0,0.0,0.0,0.0,0,0.0
EC_N-420A_007,N-420A_EC007,N-420A existing cluster 7,50.0,3,0.4,0,0.0,0.0,0.0,0,0.0
EC_N-420A_008,N-420A_EC008,N-420A existing cluster 8,7.0,1,0.4,0,0.0,0.0,0.0,0,0.0
EC_N-430_000,N-430_EC000,N-430 existing cluster 0,50.0,8,0.4,0,0.0,0.0,0.0,0,0.0
EC_N-430_001,N-430_EC001,N-430 existing cluster 1,50.0,7,0.4,0,0.0,0.0,0.0,0,0.0
EC_N-430_002,N-430_EC002,N-430 existing cluster 2,150.0,4,0.4,0,0.0,0.0,0.0,0,0.0
EC_N-430_003,N-430_EC003,N-430 existing cluster 3,150.0,7,0.4,0,0.0,0.0,0.0,0,0.0
EC_N-430_004,N-430_EC004,N-430 existing cluster 4,100.0,8,0.4,1,37.57103473894685,0.0,22.542620843368113,0,0.0009784123629934076
EC_N-430_005,N-430_EC005,N-430 existing cluster 5,60.0,5,0.4,1,35.863131110280705,0.0,35.863131110280705,0,0.0024904952159917155
EC_N-430_006,N-430_EC006,N-430 existing cluster 6,150.0,7,0.4,0,0.0,0.0,0.0,0,0.0
EC_N-430_007,N-430_EC007,N-430 existing cluster 7,100.0,7,0.4,0,0.0,0.0,0.0,0,0.0
EC_N-430_008,N-430_EC008,N-430 existing cluster 8,100.0,5,0.4,0,0.0,0.0,0.0,0,0.0
EC_N-430_009,N-430_EC009,N-430 existing cluster 9,50.0,8,0.4,2,60.442392331328406,0.0,72.53087079759409,0,0.003148041267256688
EC_N-430_010,N-430_EC010,N-430 existing cluster 10,120.0,5,0.4,0,0.0,0.0,0.0,0,0.0
EC_N-430_011,N-430_EC011,N-430 existing cluster 11,120.0,3,0.4,2,75.5702953673116,0.0,37.7851476836558,0,0.0043732809819046065
EC_N-430_012,N-430_EC012,N-430 existing cluster 12,50.0,9,0.4,2,76.94289626269749,0.0,92.33147551523699,0,0.003562171123273032
EC_N-430_013,N-430_EC013,N-430 existing cluster 13,150.0,26,0.4,2,83.80025402895157,0.0,33.520155710434295,0,0.00044765165211584264
EC_N-430_014,N-430_EC014,N-430 existing cluster 14,60.0,5,0.4,8,131.50345488699844,0.0,134.36011356528124,0,0.009330563442033419
EC_N-430_015,N-430_EC015,N-430 existing cluster 15,50.0,6,0.4,1,49.796456288129875,0.0,59.75574754575585,0,0.0034580872422312415
EC_N-432_000,N-432_EC000,N-432 existing cluster 0,50.0,11,0.4,0,0.0,0.0,0.0,0,0.0
EC_N-432_001,N-432_EC001,N-432 existing cluster 1,150.0,10,0.4,2,74.67634201671498,0.0,29.87053680668599,0,0.0010371714168988192
EC_N-432_002,N-432_EC002,N-432 existing cluster 2,150.0,6,0.4,0,0.0,0.0,0.0,0,0.0
EC_N-432_003,N-432_EC003,N-432 existing cluster 3,50.0,9,0.4,0,0.0,0.0,0.0,0,0.0
EC_N-432_004,N-432_EC004,N-432 existing cluster 4,150.0,8,0.4,0,0.0,0.0,0.0,0,0.0
EC_N-432_005,N-432_EC005,N-432 existing cluster 5,50.0,5,0.4,2,61.230921434055034,0.0,73.47710572086604,0,0.005102576786171252
EC_N-432_006,N-432_EC006,N-432 existing cluster 6,22.0,9,0.4,1,33.33258379755529,0.0,90.90704672060534,0,0.0035072163086653295
EC_N-432_007,N-432_EC007,N-432 existing cluster 7,50.0,5,0.4,0,0.0,0.0,0.0,0,0.0
EC_N-432_008,N-432_EC008,N-432 existing cluster 8,50.0,11,0.4,0,0.0,0.0,0.0,0,0.0
EC_N-432_009,N-432_EC009,N-432 existing cluster 9,150.0,9,0.4,0,0.0,0.0,0.0,0,0.0
EC_N-432_010,N-432_EC010,N-432 existing cluster 10,150.0,4,0.4,4,137.7397217181285,0.0,68.22438043745422,0,0.00592225524630679
EC_N-432_011,N-432_EC011,N-432 existing cluster 11,120.0,10,0.4,0,0.0,0.0,0.0,0,0.0
EC_N-432_012,N-432_EC012,N-432 existing cluster 12,100.0,24,0.4,0,0.0,0.0,0.0,0,0.0
EC_N-432_013,N-432_EC013,N-432 existing cluster 13,50.0,5,0.4,0,0.0,0.0,0.0,0,0.0
EC_N-432_014,N-432_EC014,N-432 existing cluster 14,60.0,4,0.4,2,35.15991026521094,0.0,35.15991026521094,0,0.0030520755438551163
EC_N-432_015,N-432_EC015,N-432 existing cluster 15,50.0,6,0.4,0,0.0,0.0,0.0,0,0.0
EC_N-432A_000,N-432A_EC000,N-432A existing cluster 0,22.0,6,0.4,66,1482.6993487435168,23.70239282484556,4062.9589685775936,1,0.23512494031120335
EC_N-432A_001,N-432A_EC001,N-432A existing cluster 1,30.0,3,0.4,0,0.0,0.0,0.0,0,0.0
EC_N-432A_002,N-432A_EC002,N-432A existing cluster 2,22.0,6,0.4,0,0.0,0.0,0.0,0,0.0
EC_N-432A_003,N-432A_EC003,N-432A existing cluster 3,22.0,2,0.4,0,0.0,0.0,0.0,0,0.0
EC_N-432A_004,N-432A_EC004,N-432A existing cluster 4,22.0,2,0.4,0,0.0,0.0,0.0,0,0.0
EC_N-432A_005,N-432A_EC005,N-432A existing cluster 5,7.4,1,0.4,0,0.0,0.0,0.0,0,0.0
EC_N-432A_006,N-432A_EC006,N-432A existing cluster 6,22.0,2,0.4,0,0.0,0.0,0.0,0,0.0
EC_N-5_000,N-5_EC000,N-5 existing cluster 0,22.0,2,0.4,0,0.0,0.0,0.0,0,0.0
EC_N-5_001,N-5_EC001,N-5 existing cluster 1,300.0,8,0.4,0,0.0,0.0,0.0,0,0.0
EC_N-5_002,N-5_EC002,N-5 existing cluster 2,150.0,20,0.4,0,0.0,0.0,0.0,0,0.0
EC_N-5_003,N-5_EC003,N-5 existing cluster 3,24.0,3,0.4,0,0.0,0.0,0.0,0,0.0
EC_N-5_004,N-5_EC004,N-5 existing cluster 4,22.0,2,0.4,0,0.0,0.0,0.0,0,0.0
EC_N-5_005,N-5_EC005,N-5 existing cluster 5,22.0,2,0.4,0,0.0,0.0,0.0,0,0.0
EC_N-5_006,N-5_EC006,N-5 existing cluster 6,22.0,2,0.4,0,0.0,0.0,0.0,0,0.0
EC_N-5_007,N-5_EC007,N-5 existing cluster 7,22.0,2,0.4,0,0.0,0.0,0.0,0,0.0
EC_N-5_008,N-5_EC008,N-5 existing cluster 8,7.4,2,0.4,0,0.0,0.0,0.0,0,0.0
EC_N-5_009,N-5_EC009,N-5 existing cluster 9,22.0,2,0.4,0,0.0,0.0,0.0,0,0.0
EC_N-5_010,N-5_EC010,N-5 existing cluster 10,25.0,3,0.4,0,0.0,0.0,0.0,0,0.0
EC_N-5_011,N-5_EC011,N-5 existing cluster 11,100.0,4,0.4,0,0.0,0.0,0.0,0,0.0
EC_N-5_012,N-5_EC012,N-5 existing cluster 12,22.0,4,0.4,0,0.0,0.0,0.0,0,0.0
EC_N-5_013,N-5_EC013,N-5 existing cluster 13,100.0,4,0.4,0,0.0,0.0,0.0,0,0.0
EC_N-5_014,N-5_EC014,N-5 existing cluster 14,50.0,3,0.4,0,0.0,0.0,0.0,0,0.0
EC_N-5_015,N-5_EC015,N-5 existing cluster 15,50.0,3,0.4,0,0.0,0.0,0.0,0,0.0
EC_N-501_000,N-501_EC000,N-501 existing cluster 0,7.4,2,0.4,0,0.0,0.0,0.0,0,0.0
EC_N-501_001,N-501_EC001,N-501 existing cluster 1,100.0,3,0.4,0,0.0,0.0,0.0,0,0.0
EC_N-501_002,N-501_EC002,N-501 existing cluster 2,50.0,5,0.4,0,0.0,0.0,0.0,0,0.0
EC_N-501_003,N-501_EC003,N-501 existing cluster 3,22.0,2,0.4,0,0.0,0.0,0.0,0,0.0
EC_N-501_004,N-501_EC004,N-501 existing cluster 4,50.0,3,0.4,0,0.0,0.0,0.0,0,0.0
EC_N-501_005,N-501_EC005,N-501 existing cluster 5,50.0,3,0.4,0,0.0,0.0,0.0,0,0.0
EC_N-523_000,N-523_EC000,N-523 existing cluster 0,22.0,2,0.4,3,86.16546907203545,0.0,234.99673383282394,0,0.0407980440681986
EC_N-523_001,N-523_EC001,N-523 existing cluster 1,100.0,4,0.4,3,51.538214895016004,0.0,30.9229289370096,0,0.0026842820257820836
EC_N-523_002,N-523_EC002,N-523 existing cluster 2,100.0,4,0.4,0,0.0,0.0,0.0,0,0.0
EC_N-525_000,N-525_EC000,N-525 existing cluster 0,90.0,15,0.4,0,0.0,0.0,0.0,0,0.0
EC_N-525_001,N-525_EC001,N-525 existing cluster 1,22.0,4,0.4,0,0.0,0.0,0.0,0,0.0
EC_N-525_002,N-525_EC002,N-525 existing cluster 2,350.0,12,0.4,0,0.0,0.0,0.0,0,0.0
EC_N-525_003,N-525_EC003,N-525 existing cluster 3,100.0,7,0.4,0,0.0,0.0,0.0,0,0.0
EC_N-525_004,N-525_EC004,N-525 existing cluster 4,400.0,12,0.4,0,0.0,0.0,0.0,0,0.0
EC_N-525_005,N-525_EC005,N-525 existing cluster 5,100.0,9,0.4,0,0.0,0.0,0.0,0,0.0
EC_N-525_006,N-525_EC006,N-525 existing cluster 6,50.0,5,0.4,0,0.0,0.0,0.0,0,0.0
EC_N-525_007,N-525_EC007,N-525 existing cluster 7,50.0,6,0.4,0,0.0,0.0,0.0,0,0.0
EC_N-525_008,N-525_EC008,N-525 existing cluster 8,100.0,6,0.4,2,64.48818006182292,0.0,38.69290803709375,0,0.0022391729188132956
EC_N-525_009,N-525_EC009,N-525 existing cluster 9,50.0,7,0.4,0,0.0,0.0,0.0,0,0.0
EC_N-525_010,N-525_EC010,N-525 existing cluster 10,60.0,6,0.4,1,10.824026088103853,0.0,10.824026088103853,0,0.0006263903986171211
EC_N-525_011,N-525_EC011,N-525 existing cluster 11,50.0,4,0.4,0,0.0,0.0,0.0,0,0.0
EC_N-525_012,N-525_EC012,N-525 existing cluster 12,60.0,4,0.4,0,0.0,0.0,0.0,0,0.0
EC_N-525_013,N-525_EC013,N-525 existing cluster 13,50.0,6,0.4,0,0.0,0.0,0.0,0,0.0
EC_N-525_014,N-525_EC014,N-525 existing cluster 14,50.0,6,0.4,0,0.0,0.0,0.0,0,0.0
EC_N-525_015,N-525_EC015,N-525 existing cluster 15,60.0,5,0.4,2,50.29933945118527,0.0,50.29933945118527,0,0.003493009684110088
EC_N-540_000,N-540_EC000,N-540 existing cluster 0,50.0,3,0.4,0,0.0,0.0,0.0,0,0.0
EC_N-540_001,N-540_EC001,N-540 existing cluster 1,50.0,3,0.4,4,146.8455502088868,0.0,176.2146602506642,0,0.020395215306789838
EC_N-540_002,N-540_EC002,N-540 existing cluster 2,50.0,3,0.4,15,460.18126337650887,0.0,552.2175160518107,0,0.06391406435784845
EC_N-540_003,N-540_EC003,N-540 existing cluster 3,50.0,3,0.4,8,175.2430807891529,0.0,210.29169694698354,0,0.02433931677627124
EC_N-541_000,N-541_EC000,N-541 existing cluster 0,22.0,2,0.4,0,0.0,0.0,0.0,0,0.0
EC_N-541_001,N-541_EC001,N-541 existing cluster 1,150.0,2,0.4,0,0.0,0.0,0.0,0,0.0
EC_N-541_002,N-541_EC002,N-541 existing cluster 2,50.0,3,0.4,0,0.0,0.0,0.0,0,0.0
EC_N-541_003,N-541_EC003,N-541 existing cluster 3,150.0,2,0.4,0,0.0,0.0,0.0,0,0.0
EC_N-541_004,N-541_EC004,N-541 existing cluster 4,22.0,4,0.4,0,0.0,0.0,0.0,0,0.0
EC_N-541_005,N-541_EC005,N-541 existing cluster 5,50.0,3,0.4,0,0.0,0.0,0.0,0,0.0
EC_N-541_006,N-541_EC006,N-541 existing cluster 6,50.0,3,0.4,0,0.0,0.0,0.0,0,0.0
EC_N-547_000,N-547_EC000,N-547 existing cluster 0,150.0,2,0.4,0,0.0,0.0,0.0,0,0.0
EC_N-547_001,N-547_EC001,N-547 existing cluster 1,6.9,2,0.4,0,0.0,0.0,0.0,0,0.0
EC_N-550_000,N-550_EC000,N-550 existing cluster 0,320.0,4,0.4,0,0.0,0.0,0.0,0,0.0
EC_N-550_001,N-550_EC001,N-550 existing cluster 1,22.0,22,0.4,0,0.0,0.0,0.0,0,0.0
EC_N-550_002,N-550_EC002,N-550 existing cluster 2,42.0,3,0.4,0,0.0,0.0,0.0,0,0.0
EC_N-550_003,N-550_EC003,N-550 existing cluster 3,320.0,1,0.4,0,0.0,0.0,0.0,0,0.0
EC_N-550_004,N-550_EC004,N-550 existing cluster 4,50.0,5,0.4,0,0.0,0.0,0.0,0,0.0
EC_N-550_005,N-550_EC005,N-550 existing cluster 5,50.0,3,0.4,0,0.0,0.0,0.0,0,0.0
EC_N-550_006,N-550_EC006,N-550 existing cluster 6,60.0,7,0.4,0,0.0,0.0,0.0,0,0.0
EC_N-550_007,N-550_EC007,N-550 existing cluster 7,50.0,3,0.4,0,0.0,0.0,0.0,0,0.0
EC_N-550_008,N-550_EC008,N-550 existing cluster 8,22.0,2,0.4,0,0.0,0.0,0.0,0,0.0
EC_N-550_009,N-550_EC009,N-550 existing cluster 9,40.0,7,0.4,0,0.0,0.0,0.0,0,0.0
EC_N-550_010,N-550_EC010,N-550 existing cluster 10,120.0,6,0.4,0,0.0,0.0,0.0,0,0.0
EC_N-550_011,N-550_EC011,N-550 existing cluster 11,22.17,4,0.4,0,0.0,0.0,0.0,0,0.0
EC_N-550_012,N-550_EC012,N-550 existing cluster 12,22.0,2,0.4,0,0.0,0.0,0.0,0,0.0
EC_N-550_013,N-550_EC013,N-550 existing cluster 13,22.0,4,0.4,0,0.0,0.0,0.0,0,0.0
EC_N-550_014,N-550_EC014,N-550 existing cluster 14,50.0,3,0.4,4,125.02069741505512,0.0,150.02483689806616,0,0.01736398575209099
EC_N-550_015,N-550_EC015,N-550 existing cluster 15,60.0,1,0.4,1,43.777394302537026,0.0,43.777394302537026,0,0.015200484132825357
EC_N-6_000,N-6_EC000,N-6 existing cluster 0,100.0,19,0.4,0,0.0,0.0,0.0,0,0.0
EC_N-6_001,N-6_EC001,N-6 existing cluster 1,160.0,7,0.4,0,0.0,0.0,0.0,0,0.0
EC_N-6_002,N-6_EC002,N-6 existing cluster 2,100.0,8,0.4,0,0.0,0.0,0.0,0,0.0
EC_N-6_003,N-6_EC003,N-6 existing cluster 3,150.0,20,0.4,0,0.0,0.0,0.0,0,0.0
EC_N-6_004,N-6_EC004,N-6 existing cluster 4,50.0,12,0.4,0,0.0,0.0,0.0,0,0.0
EC_N-6_005,N-6_EC005,N-6 existing cluster 5,50.0,12,0.4,0,0.0,0.0,0.0,0,0.0
EC_N-6_006,N-6_EC006,N-6 existing cluster 6,50.0,9,0.4,3,66.51987750025987,0.0,79.82385300031186,0,0.003079623958345365
EC_N-6_007,N-6_EC007,N-6 existing cluster 7,100.0,11,0.4,2,41.54799267163493,0.0,24.928795602980962,0,0.0007868938005991465
EC_N-6_008,N-6_EC008,N-6 existing cluster 8,50.0,11,0.4,9,194.31071964542525,0.0,233.17286357451022,0,0.007360254532023681
EC_N-6_009,N-6_EC009,N-6 existing cluster 9,50.0,17,0.4,0,0.0,0.0,0.0,0,0.0
EC_N-6_010,N-6_EC010,N-6 existing cluster 10,50.0,14,0.4,0,0.0,0.0,0.0,0,0.0
EC_N-6_011,N-6_EC011,N-6 existing cluster 11,250.0,29,0.4,0,0.0,0.0,0.0,0,0.0
EC_N-6_012,N-6_EC012,N-6 existing cluster 12,150.0,18,0.4,6,126.85107117780535,0.0,61.86398667475256,0,0.001193363940485196
EC_N-6_013,N-6_EC013,N-6 existing cluster 13,150.0,21,0.4,0,0.0,0.0,0.0,0,0.0
EC_N-6_014,N-6_EC014,N-6 existing cluster 14,150.0,14,0.4,0,0.0,0.0,0.0,0,0.0
EC_N-6_015,N-6_EC015,N-6 existing cluster 15,180.0,9,0.4,0,0.0,0.0,0.0,0,0.0
EC_N-601_000,N-601_EC000,N-601 existing cluster 0,50.0,8,0.4,0,0.0,0.0,0.0,0,0.0
EC_N-601_001,N-601_EC001,N-601 existing cluster 1,50.0,7,0.4,0,0.0,0.0,0.0,0,0.0
EC_N-601_002,N-601_EC002,N-601 existing cluster 2,170.0,12,0.4,0,0.0,0.0,0.0,0,0.0
EC_N-601_003,N-601_EC003,N-601 existing cluster 3,50.0,6,0.4,0,0.0,0.0,0.0,0,0.0
EC_N-601_004,N-601_EC004,N-601 existing cluster 4,50.0,6,0.4,0,0.0,0.0,0.0,0,0.0
EC_N-601_005,N-601_EC005,N-601 existing cluster 5,50.0,7,0.4,0,0.0,0.0,0.0,0,0.0
EC_N-601_006,N-601_EC006,N-601 existing cluster 6,60.0,26,0.4,0,0.0,0.0,0.0,0,0.0
EC_N-601_007,N-601_EC007,N-601 existing cluster 7,200.0,5,0.4,0,0.0,0.0,0.0,0,0.0
EC_N-601_008,N-601_EC008,N-601 existing cluster 8,22.0,8,0.4,0,0.0,0.0,0.0,0,0.0
EC_N-601_009,N-601_EC009,N-601 existing cluster 9,7.0,6,0.4,0,0.0,0.0,0.0,0,0.0
EC_N-601_010,N-601_EC010,N-601 existing cluster 10,22.0,8,0.4,0,0.0,0.0,0.0,0,0.0
EC_N-601_011,N-601_EC011,N-601 existing cluster 11,100.0,4,0.4,0,0.0,0.0,0.0,0,0.0
EC_N-601_012,N-601_EC012,N-601 existing cluster 12,100.0,9,0.4,0,0.0,0.0,0.0,0,0.0
EC_N-601_013,N-601_EC013,N-601 existing cluster 13,100.0,6,0.4,1,25.62754250119198,0.0,15.376525500715188,0,0.0008898452257358326
EC_N-601_014,N-601_EC014,N-601 existing cluster 14,60.0,8,0.4,0,0.0,0.0,0.0,0,0.0
EC_N-601_015,N-601_EC015,N-601 existing cluster 15,50.0,8,0.4,0,0.0,0.0,0.0,0,0.0
EC_N-611_000,N-611_EC000,N-611 existing cluster 0,50.0,7,0.4,0,0.0,0.0,0.0,0,0.0
EC_N-611_001,N-611_EC001,N-611 existing cluster 1,150.0,15,0.4,0,0.0,0.0,0.0,0,0.0
EC_N-611_002,N-611_EC002,N-611 existing cluster 2,50.0,10,0.4,0,0.0,0.0,0.0,0,0.0
EC_N-611_003,N-611_EC003,N-611 existing cluster 3,180.0,6,0.4,0,0.0,0.0,0.0,0,0.0
EC_N-611_004,N-611_EC004,N-611 existing cluster 4,60.0,7,0.4,0,0.0,0.0,0.0,0,0.0
EC_N-611_005,N-611_EC005,N-611 existing cluster 5,22.17,14,0.4,0,0.0,0.0,0.0,0,0.0
EC_N-611_006,N-611_EC006,N-611 existing cluster 6,7.36,2,0.4,0,0.0,0.0,0.0,0,0.0
EC_N-611_007,N-611_EC007,N-611 existing cluster 7,50.0,12,0.4,0,0.0,0.0,0.0,0,0.0
EC_N-611_008,N-611_EC008,N-611 existing cluster 8,50.0,5,0.4,0,0.0,0.0,0.0,0,0.0
EC_N-611_009,N-611_EC009,N-611 existing cluster 9,22.0,6,0.4,0,0.0,0.0,0.0,0,0.0
EC_N-611_010,N-611_EC010,N-611 existing cluster 10,100.0,28,0.4,0,0.0,0.0,0.0,0,0.0
EC_N-611_011,N-611_EC011,N-611 existing cluster 11,150.0,8,0.4,0,0.0,0.0,0.0,0,0.0
EC_N-611_012,N-611_EC012,N-611 existing cluster 12,22.0,13,0.4,0,0.0,0.0,0.0,0,0.0
EC_N-611_013,N-611_EC013,N-611 existing cluster 13,50.0,6,0.4,0,0.0,0.0,0.0,0,0.0
EC_N-611_014,N-611_EC014,N-611 existing cluster 14,50.0,8,0.4,0,0.0,0.0,0.0,0,0.0
EC_N-611_015,N-611_EC015,N-611 existing cluster 15,50.0,7,0.4,0,0.0,0.0,0.0,0,0.0
EC_N-620_000,N-620_EC000,N-620 existing cluster 0,100.0,4,0.4,2,66.7365166380652,0.0,40.04346785389254,0,0.0034759954734281716
EC_N-620_001,N-620_EC001,N-620 existing cluster 1,100.0,4,0.4,4,102.92477742139538,0.0,62.643253549611416,0,0.005437782426181546
EC_N-620_002,N-620_EC002,N-620 existing cluster 2,100.0,4,0.4,1,7.268126991688625,0.0,4.360876195013176,0,0.00037854828081711596
EC_N-620_003,N-620_EC003,N-620 existing cluster 3,90.0,2,0.4,0,0.0,0.0,0.0,0,0.0
EC_N-620_004,N-620_EC004,N-620 existing cluster 4,100.0,4,0.4,0,0.0,0.0,0.0,0,0.0
EC_N-620_005,N-620_EC005,N-620 existing cluster 5,360.0,12,0.4,0,0.0,0.0,0.0,0,0.0
EC_N-620A_000,N-620A_EC000,N-620A existing cluster 0,22.0,2,0.4,0,0.0,0.0,0.0,0,0.0
EC_N-620A_001,N-620A_EC001,N-620A existing cluster 1,50.0,6,0.4,0,0.0,0.0,0.0,0,0.0
EC_N-620A_002,N-620A_EC002,N-620A existing cluster 2,50.0,3,0.4,0,0.0,0.0,0.0,0,0.0
EC_N-620A_003,N-620A_EC003,N-620A existing cluster 3,20.0,2,0.4,0,0.0,0.0,0.0,0,0.0
EC_N-623_000,N-623_EC000,N-623 existing cluster 0,22.0,4,0.4,11,307.3016211001098,0.0,838.0953302730268,0,0.07275133075286691
EC_N-623_001,N-623_EC001,N-623 existing cluster 1,150.0,8,0.4,1,39.31399714785165,0.0,15.72559885914066,0,0.0006825346727057578
EC_N-623_002,N-623_EC002,N-623 existing cluster 2,120.0,2,0.4,2,75.03243812100106,0.0,40.48724631132026,0,0.007029035817937545
EC_N-623_003,N-623_EC003,N-623 existing cluster 3,100.0,4,0.4,7,270.3661045123615,0.0,170.52665209762162,0,0.014802660772362988
EC_N-623_004,N-623_EC004,N-623 existing cluster 4,200.0,8,0.4,0,0.0,0.0,0.0,0,0.0
EC_N-623_005,N-623_EC005,N-623 existing cluster 5,11.0,6,0.4,0,0.0,0.0,0.0,0,0.0
EC_N-623_006,N-623_EC006,N-623 existing cluster 6,150.0,2,0.4,0,0.0,0.0,0.0,0,0.0
EC_N-623_007,N-623_EC007,N-623 existing cluster 7,60.0,1,0.4,0,0.0,0.0,0.0,0,0.0
EC_N-623_008,N-623_EC008,N-623 existing cluster 8,50.0,2,0.4,0,0.0,0.0,0.0,0,0.0
EC_N-623_009,N-623_EC009,N-623 existing cluster 9,50.0,3,0.4,11,271.6396432064917,0.0,325.9675718477901,0,0.037727728223123855
EC_N-632_000,N-632_EC000,N-632 existing cluster 0,60.0,5,0.4,0,0.0,0.0,0.0,0,0.0
EC_N-632_001,N-632_EC001,N-632 existing cluster 1,50.0,5,0.4,0,0.0,0.0,0.0,0,0.0
EC_N-632_002,N-632_EC002,N-632 existing cluster 2,150.0,6,0.4,0,0.0,0.0,0.0,0,0.0
EC_N-632_003,N-632_EC003,N-632 existing cluster 3,60.0,2,0.4,0,0.0,0.0,0.0,0,0.0
EC_N-632_004,N-632_EC004,N-632 existing cluster 4,120.0,10,0.4,0,0.0,0.0,0.0,0,0.0
EC_N-632_005,N-632_EC005,N-632 existing cluster 5,60.0,4,0.4,0,0.0,0.0,0.0,0,0.0
EC_N-632_006,N-632_EC006,N-632 existing cluster 6,7.4,1,0.4,0,0.0,0.0,0.0,0,0.0
EC_N-632_007,N-632_EC007,N-632 existing cluster 7,150.0,6,0.4,0,0.0,0.0,0.0,0,0.0
EC_N-632_008,N-632_EC008,N-632 existing cluster 8,120.0,9,0.4,0,0.0,0.0,0.0,0,0.0
EC_N-632_009,N-632_EC009,N-632 existing cluster 9,50.0,3,0.4,0,0.0,0.0,0.0,0,0.0
EC_N-632_010,N-632_EC010,N-632 existing cluster 10,15.0,2,0.4,0,0.0,0.0,0.0,0,0.0
EC_N-632_011,N-632_EC011,N-632 existing cluster 11,15.0,2,0.4,0,0.0,0.0,0.0,0,0.0
EC_N-632_012,N-632_EC012,N-632 existing cluster 12,15.0,1,0.4,0,0.0,0.0,0.0,0,0.0
EC_N-632_013,N-632_EC013,N-632 existing cluster 13,50.0,4,0.4,0,0.0,0.0,0.0,0,0.0
EC_N-632_014,N-632_EC014,N-632 existing cluster 14,50.0,4,0.4,0,0.0,0.0,0.0,0,0.0
EC_N-632_015,N-632_EC015,N-632 existing cluster 15,22.17,2,0.4,0,0.0,0.0,0.0,0,0.0
EC_N-632A_000,N-632A_EC000,N-632A existing cluster 0,15.0,1,0.4,0,0.0,0.0,0.0,0,0.0
EC_N-632A_001,N-632A_EC001,N-632A existing cluster 1,15.0,1,0.4,0,0.0,0.0,0.0,0,0.0
EC_N-632A_002,N-632A_EC002,N-632A existing cluster 2,7.4,2,0.4,0,0.0,0.0,0.0,0,0.0
EC_N-632A_003,N-632A_EC003,N-632A existing cluster 3,7.4,2,0.4,0,0.0,0.0,0.0,0,0.0
EC_N-632A_004,N-632A_EC004,N-632A existing cluster 4,50.0,3,0.4,0,0.0,0.0,0.0,0,0.0
EC_N-632A_005,N-632A_EC005,N-632A existing cluster 5,15.0,1,0.4,0,0.0,0.0,0.0,0,0.0
EC_N-632A_006,N-632A_EC006,N-632A existing cluster 6,15.0,1,0.4,0,0.0,0.0,0.0,0,0.0
EC_N-632A_007,N-632A_EC007,N-632A existing cluster 7,120.0,3,0.4,0,0.0,0.0,0.0,0,0.0
EC_N-632A_008,N-632A_EC008,N-632A existing cluster 8,22.0,4,0.4,0,0.0,0.0,0.0,0,0.0
EC_N-632A_009,N-632A_EC009,N-632A existing cluster 9,50.0,3,0.4,0,0.0,0.0,0.0,0,0.0
EC_N-633_000,N-633_EC000,N-633 existing cluster 0,15.0,3,0.4,14,390.5975534840466,37.02823610864334,1586.8883084598176,1,0.18366762829396038
EC_N-633_001,N-633_EC001,N-633 existing cluster 1,7.36,2,0.4,0,0.0,0.0,0.0,0,0.0
EC_N-633_002,N-633_EC002,N-633 existing cluster 2,7.36,4,0.4,0,0.0,0.0,0.0,0,0.0
EC_N-633_003,N-633_EC003,N-633 existing cluster 3,7.36,2,0.4,0,0.0,0.0,0.0,0,0.0
EC_N-633_004,N-633_EC004,N-633 existing cluster 4,22.17,2,0.4,0,0.0,0.0,0.0,0,0.0
EC_N-633_005,N-633_EC005,N-633 existing cluster 5,50.0,7,0.4,0,0.0,0.0,0.0,0,0.0
EC_N-633_006,N-633_EC006,N-633 existing cluster 6,7.36,6,0.4,0,0.0,0.0,0.0,0,0.0
EC_N-633_007,N-633_EC007,N-633 existing cluster 7,22.0,8,0.4,0,0.0,0.0,0.0,0,0.0
EC_N-633_008,N-633_EC008,N-633 existing cluster 8,50.0,4,0.4,0,0.0,0.0,0.0,0,0.0
EC_N-633_009,N-633_EC009,N-633 existing cluster 9,50.0,5,0.4,0,0.0,0.0,0.0,0,0.0
EC_N-633_010,N-633_EC010,N-633 existing cluster 10,7.4,10,0.4,0,0.0,0.0,0.0,0,0.0
EC_N-633_011,N-633_EC011,N-633 existing cluster 11,100.0,6,0.4,0,0.0,0.0,0.0,0,0.0
EC_N-633_012,N-633_EC012,N-633 existing cluster 12,22.0,4,0.4,0,0.0,0.0,0.0,0,0.0
EC_N-633_013,N-633_EC013,N-633 existing cluster 13,22.0,4,0.4,0,0.0,0.0,0.0,0,0.0
EC_N-633_014,N-633_EC014,N-633 existing cluster 14,7.4,4,0.4,0,0.0,0.0,0.0,0,0.0
EC_N-633_015,N-633_EC015,N-633 existing cluster 15,7.36,4,0.4,0,0.0,0.0,0.0,0,0.0
EC_N-634_000,N-634_EC000,N-634 existing cluster 0,55.0,32,0.4,4,73.80000324286786,0.0,80.50909444676495,0,0.0008735795838407655
EC_N-634_001,N-634_EC001,N-634 existing cluster 1,150.0,37,0.4,0,0.0,0.0,0.0,0,0.0
EC_N-634_002,N-634_EC002,N-634 existing cluster 2,50.0,33,0.4,0,0.0,0.0,0.0,0,0.0
EC_N-634_003,N-634_EC003,N-634 existing cluster 3,50.0,45,0.4,0,0.0,0.0,0.0,0,0.0
EC_N-634_004,N-634_EC004,N-634 existing cluster 4,320.0,45,0.4,0,0.0,0.0,0.0,0,0.0
EC_N-634_005,N-634_EC005,N-634 existing cluster 5,320.0,38,0.4,0,0.0,0.0,0.0,0,0.0
EC_N-634_006,N-634_EC006,N-634 existing cluster 6,150.0,22,0.4,2,34.41749380883257,0.0,13.766997523533028,0,0.000217282157884044
EC_N-634_007,N-634_EC007,N-634 existing cluster 7,50.0,25,0.4,1,18.771666135290637,0.0,22.525999362348767,0,0.00031286110225484397
EC_N-634_008,N-634_EC008,N-634 existing cluster 8,360.0,33,0.4,6,165.79175805170144,0.0,62.89796353765246,0,0.0006618051719029089
EC_N-634_009,N-634_EC009,N-634 existing cluster 9,150.0,25,0.4,1,32.113917351062106,0.0,14.82180800818251,0,0.0002058584445580904
EC_N-634_010,N-634_EC010,N-634 existing cluster 10,100.0,27,0.4,4,128.12013323038877,0.0,76.87207993823327,0,0.0009885812749258394
EC_N-634_011,N-634_EC011,N-634 existing cluster 11,200.0,29,0.4,1,45.22632660382353,0.0,13.567897981147059,0,0.00016245088578959601
EC_N-634_012,N-634_EC012,N-634 existing cluster 12,110.0,23,0.4,11,297.90487085247,0.0,164.56547579528532,0,0.0024843821828998388
EC_N-634_013,N-634_EC013,N-634 existing cluster 13,150.0,22,0.4,10,321.41440846152375,0.0,144.65033134708858,0,0.0022829913407053123
EC_N-634_014,N-634_EC014,N-634 existing cluster 14,360.0,34,0.4,15,349.75186118944237,0.0,141.50367680577665,0,0.0014450947386210852
EC_N-634_015,N-634_EC015,N-634 existing cluster 15,100.0,19,0.4,0,0.0,0.0,0.0,0,0.0
EC_N-640_000,N-640_EC000,N-640 existing cluster 0,100.0,3,0.4,0,0.0,0.0,0.0,0,0.0
EC_N-640_001,N-640_EC001,N-640 existing cluster 1,120.0,4,0.4,0,0.0,0.0,0.0,0,0.0
EC_N-640_002,N-640_EC002,N-640 existing cluster 2,22.0,4,0.4,0,0.0,0.0,0.0,0,0.0
EC_N-640_003,N-640_EC003,N-640 existing cluster 3,50.0,5,0.4,0,0.0,0.0,0.0,0,0.0
EC_N-640_004,N-640_EC004,N-640 existing cluster 4,100.0,2,0.4,0,0.0,0.0,0.0,0,0.0
EC_N-640_005,N-640_EC005,N-640 existing cluster 5,175.0,5,0.4,0,0.0,0.0,0.0,0,0.0
EC_N-640_006,N-640_EC006,N-640 existing cluster 6,22.0,2,0.4,0,0.0,0.0,0.0,0,0.0
EC_N-640_007,N-640_EC007,N-640 existing cluster 7,50.0,2,0.4,0,0.0,0.0,0.0,0,0.0
EC_N-640_008,N-640_EC008,N-640 existing cluster 8,150.0,5,0.4,0,0.0,0.0,0.0,0,0.0
EC_N-640_009,N-640_EC009,N-640 existing cluster 9,22.17,2,0.4,0,0.0,0.0,0.0,0,0.0
EC_N-640_010,N-640_EC010,N-640 existing cluster 10,180.0,4,0.4,0,0.0,0.0,0.0,0,0.0
EC_N-640_011,N-640_EC011,N-640 existing cluster 11,22.0,6,0.4,0,0.0,0.0,0.0,0,0.0
EC_N-640_012,N-640_EC012,N-640 existing cluster 12,22.0,2,0.4,0,0.0,0.0,0.0,0,0.0
EC_N-640_013,N-640_EC013,N-640 existing cluster 13,26.0,7,0.4,0,0.0,0.0,0.0,0,0.0
EC_N-640_014,N-640_EC014,N-640 existing cluster 14,22.0,2,0.4,0,0.0,0.0,0.0,0,0.0
EC_N-640_015,N-640_EC015,N-640 existing cluster 15,22.0,6,0.4,0,0.0,0.0,0.0,0,0.0
EC_N-641_000,N-641_EC000,N-641 existing cluster 0,50.0,14,0.4,0,0.0,0.0,0.0,0,0.0
EC_N-641_001,N-641_EC001,N-641 existing cluster 1,120.0,7,0.4,0,0.0,0.0,0.0,0,0.0
EC_N-641_002,N-641_EC002,N-641 existing cluster 2,100.0,16,0.4,0,0.0,0.0,0.0,0,0.0
EC_N-641_003,N-641_EC003,N-641 existing cluster 3,22.0,3,0.4,0,0.0,0.0,0.0,0,0.0
EC_N-641_004,N-641_EC004,N-641 existing cluster 4,150.0,5,0.4,0,0.0,0.0,0.0,0,0.0
EC_N-641_005,N-641_EC005,N-641 existing cluster 5,22.0,4,0.4,0,0.0,0.0,0.0,0,0.0
EC_N-641_006,N-641_EC006,N-641 existing cluster 6,60.0,6,0.4,0,0.0,0.0,0.0,0,0.0
EC_N-641_007,N-641_EC007,N-641 existing cluster 7,50.0,4,0.4,0,0.0,0.0,0.0,0,0.0
EC_N-641_008,N-641_EC008,N-641 existing cluster 8,22.0,7,0.4,0,0.0,0.0,0.0,0,0.0
EC_N-641_009,N-641_EC009,N-641 existing cluster 9,22.0,10,0.4,0,0.0,0.0,0.0,0,0.0
EC_N-641_010,N-641_EC010,N-641 existing cluster 10,22.0,5,0.4,0,0.0,0.0,0.0,0,0.0
EC_N-641_011,N-641_EC011,N-641 existing cluster 11,7.4,4,0.4,0,0.0,0.0,0.0,0,0.0
EC_N-641_012,N-641_EC012,N-641 existing cluster 12,22.0,4,0.4,0,0.0,0.0,0.0,0,0.0
EC_N-641_013,N-641_EC013,N-641 existing cluster 13,7.4,3,0.4,0,0.0,0.0,0.0,0,0.0
EC_N-641_014,N-641_EC014,N-641 existing cluster 14,50.0,5,0.4,0,0.0,0.0,0.0,0,0.0
EC_N-641_015,N-641_EC015,N-641 existing cluster 15,50.0,22,0.4,0,0.0,0.0,0.0,0,0.0
